source,competition_id,competition_source_id,season_id,season_name,match_id,team_id,team_source_id,player_source_id,minutes_played,touches,progressive_carries,progressive_passes,progressive_actions_per90,pass_completion_pct,dribble_success_pct,touch_quality,pressure_actions_per90,sprints_per90,tackles_won_per90,interceptions_per90,ball_recoveries_per90,xg,xa,xg_xa_per90,shot_creation_actions,final_third_entries,aerial_duel_win_pct,pressure_regains
statsbomb,1,43,1,2022,1,1,776,,97.83333333333333,0,0,0,0.0,0.0,0.0,0.0,0.0,0.0,0.0,0.0,0.0,0.0,0.0,0.0,0,0,0.0,0
statsbomb,1,43,1,2022,1,1,776,16190,95.98333333333333,142,1,23,22.50390692828616,77.58620689655173,0.0,0.014084507042253521,11.25195346414308,0.93766278867859,0.93766278867859,0.93766278867859,0.93766278867859,0.0,0.0,0.0,31,9,0.0,2
statsbomb,1,43,1,2022,1,1,776,16554,95.98333333333333,141,5,12,15.94026740753603,84.61538461538461,0.0,0.028368794326241134,6.5636395207501295,2.81298836603577,0.93766278867859,0.0,2.81298836603577,0.028684001,0.0,0.026895920368119466,24,6,0.0,1
statsbomb,1,43,1,2022,1,1,776,17042,64.98333333333333,92,3,4,9.694793536804308,71.42857142857143,0.0,0.021739130434782608,12.464734547319825,2.7699410105155167,0.0,0.0,0.0,0.0,0.0,0.0,22,4,0.0,2
statsbomb,1,43,1,2022,1,1,776,18722,30.95,92,1,11,34.894991922455574,87.5,0.0,0.010869565217391304,8.723747980613894,2.9079159935379644,0.0,0.0,0.0,0.02872357,0.0,0.08352572859450727,12,8,0.0,0
statsbomb,1,43,1,2022,1,1,776,24443,52.983333333333334,80,3,10,22.08241585404215,78.57142857142857,0.0,0.0,6.794589493551431,1.6986473733878578,0.0,3.3972947467757155,3.3972947467757155,0.0,0.0,0.0,15,6,0.0,1
statsbomb,1,43,1,2022,1,1,776,27569,30.966666666666665,17,0,0,0.0,75.0,0.0,0.11764705882352941,11.625403659849301,0.0,0.0,0.0,2.9063509149623252,0.0,0.0,0.0,1,0,0.0,1
statsbomb,1,43,1,2022,1,1,776,3043,96.98333333333333,231,2,10,11.135934009279946,83.75,20.0,0.025974025974025976,9.279945007733287,1.8559890015466576,0.0,0.0,3.711978003093315,0.08509644,0.0,0.07896902835538752,31,6,0.0,1
statsbomb,1,43,1,2022,1,1,776,3570,88.98333333333333,216,0,25,25.285634013860275,91.8918918918919,0.0,0.009259259259259259,9.102828244989698,1.011425360554411,0.0,1.011425360554411,5.057126802772055,0.008709067,0.0,0.008808571230567521,16,10,0.0,3
statsbomb,1,43,1,2022,1,1,776,3815,94.98333333333333,58,0,19,18.003158448850677,79.3103448275862,0.0,0.0,0.0,0.0,0.0,0.0,6.6327425864186695,0.0,0.0,0.0,6,5,0.0,0
statsbomb,1,43,1,2022,1,1,776,3959,94.98333333333333,228,1,16,16.10808913844534,97.5609756097561,0.0,0.0043859649122807015,3.7901386208106684,2.842603965608001,0.0,1.8950693104053342,2.842603965608001,0.27134958,0.0,0.2571131307246885,6,4,0.0,0
statsbomb,1,43,1,2022,1,1,776,5527,44.983333333333334,88,1,10,22.008151167098926,83.87096774193549,0.0,0.0,22.008151167098926,0.0,0.0,0.0,6.002223045572434,0.0,0.0,0.0,10,5,0.0,3
statsbomb,1,43,1,2022,1,1,776,5534,62.983333333333334,149,3,20,32.865837523154276,90.9090909090909,0.0,0.0,5.715797830113787,1.4289494575284467,0.0,2.8578989150568934,4.28684837258534,0.0,0.0,0.0,6,5,0.0,1
statsbomb,1,43,1,2022,1,1,776,5732,28.95,32,1,0,3.1088082901554404,75.0,100.0,0.125,15.544041450777202,3.1088082901554404,0.0,0.0,6.217616580310881,0.735790536,0.0,2.287431718134715,4,0,0.0,0
statsbomb,1,43,1,2022,1,1,776,6302,64.95,48,1,1,2.771362586605081,90.9090909090909,0.0,0.08333333333333333,20.785219399538107,0.0,0.0,0.0,2.771362586605081,0.380551344,0.0,0.5273228785219399,6,1,0.0,1
statsbomb,1,43,1,2022,1,1,776,8247,94.96666666666667,200,6,28,32.22183222183222,79.48717948717949,0.0,0.005,11.372411372411372,7.581607581607582,0.9477009477009477,1.8954018954018954,7.581607581607582,0.02765422,0.0,0.0262079305019305,17,8,0.0,1
statsbomb,1,43,1,2022,1,2,777,,97.83333333333333,0,0,0,0.0,0.0,0.0,0.0,0.0,0.0,0.0,0.0,0.0,0.0,0.0,0.0,0,0,0.0,0
statsbomb,1,43,1,2022,1,2,777,105943,95.98333333333333,82,1,23,22.50390692828616,68.42105263157895,0.0,0.0,0.0,1.87532557735718,0.0,0.0,5.62597673207154,0.0,0.0,0.0,7,7,0.0,0
statsbomb,1,43,1,2022,1,2,777,105944,8.9,1,0,0,0.0,100.0,0.0,0.0,30.33707865168539,0.0,0.0,10.112359550561797,0.0,0.0,0.0,0.0,0,0,0.0,0
statsbomb,1,43,1,2022,1,2,777,128793,15.766666666666667,9,0,2,11.416490486257928,50.0,0.0,0.0,11.416490486257928,0.0,0.0,0.0,0.0,0.0,0.0,0.0,2,2,0.0,0
statsbomb,1,43,1,2022,1,2,777,16352,79.98333333333333,98,0,3,3.375703271514899,83.33333333333334,50.0,0.030612244897959183,22.504688476765992,0.0,1.1252344238382996,0.0,3.375703271514899,0.5930872340000001,0.0,0.6673621720358409,5,1,0.0,4
statsbomb,1,43,1,2022,1,2,777,23910,79.98333333333333,91,5,8,14.628047509897895,76.0,100.0,0.01098901098901099,10.127109814544697,5.626172119191498,0.0,1.1252344238382996,4.5009376953531985,0.139569514,0.0,0.1570484216711815,10,6,0.0,1
statsbomb,1,43,1,2022,1,2,777,30681,95.98333333333333,105,2,20,20.62858135092898,61.36363636363637,50.0,0.01904761904761905,14.06494183017885,1.87532557735718,0.93766278867859,1.87532557735718,3.75065115471436,0.0,0.0,0.0,14,9,0.0,5
statsbomb,1,43,1,2022,1,2,777,32450,93.96666666666667,114,0,14,13.409010287335935,84.78260869565217,0.0,0.0,6.7045051436679675,0.0,0.0,1.9155728981908478,4.7889322454771195,0.0,0.0,0.0,3,1,0.0,1
statsbomb,1,43,1,2022,1,2,777,3557,27.916666666666668,36,1,1,6.447761194029851,60.0,100.0,0.05555555555555555,9.671641791044776,6.447761194029851,0.0,3.2238805970149254,9.671641791044776,0.0,0.0,0.0,7,1,0.0,0
statsbomb,1,43,1,2022,1,2,777,35592,66.98333333333333,71,2,5,9.405324707638716,70.83333333333334,100.0,0.014084507042253521,14.779795969146553,1.3436178153769593,0.0,0.0,2.6872356307539187,0.0,0.0,0.0,13,4,0.0,0
statsbomb,1,43,1,2022,1,2,777,3767,93.98333333333333,90,0,11,10.533782585564817,85.71428571428571,100.0,0.0,20.109948572441922,0.9576165986877105,0.0,0.0,8.618549388189395,0.10099208700000001,0.0,0.09671169884731336,2,1,0.0,2
statsbomb,1,43,1,2022,1,2,777,44955,87.98333333333333,122,3,11,14.320894108732714,82.22222222222221,50.0,0.01639344262295082,9.206289069899602,4.09168403106649,1.0229210077666224,3.0687630232998675,7.160447054366357,0.06712157,0.0,0.0686600640272779,9,6,0.0,2
statsbomb,1,43,1,2022,1,2,777,50988,9.816666666666666,7,0,0,0.0,100.0,0.0,0.0,9.168081494057725,0.0,0.0,9.168081494057725,0.0,0.0,0.0,0.0,0,0,0.0,0
statsbomb,1,43,1,2022,1,2,777,5650,7.566666666666666,6,0,2,23.78854625550661,50.0,0.0,0.0,35.68281938325991,0.0,0.0,0.0,0.0,0.0,0.0,0.0,0,0,0.0,0
statsbomb,1,43,1,2022,1,2,777,5651,97.96666666666667,141,0,20,18.373596461381425,84.90566037735849,0.0,0.0,8.26811840762164,2.7560394692072134,0.0,0.0,0.9186798230690711,0.046073906,0.0,0.042327167812181016,4,4,0.0,1
statsbomb,1,43,1,2022,1,2,777,5655,93.98333333333333,107,1,18,18.1947153750665,75.60975609756098,0.0,0.009345794392523364,2.8728497960631314,0.9576165986877105,0.9576165986877105,0.0,4.788082993438553,0.059058707,0.0,0.056555598120234085,10,8,0.0,1
statsbomb,1,43,1,2022,1,2,777,9236,87.98333333333333,86,0,8,8.18336806213298,77.41935483870968,0.0,0.046511627906976744,14.320894108732714,0.0,1.0229210077666224,1.0229210077666224,2.045842015533245,0.0540321,0.0,0.05527057018374692,7,2,0.0,2
statsbomb,1,43,1,2022,2,4,772,,97.91666666666667,0,0,0,0.0,0.0,0.0,0.0,0.0,0.0,0.0,0.0,0.0,0.0,0.0,0.0,0,0,0.0,0
statsbomb,1,43,1,2022,2,4,772,11748,94.91666666666667,88,0,17,16.119402985074625,100.0,0.0,0.0,0.0,0.948200175592625,0.0,0.0,1.89640035118525,0.0,0.0,0.0,0,0,0.0,0
statsbomb,1,43,1,2022,2,4,772,133353,67.95,136,3,2,6.62251655629139,91.11111111111111,33.33333333333333,0.022058823529411766,14.569536423841058,3.9735099337748343,1.324503311258278,0.0,5.298013245033112,0.0,0.0,0.0,10,3,0.0,4
statsbomb,1,43,1,2022,2,4,772,16532,94.98333333333333,165,5,6,10.422881207229338,78.72340425531915,42.857142857142854,0.04242424242424243,11.370415862432004,4.737673276013336,0.0,0.0,3.7901386208106684,0.252609837,0.0,0.23935657480259695,27,4,0.0,5
statsbomb,1,43,1,2022,2,4,772,30486,96.98333333333333,384,4,37,38.04777453170648,89.92248062015504,0.0,0.0078125,13.919917511599932,3.711978003093315,0.9279945007733288,0.9279945007733288,10.207939508506616,0.0,0.0,0.0,65,27,0.0,4
statsbomb,1,43,1,2022,2,4,772,30756,27.966666666666665,62,0,0,0.0,85.0,0.0,0.016129032258064516,3.2181168057210967,0.0,0.0,0.0,6.436233611442193,0.0,0.0,0.0,17,0,0.0,0
statsbomb,1,43,1,2022,2,4,772,3477,55.983333333333334,55,1,2,4.822863947603453,73.33333333333333,0.0,0.0,11.253349211074726,1.6076213158678179,1.6076213158678179,0.0,1.6076213158678179,0.49576616999999995,0.0,0.7970042625781482,6,1,0.0,1
statsbomb,1,43,1,2022,2,4,772,39161,67.98333333333333,171,2,9,14.562392743319442,92.06349206349206,0.0,0.011695906432748537,13.238538857563128,2.647707771512626,2.647707771512626,2.647707771512626,1.323853885756313,0.0,0.0,0.0,11,4,0.0,2
statsbomb,1,43,1,2022,2,4,772,3957,45.983333333333334,203,6,15,41.101848495831824,97.26027397260275,100.0,0.0,3.9144617615077926,9.786154403769482,0.0,0.0,0.0,0.0,0.0,0.0,13,9,0.0,0
statsbomb,1,43,1,2022,2,4,772,5203,93.98333333333333,194,5,14,18.1947153750665,93.24324324324324,0.0,0.005154639175257732,9.576165986877106,1.915233197375421,0.0,0.9576165986877105,4.788082993438553,0.03268242,0.0,0.0312972278772832,23,10,0.0,2
statsbomb,1,43,1,2022,2,4,772,5211,28.983333333333334,147,2,4,18.63139735480161,87.5,0.0,0.0,3.105232892466935,0.0,0.0,0.0,12.42093156986774,0.0241939,0.0,0.07512769407705579,32,1,0.0,1
statsbomb,1,43,1,2022,2,4,772,5719,37.983333333333334,99,0,4,9.477841158402809,68.96551724137932,0.0,0.010101010101010102,2.369460289600702,7.108380868802106,0.0,0.0,0.0,0.052459881,0.0,0.12430160482667837,20,2,0.0,0
statsbomb,1,43,1,2022,2,4,772,5721,50.983333333333334,149,0,15,26.47924158221641,93.44262295081968,0.0,0.0,8.826413860738803,0.0,0.0,1.7652827721477606,10.591696632886563,0.0,0.0,0.0,30,11,0.0,2
statsbomb,1,43,1,2022,2,4,772,6748,40.96666666666667,65,2,0,4.393816110659072,76.47058823529412,50.0,0.03076923076923077,6.590724165988608,6.590724165988608,2.196908055329536,0.0,2.196908055329536,0.0,0.0,0.0,12,0,0.0,1
statsbomb,1,43,1,2022,2,4,772,6765,96.98333333333333,584,19,60,73.31156556109298,97.16981132075472,0.0,0.0,1.8559890015466576,17.631895514693248,0.0,1.8559890015466576,7.42395600618663,0.0,0.0,0.0,40,24,0.0,2
statsbomb,1,43,1,2022,2,4,772,68574,56.96666666666667,89,2,2,6.319485078993563,92.0,33.33333333333333,0.033707865168539325,11.059098888238735,3.1597425394967815,0.0,0.0,3.1597425394967815,0.0,0.0,0.0,8,2,0.0,2
statsbomb,1,43,1,2022,2,4,772,6892,96.98333333333333,537,22,47,64.03162055335969,90.52631578947368,0.0,0.0,1.8559890015466576,15.77590651314659,0.0,1.8559890015466576,4.639972503866644,0.0,0.0,0.0,29,23,0.0,1
statsbomb,1,43,1,2022,2,3,778,,97.9,0,0,0,0.0,0.0,0.0,0.0,0.0,0.0,0.0,0.0,0.0,0.0,0.0,0.0,0,0,0.0,0
statsbomb,1,43,1,2022,2,3,778,23527,94.98333333333333,66,0,4,3.7901386208106684,83.33333333333334,0.0,0.06060606060606061,19.89822775925601,0.9475346552026671,0.0,0.0,3.7901386208106684,0.04214545,0.0,0.039934274434111246,7,0,0.0,3
statsbomb,1,43,1,2022,2,3,778,23721,9.916666666666666,2,0,2,18.15126050420168,50.0,0.0,0.0,27.22689075630252,0.0,0.0,0.0,0.0,0.0,0.0,0.0,0,0,0.0,0
statsbomb,1,43,1,2022,2,3,778,23730,28.9,6,0,2,6.228373702422146,25.0,0.0,0.0,18.685121107266436,0.0,0.0,0.0,0.0,0.0,0.0,0.0,2,1,0.0,0
statsbomb,1,43,1,2022,2,3,778,25719,94.98333333333333,40,0,21,19.89822775925601,52.17391304347826,0.0,0.0,0.0,0.0,0.0,0.0,2.842603965608001,0.0,0.0,0.0,7,7,0.0,0
statsbomb,1,43,1,2022,2,3,778,29595,94.98333333333333,42,0,5,4.737673276013336,88.88888888888889,0.0,0.07142857142857142,12.317950517634673,0.0,0.9475346552026671,0.9475346552026671,0.9475346552026671,0.0504811,0.0,0.047832591682751356,2,1,0.0,1
statsbomb,1,43,1,2022,2,3,778,30628,61.983333333333334,21,1,2,4.356009680021511,42.857142857142854,0.0,0.0,50.82011293358429,0.0,0.0,2.904006453347674,1.452003226673837,0.0,0.0,0.0,4,2,0.0,3
statsbomb,1,43,1,2022,2,3,778,31090,45.95,29,1,3,7.834602829162132,66.66666666666666,0.0,0.034482758620689655,52.88356909684439,3.917301414581066,0.0,0.0,1.958650707290533,0.0,0.0,0.0,5,0,0.0,1
statsbomb,1,43,1,2022,2,3,778,3300,92.98333333333333,45,1,10,10.64706936727012,81.81818181818183,0.0,0.0,8.711238573221006,0.9679153970245563,0.0,1.9358307940491126,0.9679153970245563,0.0,0.0,0.0,2,2,0.0,1
statsbomb,1,43,1,2022,2,3,778,37208,85.98333333333333,74,0,10,10.467144795503005,68.96551724137932,0.0,0.0,17.794146152355108,0.0,0.0,3.1401434386509015,1.0467144795503005,0.87261814,0.0,0.9133820422562513,6,0,0.0,0
statsbomb,1,43,1,2022,2,3,778,37211,49.95,34,3,1,7.207207207207206,72.72727272727273,0.0,0.08823529411764706,36.03603603603603,3.603603603603603,1.8018018018018016,3.603603603603603,3.603603603603603,0.0,0.0,0.0,4,3,0.0,0
statsbomb,1,43,1,2022,2,3,778,37215,94.93333333333334,66,0,13,12.32443820224719,86.66666666666667,0.0,0.0,5.688202247191011,0.0,0.0,0.0,0.9480337078651685,0.0,0.0,0.0,4,2,0.0,0
statsbomb,1,43,1,2022,2,3,778,37221,91.9,87,2,11,12.731229597388465,72.22222222222221,0.0,0.022988505747126436,22.52448313384113,1.958650707290533,0.0,2.9379760609357994,2.9379760609357994,0.0,0.0,0.0,6,3,0.0,1
statsbomb,1,43,1,2022,2,3,778,5690,45.96666666666667,31,1,3,7.8317621464829585,75.0,100.0,0.0,17.621464829586657,1.9579405366207396,0.0,0.0,0.0,0.0,0.0,0.0,5,2,0.0,0
statsbomb,1,43,1,2022,2,3,778,8361,45.983333333333334,24,1,3,7.828923523015585,28.57142857142857,100.0,0.041666666666666664,23.486770569046755,0.0,0.0,1.9572308807538963,5.871692642261689,0.027777622,0.0,0.054367219572308806,4,1,0.0,0
statsbomb,1,43,1,2022,2,3,778,8949,35.96666666666667,30,2,1,7.506950880444856,66.66666666666666,0.0,0.03333333333333333,15.013901760889713,2.5023169601482853,0.0,0.0,0.0,0.13121767,0.0,0.32834820111214086,1,1,0.0,1
statsbomb,1,43,1,2022,2,3,778,9411,68.98333333333333,57,2,5,9.132640734476928,76.92307692307693,0.0,0.0,28.702585165498913,1.3046629620681325,0.0,0.0,2.609325924136265,0.03356069,0.0,0.04378538922445035,3,2,0.0,2
statsbomb,1,43,1,2022,3,6,773,,100.96666666666667,0,0,0,0.0,0.0,0.0,0.0,0.0,0.0,0.0,0.0,0.0,0.0,0.0,0.0,0,0,0.0,0
statsbomb,1,43,1,2022,3,6,773,16022,14.966666666666667,33,4,2,36.080178173719375,80.0,100.0,0.0,12.026726057906458,24.053452115812917,0.0,0.0,12.026726057906458,0.31681746,0.0,1.9051384008908685,9,3,0.0,0
statsbomb,1,43,1,2022,3,6,773,16026,67.95,76,3,8,14.569536423841058,85.18518518518519,0.0,0.013157894736842105,9.271523178807946,2.649006622516556,0.0,1.324503311258278,3.9735099337748343,0.0,0.0,0.0,10,4,0.0,2
statsbomb,1,43,1,2022,3,6,773,17974,98.98333333333333,50,0,19,17.275635628893752,68.96551724137932,0.0,0.0,0.0,0.9092439804680923,0.0,0.0,4.546219902340462,0.0,0.0,0.0,3,3,0.0,0
statsbomb,1,43,1,2022,3,6,773,29006,2.716666666666667,3,1,0,33.12883435582822,0.0,0.0,0.3333333333333333,132.51533742331287,33.12883435582822,0.0,0.0,33.12883435582822,0.0,0.0,0.0,0,0,0.0,0
statsbomb,1,43,1,2022,3,6,773,30401,82.96666666666667,74,5,8,14.102049015668944,73.91304347826086,0.0,0.02702702702702703,6.50863800723182,4.339092004821214,0.0,0.0,3.25431900361591,0.0683221,0.0,0.07411396946564885,15,5,0.0,1
statsbomb,1,43,1,2022,3,6,773,3500,97.98333333333333,146,5,19,22.0445654022793,91.22807017543859,0.0,0.00684931506849315,5.511141350569825,6.429664908998129,1.8370471168566083,1.8370471168566083,3.6740942337132165,0.150858323,0.0,0.13856692366048648,15,10,0.0,0
statsbomb,1,43,1,2022,3,6,773,3533,68.98333333333333,88,1,7,10.43730369654506,66.66666666666666,0.0,0.011363636363636364,9.132640734476928,2.609325924136265,0.0,0.0,1.3046629620681325,0.46316709,0.0,0.6042769475718773,13,3,0.0,1
statsbomb,1,43,1,2022,3,6,773,3913,30.866666666666667,40,0,3,8.747300215982722,86.66666666666667,0.0,0.0,5.831533477321814,0.0,0.0,2.915766738660907,8.747300215982722,0.0,0.0,0.0,3,1,0.0,0
statsbomb,1,43,1,2022,3,6,773,5537,98.98333333333333,100,3,20,20.912611550766123,79.54545454545455,0.0,0.0,7.273951843744738,2.7277319414042767,0.9092439804680923,1.8184879609361846,1.8184879609361846,0.07925899,0.0,0.07206575955548072,13,9,0.0,3
statsbomb,1,43,1,2022,3,6,773,5538,27.816666666666666,23,1,5,19.412822049131215,88.88888888888889,0.0,0.043478260869565216,0.0,3.2354703415218693,0.0,16.177351707609347,9.706411024565607,0.0,0.0,0.0,3,3,0.0,0
statsbomb,1,43,1,2022,3,6,773,5544,98.98333333333333,118,6,15,19.094123589829938,62.0,0.0,0.00847457627118644,1.8184879609361846,4.546219902340462,0.0,0.0,1.8184879609361846,0.0,0.0,0.0,18,12,0.0,0
statsbomb,1,43,1,2022,3,6,773,5545,95.98333333333333,87,2,1,2.81298836603577,82.35294117647058,100.0,0.034482758620689655,9.3766278867859,2.81298836603577,0.0,0.0,2.81298836603577,1.74503562,0.0,1.6362549657926722,7,2,0.0,0
statsbomb,1,43,1,2022,3,6,773,5549,99.96666666666667,126,3,23,23.407802600866958,88.67924528301887,0.0,0.0,3.601200400133378,4.501500500166722,0.0,1.800600200066689,0.9003001000333445,0.030122569,0.0,0.02711935188396132,11,3,0.0,0
statsbomb,1,43,1,2022,3,6,773,6983,96.96666666666667,67,1,5,5.5689240288759025,65.21739130434783,50.0,0.05970149253731343,13.922310072189756,1.8563080096253008,0.9281540048126504,4.640770024063253,3.7126160192506017,0.24993332000000001,0.0,0.23197661189412172,8,0,0.0,1
statsbomb,1,43,1,2022,3,6,773,7796,99.96666666666667,142,3,28,27.90930310103368,79.6875,0.0,0.007042253521126761,9.003001000333445,0.0,0.9003001000333445,0.0,2.7009003001000336,0.0,0.0,0.0,22,13,0.0,1
statsbomb,1,43,1,2022,3,5,786,,100.96666666666667,0,0,0,0.0,0.0,0.0,0.0,0.0,0.0,0.0,0.0,0.0,0.0,0.0,0.0,0,0,0.0,0
statsbomb,1,43,1,2022,3,5,786,15731,67.0,0,0,0,0.0,0.0,0.0,0.0,0.0,0.0,0.0,0.0,0.0,0.0,0.0,0.0,0,0,0.0,0
statsbomb,1,43,1,2022,3,5,786,16489,39.96666666666667,46,2,6,18.015012510425354,80.95238095238095,0.0,0.0,13.511259382819016,6.755629691409508,2.2518765638031693,0.0,6.755629691409508,0.0,0.0,0.0,0,0,0.0,0
statsbomb,1,43,1,2022,3,5,786,18015,46.96666666666667,36,0,1,1.9162526614620297,60.0,0.0,0.1111111111111111,9.581263307310149,0.0,0.0,0.0,5.7487579843860885,0.76244751,0.0,1.4610420702625975,3,1,0.0,1
statsbomb,1,43,1,2022,3,5,786,20600,99.98333333333333,96,1,28,26.104350725120852,71.11111111111111,0.0,0.0,0.0,2.700450075012502,0.0,0.0,6.301050175029171,0.0,0.0,0.0,9,9,0.0,0
statsbomb,1,43,1,2022,3,5,786,27719,99.98333333333333,210,6,38,39.60660110018336,78.82352941176471,0.0,0.0,12.602100350058342,5.400900150025004,0.0,0.9001500250041673,8.101350225037505,0.0,0.0,0.0,24,18,0.0,1
statsbomb,1,43,1,2022,3,5,786,3831,76.98333333333333,124,9,6,17.536263260445985,80.0,50.0,0.03225806451612903,7.014505304178393,9.352673738904524,0.0,0.0,4.676336869452262,0.061684445,0.0,0.07211431110630007,23,7,0.0,2
statsbomb,1,43,1,2022,3,5,786,4269,94.95,92,3,6,8.530805687203792,73.91304347826086,0.0,0.021739130434782608,3.7914691943127963,0.9478672985781991,0.0,0.0,1.8957345971563981,0.152275357,0.0,0.14433683127962085,11,6,0.0,1
statsbomb,1,43,1,2022,3,5,786,5589,66.98333333333333,75,2,9,14.779795969146553,78.78787878787878,0.0,0.0,6.718089076884796,2.6872356307539187,0.0,1.3436178153769593,5.374471261507837,0.0,0.0,0.0,9,4,0.0,1
statsbomb,1,43,1,2022,3,5,786,5591,98.98333333333333,127,4,16,18.184879609361847,62.5,0.0,0.0,11.8201717460852,3.636975921872369,0.0,0.0,4.546219902340462,0.0,0.0,0.0,30,9,0.0,3
statsbomb,1,43,1,2022,3,5,786,5603,99.96666666666667,161,4,13,15.305101700566857,87.93103448275862,0.0,0.0,3.601200400133378,3.601200400133378,0.9003001000333445,0.0,2.7009003001000336,0.08160872,0.0,0.0734723387795932,10,5,0.0,1
statsbomb,1,43,1,2022,3,5,786,5833,21.933333333333334,25,2,1,12.310030395136778,71.42857142857143,0.0,0.04,4.103343465045593,4.103343465045593,0.0,0.0,4.103343465045593,0.042810295,0.0,0.17566534422492402,3,0,0.0,0
statsbomb,1,43,1,2022,3,5,786,6318,77.96666666666667,87,1,11,13.852073535699017,77.41935483870968,0.0,0.034482758620689655,6.926036767849508,1.1543394613082514,1.1543394613082514,2.3086789226165028,2.3086789226165028,0.030001678,0.0,0.034632120820863616,11,3,0.0,0
statsbomb,1,43,1,2022,3,5,786,6319,45.983333333333334,38,1,1,3.9144617615077926,70.0,0.0,0.02631578947368421,1.9572308807538963,0.0,0.0,1.9572308807538963,0.0,0.05817553,0.0,0.11386294382022472,5,1,0.0,0
statsbomb,1,43,1,2022,3,5,786,6321,54.96666666666667,81,4,9,21.285627653123104,90.625,0.0,0.0,9.824135839902972,4.912067919951486,0.0,0.0,1.6373559733171619,0.0,0.0,0.0,3,0,0.0,0
statsbomb,1,43,1,2022,3,5,786,6687,99.98333333333333,156,5,15,18.003000500083346,89.83050847457628,0.0,0.0,13.50225037506251,3.600600100016669,0.0,0.0,4.500750125020836,0.0,0.0,0.0,11,11,0.0,5
statsbomb,1,43,1,2022,3,5,786,6901,27.966666666666665,41,0,3,9.65435041716329,94.44444444444444,0.0,0.0,16.090584028605484,6.436233611442193,0.0,0.0,9.65435041716329,0.0,0.0,0.0,5,1,0.0,1
statsbomb,1,43,1,2022,3,5,786,7117,21.95,10,0,0,0.0,66.66666666666666,0.0,0.0,12.300683371298406,0.0,0.0,0.0,0.0,0.0,0.0,0.0,1,0,0.0,2
statsbomb,1,43,1,2022,4,1,776,,96.35,0,0,0,0.0,0.0,0.0,0.0,0.0,0.0,0.0,0.0,0.0,0.0,0.0,0.0,0,0,0.0,0
statsbomb,1,43,1,2022,4,1,776,16190,46.983333333333334,115,1,16,32.56473926924441,88.63636363636364,0.0,0.0,9.577864490954239,0.0,0.0,3.8311457963816955,1.9155728981908478,0.0,0.0,0.0,14,3,0.0,1
statsbomb,1,43,1,2022,4,1,776,16294,24.983333333333334,62,2,2,14.409606404269512,80.95238095238095,50.0,0.016129032258064516,7.204803202134756,3.602401601067378,0.0,3.602401601067378,7.204803202134756,0.0,0.0,0.0,11,2,0.0,0
statsbomb,1,43,1,2022,4,1,776,16554,69.98333333333333,143,2,13,19.29030721600381,80.0,0.0,0.02097902097902098,10.288163848535365,5.144081924267683,0.0,2.5720409621338414,5.144081924267683,0.0,0.0,0.0,16,4,0.0,1
statsbomb,1,43,1,2022,4,1,776,17042,67.96666666666667,111,6,6,15.890142226581656,73.52941176470588,100.0,0.018018018018018018,11.917606669936243,6.620892594409024,0.0,1.3241785188818047,2.6483570377636094,0.311829907,0.0,0.4129184643943109,18,5,0.0,1
statsbomb,1,43,1,2022,4,1,776,18722,58.983333333333334,112,2,9,16.78440237355185,69.44444444444444,100.0,0.008928571428571428,10.680983328623904,3.0517095224639728,1.5258547612319864,0.0,0.0,0.019605601,0.0,0.029915299632664594,18,6,0.0,1
statsbomb,1,43,1,2022,4,1,776,24443,33.88333333333333,36,1,6,18.593212001967537,85.71428571428571,0.0,0.0,26.561731431382192,0.0,0.0,0.0,0.0,0.0,0.0,0.0,7,3,0.0,1
statsbomb,1,43,1,2022,4,1,776,24547,47.983333333333334,117,5,10,28.1347690170198,76.74418604651163,100.0,0.0,13.12955887460924,5.62695380340396,0.0,0.0,7.50260507120528,0.056216941,0.0,0.105443376658562,16,4,0.0,2
statsbomb,1,43,1,2022,4,1,776,27569,92.98333333333333,117,6,4,9.679153970245563,76.92307692307693,57.14285714285714,0.05128205128205128,9.679153970245563,3.8716615880982252,0.9679153970245563,0.9679153970245563,1.9358307940491126,0.144888588,0.0,0.14023989517834737,17,3,0.0,4
statsbomb,1,43,1,2022,4,1,776,3043,95.98333333333333,212,6,20,24.37923250564334,90.0,100.0,0.014150943396226415,10.31429067546449,5.62597673207154,0.0,0.93766278867859,4.68831394339295,0.035615563,0.0,0.03339538812293801,35,14,0.0,0
statsbomb,1,43,1,2022,4,1,776,3570,91.96666666666667,194,6,25,30.337078651685392,88.75,0.0,0.005154639175257732,6.850308082638637,4.893077201884741,0.9786154403769481,0.9786154403769481,8.807538963392533,0.0,0.0,0.0,18,11,0.0,0
statsbomb,1,43,1,2022,4,1,776,3815,93.98333333333333,97,0,21,20.109948572441922,82.92682926829268,0.0,0.0,0.0,0.9576165986877105,0.0,0.0,5.745699592126263,0.0,0.0,0.0,6,6,0.0,0
statsbomb,1,43,1,2022,4,1,776,3959,96.98333333333333,260,4,32,33.407802027839836,92.70833333333334,100.0,0.0038461538461538464,1.8559890015466576,4.639972503866644,0.0,0.9279945007733288,4.639972503866644,0.0,0.0,0.0,17,14,0.0,1
statsbomb,1,43,1,2022,4,1,776,4447,58.983333333333334,52,0,1,1.5258547612319864,83.33333333333334,0.0,0.057692307692307696,15.258547612319864,0.0,0.0,0.0,3.0517095224639728,0.0,0.0,0.0,4,0,0.0,0
statsbomb,1,43,1,2022,4,1,776,5732,22.966666666666665,40,0,0,0.0,61.53846153846154,0.0,0.05,3.918722786647315,0.0,0.0,0.0,3.918722786647315,0.017447446,0.0,0.06837170420899855,12,0,0.0,0
statsbomb,1,43,1,2022,4,1,776,6302,36.93333333333333,31,0,0,0.0,100.0,100.0,0.06451612903225806,17.05776173285199,2.4368231046931412,0.0,0.0,4.8736462093862825,0.131434905,0.0,0.32028361326714805,0,0,0.0,3
statsbomb,1,43,1,2022,4,1,776,8247,95.98333333333333,318,10,49,55.32210453203681,80.99173553719008,0.0,0.0031446540880503146,4.68831394339295,9.3766278867859,0.0,1.87532557735718,3.75065115471436,0.020115681,0.0,0.018861725542628927,29,25,0.0,0
statsbomb,1,43,1,2022,4,7,792,,96.96666666666667,0,0,0,0.0,0.0,0.0,0.0,0.0,0.0,0.0,0.0,0.0,0.0,0.0,0.0,0,0,0.0,0
statsbomb,1,43,1,2022,4,7,792,15957,94.95,74,0,23,21.80094786729858,57.89473684210527,0.0,0.02702702702702703,3.7914691943127963,1.8957345971563981,1.8957345971563981,0.0,2.843601895734597,0.0,0.0,0.0,16,9,0.0,1
statsbomb,1,43,1,2022,4,7,792,22293,92.96666666666667,32,0,14,13.553244890641807,78.94736842105263,0.0,0.0,8.712800286841162,0.0,0.9680889207601291,0.0,0.0,0.0,0.0,0.0,6,6,0.0,1
statsbomb,1,43,1,2022,4,7,792,22371,17.716666666666665,8,0,2,10.159924741298214,25.0,0.0,0.0,5.079962370649107,0.0,0.0,0.0,0.0,0.0,0.0,0.0,3,2,0.0,0
statsbomb,1,43,1,2022,4,7,792,3240,94.98333333333333,68,2,34,34.11124758729601,66.66666666666666,0.0,0.0,0.0,1.8950693104053342,0.0,0.0,4.737673276013336,0.0,0.0,0.0,9,8,0.0,0
statsbomb,1,43,1,2022,4,7,792,3281,92.96666666666667,93,1,17,17.425600573682324,57.14285714285714,0.0,0.03225806451612903,4.840444603800646,0.9680889207601291,0.9680889207601291,0.0,4.840444603800646,0.0,0.0,0.0,17,8,0.0,0
statsbomb,1,43,1,2022,4,7,792,33477,71.98333333333333,67,1,4,6.251447094234777,70.58823529411765,0.0,0.05970149253731343,15.003473026163464,0.0,0.0,6.251447094234777,3.750868256540866,0.049720664,0.0,0.06216522009724473,9,1,0.0,1
statsbomb,1,43,1,2022,4,7,792,33488,51.983333333333334,42,3,5,13.850593138826547,58.333333333333336,0.0,0.047619047619047616,25.969862135299774,3.4626482847066367,0.0,0.0,3.4626482847066367,0.035468098,0.0,0.06140677435075345,5,4,0.0,1
statsbomb,1,43,1,2022,4,7,792,33492,81.93333333333334,98,2,7,9.886086248982913,48.148148148148145,0.0,0.030612244897959183,13.181448331977217,2.196908055329536,0.0,1.098454027664768,4.393816110659072,0.047893127,0.0,0.05260839825061025,13,6,0.0,0
statsbomb,1,43,1,2022,4,7,792,33495,90.96666666666667,61,1,16,16.819347746427262,73.33333333333333,0.0,0.0,5.9362403810919755,0.9893733968486625,0.0,0.9893733968486625,0.9893733968486625,0.0,0.0,0.0,4,3,0.0,1
statsbomb,1,43,1,2022,4,7,792,5479,94.98333333333333,105,3,16,18.003158448850677,69.04761904761905,66.66666666666666,0.0380952380952381,9.475346552026672,2.842603965608001,0.9475346552026671,1.8950693104053342,1.8950693104053342,0.049681988,0.0,0.04707540536936305,27,10,0.0,0
statsbomb,1,43,1,2022,4,7,792,5481,88.98333333333333,114,4,6,10.11425360554411,60.0,14.285714285714285,0.09649122807017543,15.171380408316166,5.057126802772055,0.0,0.0,10.11425360554411,0.11353828,0.0,0.11483549578572767,17,5,0.0,1
statsbomb,1,43,1,2022,4,7,792,5490,89.98333333333333,69,3,6,9.001666975365808,84.0,0.0,0.028985507246376812,10.001852194850898,3.0005556584552693,0.0,2.0003704389701795,3.0005556584552693,0.17342122,0.0,0.17345334098907203,9,1,0.0,1
statsbomb,1,43,1,2022,4,7,792,8346,43.96666666666667,58,2,8,20.47005307050796,57.14285714285714,0.0,0.0,2.047005307050796,0.0,0.0,0.0,2.047005307050796,0.0,0.0,0.0,8,4,0.0,1
statsbomb,1,43,1,2022,4,7,792,8859,7.816666666666666,4,0,0,0.0,100.0,0.0,0.0,0.0,0.0,0.0,0.0,0.0,0.0,0.0,0.0,0,0,0.0,0
statsbomb,1,43,1,2022,4,7,792,9980,13.933333333333334,13,1,1,12.91866028708134,66.66666666666666,0.0,0.0,6.45933014354067,6.45933014354067,0.0,0.0,0.0,0.0,0.0,0.0,2,1,0.0,0
statsbomb,1,43,1,2022,5,8,781,,97.98333333333333,0,0,0,0.0,0.0,0.0,0.0,0.0,0.0,0.0,0.0,0.0,0.0,0.0,0.0,0,0,0.0,0
statsbomb,1,43,1,2022,5,8,781,10595,85.96666666666667,120,7,7,14.6568437378829,82.85714285714286,50.0,0.041666666666666664,14.6568437378829,6.281504459092671,2.093834819697557,0.0,2.093834819697557,0.541620616,0.0,0.5670320524234199,23,5,0.0,0
statsbomb,1,43,1,2022,5,8,781,18395,73.96666666666667,108,6,0,7.300585849481749,77.77777777777779,60.0,0.018518518518518517,10.950878774222623,9.734114465975665,1.2167643082469581,0.0,6.083821541234791,0.330003712,0.0,0.4015367383506084,18,1,0.0,1
statsbomb,1,43,1,2022,5,8,781,22600,72.96666666666667,111,1,12,16.034719049794425,73.17073170731707,0.0,0.009009009009009009,19.735038830516217,0.0,2.466879853814527,0.0,1.2334399269072636,0.0,0.0,0.0,18,5,0.0,2
statsbomb,1,43,1,2022,5,8,781,25104,20.95,47,3,4,30.071599045346066,85.71428571428571,0.0,0.0425531914893617,17.183770883054894,21.479713603818617,0.0,4.2959427207637235,4.2959427207637235,0.08841886600000001,0.0,0.37984238377088314,6,3,0.0,1
statsbomb,1,43,1,2022,5,8,781,25363,18.983333333333334,58,2,3,23.705004389815624,100.0,50.0,0.034482758620689655,23.705004389815624,4.741000877963125,0.0,4.741000877963125,4.741000877963125,0.009657804,0.0,0.045787657243195785,12,2,0.0,1
statsbomb,1,43,1,2022,5,8,781,29976,7.9,15,2,0,22.78481012658228,33.33333333333333,0.0,0.06666666666666667,11.39240506329114,22.78481012658228,0.0,0.0,0.0,0.0,0.0,0.0,3,1,0.0,0
statsbomb,1,43,1,2022,5,8,781,3063,93.98333333333333,224,6,25,29.686114559319027,86.90476190476191,100.0,0.004464285714285714,0.9576165986877105,1.915233197375421,0.9576165986877105,0.0,5.745699592126263,0.016877638,0.0,0.016162306295442453,28,11,0.0,0
statsbomb,1,43,1,2022,5,8,781,3202,17.966666666666665,28,2,2,20.03710575139147,87.5,100.0,0.03571428571428571,5.009276437847867,5.009276437847867,0.0,0.0,10.018552875695734,0.0,0.0,0.0,8,2,0.0,0
statsbomb,1,43,1,2022,5,8,781,3280,78.98333333333333,55,1,2,3.41844270943237,85.71428571428571,0.0,0.09090909090909091,13.67377083772948,1.1394809031441233,0.0,0.0,3.41844270943237,0.68382945,0.0,0.7792105992825491,9,3,0.0,2
statsbomb,1,43,1,2022,5,8,781,3295,94.98333333333333,190,8,23,29.37357431128268,95.83333333333334,0.0,0.0,5.685207931216002,6.6327425864186695,0.0,0.9475346552026671,3.7901386208106684,0.06673048,0.0,0.06322944235830846,14,10,0.0,2
statsbomb,1,43,1,2022,5,8,781,4320,79.96666666666667,174,7,13,22.509378907878283,78.26086956521739,60.0,0.040229885057471264,12.380158399333055,10.129220508545227,0.0,0.0,3.3764068361817428,0.19564252499999998,0.0,0.22018958628595248,26,10,0.0,0
statsbomb,1,43,1,2022,5,8,781,4372,93.98333333333333,168,5,13,17.23709877637879,96.875,0.0,0.0,1.915233197375421,4.788082993438553,0.0,0.9576165986877105,3.830466394750842,0.0,0.0,0.0,9,6,0.0,0
statsbomb,1,43,1,2022,5,8,781,5539,97.98333333333333,166,0,20,18.370471168566084,90.47619047619048,0.0,0.0,11.02228270113965,0.0,0.9185235584283041,0.9185235584283041,4.592617792141521,0.0803182387,0.0,0.07377419441741793,22,11,0.0,3
statsbomb,1,43,1,2022,5,8,781,5547,96.96666666666667,40,0,9,8.353386043313854,87.5,0.0,0.0,0.0,0.0,0.0,0.0,11.137848057751805,0.0,0.0,0.0,2,2,0.0,0
statsbomb,1,43,1,2022,5,8,781,6945,94.96666666666667,235,8,35,40.75114075114075,92.22222222222223,0.0,0.00425531914893617,7.581607581607582,7.581607581607582,0.0,1.8954018954018954,4.738504738504739,0.021819543,0.0,0.02067840157950158,29,18,0.0,0
statsbomb,1,43,1,2022,5,8,781,9904,18.983333333333334,46,0,6,28.44600526777875,77.77777777777779,0.0,0.0,0.0,4.741000877963125,0.0,4.741000877963125,9.48200175592625,0.088970646,0.0,0.4218099107989464,9,1,0.0,0
statsbomb,1,43,1,2022,5,5,786,,97.96666666666667,0,0,0,0.0,0.0,0.0,0.0,0.0,0.0,0.0,0.0,0.0,0.0,0.0,0.0,0,0,0.0,0
statsbomb,1,43,1,2022,5,5,786,16489,56.983333333333334,91,1,6,11.05586428780345,85.29411764705883,0.0,0.01098901098901099,17.373501023691137,3.158818367943843,0.0,1.5794091839719215,0.0,0.0,0.0,0.0,3,1,0.0,3
statsbomb,1,43,1,2022,5,5,786,18015,30.816666666666666,21,0,1,2.920497566252028,50.0,0.0,0.047619047619047616,5.840995132504056,0.0,0.0,0.0,5.840995132504056,0.0,0.0,0.0,1,0,0.0,0
statsbomb,1,43,1,2022,5,5,786,20600,95.98333333333333,89,0,31,29.06754644903629,76.08695652173914,0.0,0.0,0.0,0.93766278867859,0.0,0.0,4.68831394339295,0.0,0.0,0.0,11,11,0.0,0
statsbomb,1,43,1,2022,5,5,786,27719,95.96666666666667,113,4,14,16.880861410211878,77.5,100.0,0.0,11.25390760680792,4.6891281695033,0.0,0.0,3.75130253560264,0.098937765,0.0,0.09278637217783953,5,5,0.0,2
statsbomb,1,43,1,2022,5,5,786,30179,38.983333333333334,51,1,3,9.234715690466011,95.0,0.0,0.0196078431372549,20.778110303548523,6.926036767849508,0.0,2.3086789226165028,4.6173578452330055,0.0,0.0,0.0,7,3,0.0,2
statsbomb,1,43,1,2022,5,5,786,3831,93.98333333333333,108,5,5,9.576165986877106,58.82352941176471,33.33333333333333,0.027777777777777776,19.15233197375421,1.915233197375421,0.9576165986877105,0.9576165986877105,2.8728497960631314,0.0,0.0,0.0,20,6,0.0,4
statsbomb,1,43,1,2022,5,5,786,4269,82.98333333333333,66,0,2,2.169110263105041,77.27272727272727,0.0,0.030303030303030304,9.760996183972685,0.0,0.0,0.0,1.0845551315525206,0.0,0.0,0.0,7,2,0.0,0
statsbomb,1,43,1,2022,5,5,786,5589,91.98333333333333,116,4,12,15.655009965573473,71.7948717948718,100.0,0.034482758620689655,13.69813371987679,0.9784381228483421,0.0,0.0,4.89219061424171,0.0,0.0,0.0,15,5,0.0,2
statsbomb,1,43,1,2022,5,5,786,5603,91.96666666666667,116,2,17,18.593693367162015,84.0,0.0,0.008620689655172414,16.636462486408117,0.9786154403769481,0.9786154403769481,4.893077201884741,0.9786154403769481,0.011090157,0.0,0.010852998876404493,7,5,0.0,1
statsbomb,1,43,1,2022,5,5,786,5833,40.93333333333333,39,4,2,13.192182410423452,63.63636363636363,0.0,0.07692307692307693,4.397394136807818,8.794788273615636,0.0,0.0,2.198697068403909,0.008691933,0.0,0.019110927605863193,8,4,0.0,0
statsbomb,1,43,1,2022,5,5,786,6318,56.983333333333334,68,1,7,12.635273471775372,80.0,0.0,0.014705882352941176,15.794091839719215,3.158818367943843,3.158818367943843,3.158818367943843,3.158818367943843,0.0,0.0,0.0,9,3,0.0,2
statsbomb,1,43,1,2022,5,5,786,6321,96.96666666666667,119,3,9,11.137848057751805,88.88888888888889,0.0,0.0,9.281540048126505,3.7126160192506017,0.0,0.0,1.8563080096253008,0.0,0.0,0.0,3,2,0.0,1
statsbomb,1,43,1,2022,5,5,786,6687,65.95,85,4,11,20.47005307050796,90.32258064516128,0.0,0.011764705882352941,23.19939347990902,6.823351023502653,1.3646702047005306,1.3646702047005306,5.458680818802122,0.0,0.0,0.0,10,8,0.0,1
statsbomb,1,43,1,2022,5,5,786,6901,11.766666666666667,15,0,1,7.648725212464589,83.33333333333334,0.0,0.0,0.0,0.0,0.0,0.0,0.0,0.0,0.0,0.0,0,0,0.0,0
statsbomb,1,43,1,2022,5,5,786,7145,26.866666666666667,29,1,2,10.049627791563275,63.63636363636363,0.0,0.0,3.3498759305210917,3.3498759305210917,0.0,0.0,3.3498759305210917,0.018288644,0.0,0.06126468833746898,2,0,0.0,0
statsbomb,1,43,1,2022,5,5,786,7993,64.9,61,2,8,13.867488443759628,79.16666666666666,50.0,0.01639344262295082,18.027734976887515,1.3867488443759628,0.0,0.0,4.160246533127888,0.026318645,0.0,0.036497350539291214,6,3,0.0,2
statsbomb,1,43,1,2022,6,9,2722,,96.75,0,0,0,0.0,0.0,0.0,0.0,0.0,0.0,0.0,0.0,0.0,0.0,0.0,0.0,0,0,0.0,0
statsbomb,1,43,1,2022,6,9,2722,11174,38.95,54,4,2,13.86392811296534,87.5,80.0,0.018518518518518517,4.621309370988446,9.242618741976893,0.0,0.0,9.242618741976893,0.360641448,0.0,0.8333178516046211,9,3,0.0,0
statsbomb,1,43,1,2022,6,9,2722,12623,65.9,70,2,9,15.02276176024279,65.38461538461539,0.0,0.0,10.925644916540211,4.09711684370258,1.3657056145675264,1.3657056145675264,4.09711684370258,0.180615837,0.0,0.24666806267071317,11,6,0.0,1
statsbomb,1,43,1,2022,6,9,2722,13454,87.98333333333333,85,1,15,16.36673612426596,65.78947368421053,50.0,0.011764705882352941,8.18336806213298,2.045842015533245,0.0,5.114605038833112,3.0687630232998675,0.0,0.0,0.0,10,4,0.0,0
statsbomb,1,43,1,2022,6,9,2722,15326,94.98333333333333,79,0,33,31.268643621688014,61.904761904761905,0.0,0.0,0.0,2.842603965608001,0.0,0.0,6.6327425864186695,0.0,0.0,0.0,9,7,0.0,0
statsbomb,1,43,1,2022,6,9,2722,16346,95.98333333333333,138,3,24,25.31689529432193,65.67164179104478,0.0,0.0,13.127279041500259,1.87532557735718,0.0,1.87532557735718,2.81298836603577,0.0,0.0,0.0,33,12,0.0,2
statsbomb,1,43,1,2022,6,9,2722,28966,26.966666666666665,23,0,4,13.349814585908529,100.0,0.0,0.0,26.699629171817058,0.0,0.0,3.3374536464771323,10.012360939431396,0.0,0.0,0.0,6,3,0.0,0
statsbomb,1,43,1,2022,6,9,2722,30016,54.93333333333333,72,0,5,8.191747572815535,75.86206896551724,100.0,0.0,8.191747572815535,0.0,0.0,3.2766990291262137,3.2766990291262137,0.0,0.0,0.0,5,2,0.0,0
statsbomb,1,43,1,2022,6,9,2722,3141,78.96666666666667,64,2,6,9.117771211481637,80.0,0.0,0.015625,26.213592233009706,0.0,0.0,1.1397214014352046,3.4191642043056136,0.0,0.0,0.0,9,4,0.0,3
statsbomb,1,43,1,2022,6,9,2722,3499,92.98333333333333,84,5,8,12.582900161319232,70.37037037037037,75.0,0.011904761904761904,9.679153970245563,4.839576985122782,0.0,0.0,2.903746191073669,0.46942416,0.0,0.4543628721993188,10,3,0.0,1
statsbomb,1,43,1,2022,6,9,2722,3551,64.98333333333333,46,1,3,5.539882021031033,63.63636363636363,0.0,0.0,5.539882021031033,0.0,0.0,1.3849705052577583,5.539882021031033,0.02132554,0.0,0.029535243908694536,6,3,0.0,0
statsbomb,1,43,1,2022,6,9,2722,3639,15.966666666666667,23,0,0,0.0,75.0,0.0,0.043478260869565216,5.6367432150313155,0.0,0.0,0.0,11.273486430062631,0.0070103277,0.0,0.039515417098121085,6,0,0.0,0
statsbomb,1,43,1,2022,6,9,2722,46903,66.96666666666667,39,4,1,6.719761075161772,55.55555555555556,50.0,0.05128205128205128,8.063713290194126,4.031856645097063,0.0,1.3439522150323544,0.0,0.0,0.0,0.0,9,2,0.0,1
statsbomb,1,43,1,2022,6,9,2722,4935,76.96666666666667,83,6,8,16.370723256821133,60.86956521739131,0.0,0.04819277108433735,14.032048505846685,5.846686877436119,0.0,0.0,3.5080121264616713,0.0,0.0,0.0,15,7,0.0,2
statsbomb,1,43,1,2022,6,9,2722,7426,94.96666666666667,75,2,17,18.006318006318008,72.72727272727273,0.0,0.0,9.477009477009478,1.8954018954018954,0.0,3.790803790803791,3.790803790803791,0.8945071,0.0,0.8477252263952264,3,3,0.0,3
statsbomb,1,43,1,2022,6,9,2722,7472,87.98333333333333,89,0,12,12.27505209319947,87.87878787878788,0.0,0.0,7.160447054366357,1.0229210077666224,0.0,2.045842015533245,6.137526046599735,0.136784936,0.0,0.13992018458041294,4,2,0.0,1
statsbomb,1,43,1,2022,6,9,2722,8591,15.983333333333333,14,1,5,33.785192909280504,66.66666666666666,0.0,0.0,0.0,0.0,0.0,0.0,5.630865484880084,0.0,0.0,0.0,5,3,0.0,0
statsbomb,1,43,1,2022,6,5,786,,96.55,0,0,0,0.0,0.0,0.0,0.0,0.0,0.0,0.0,0.0,0.0,0.0,0.0,0.0,0,0,0.0,0
statsbomb,1,43,1,2022,6,5,786,10477,39.88333333333333,48,1,5,13.539490179690766,89.47368421052632,0.0,0.0,9.02632678646051,0.0,0.0,0.0,0.0,0.0,0.0,0.0,2,1,0.0,0
statsbomb,1,43,1,2022,6,5,786,18737,16.916666666666668,40,2,6,42.5615763546798,73.33333333333333,0.0,0.0,10.64039408866995,10.64039408866995,5.320197044334975,0.0,0.0,0.0,0.0,0.0,4,3,0.0,0
statsbomb,1,43,1,2022,6,5,786,20600,94.98333333333333,79,1,16,16.10808913844534,80.55555555555556,0.0,0.0,0.0,0.0,0.0,0.0,6.6327425864186695,0.0,0.0,0.0,6,6,0.0,0
statsbomb,1,43,1,2022,6,5,786,27719,55.95,78,4,9,20.911528150134046,88.88888888888889,100.0,0.02564102564102564,11.26005361930295,6.434316353887399,1.6085790884718498,1.6085790884718498,6.434316353887399,0.07892812,0.0,0.1269621233243968,7,6,0.0,1
statsbomb,1,43,1,2022,6,5,786,3512,17.95,47,4,7,55.15320334261838,82.35294117647058,0.0,0.02127659574468085,25.069637883008355,15.041782729805014,0.0,0.0,5.013927576601671,0.027356416,0.0,0.1371630885793872,6,4,0.0,0
statsbomb,1,43,1,2022,6,5,786,3831,92.98333333333333,181,4,18,21.29413873454024,75.0,100.0,0.027624309392265192,9.679153970245563,2.903746191073669,0.0,0.9679153970245563,0.9679153970245563,0.0,0.0,0.0,44,10,0.0,2
statsbomb,1,43,1,2022,6,5,786,4269,90.98333333333333,105,1,3,3.9567686389448617,81.81818181818183,100.0,0.009523809523809525,10.881113757098369,2.9675764792086463,0.0,0.0,3.9567686389448617,1.3493668570000001,0.0,1.3347831155522991,10,2,0.0,2
statsbomb,1,43,1,2022,6,5,786,5589,78.98333333333333,159,5,14,21.650137159738343,77.08333333333334,100.0,0.006289308176100629,17.09221354716185,2.2789618062882466,1.1394809031441233,2.2789618062882466,11.394809031441234,0.200274783,0.0,0.22820929060983333,22,11,0.0,1
statsbomb,1,43,1,2022,6,5,786,5591,89.98333333333333,161,8,14,22.004074828671975,69.64285714285714,0.0,0.031055900621118012,17.003148731246526,5.000926097425449,0.0,1.0001852194850898,6.001111316910539,0.012009094,0.0,0.012011318318207074,27,8,0.0,3
statsbomb,1,43,1,2022,6,5,786,5603,92.98333333333333,112,1,22,22.262054131564796,87.75510204081633,0.0,0.0,6.7754077791718945,1.9358307940491126,0.0,0.9679153970245563,1.9358307940491126,0.0304652,0.0,0.029487736153432514,5,3,0.0,2
statsbomb,1,43,1,2022,6,5,786,5833,16.916666666666668,17,1,0,5.320197044334975,80.0,0.0,0.0,10.64039408866995,5.320197044334975,0.0,0.0,0.0,0.0,0.0,0.0,3,0,0.0,0
statsbomb,1,43,1,2022,6,5,786,6318,77.96666666666667,112,9,14,26.549807610089783,76.74418604651163,0.0,0.0,9.234715690466011,8.08037622915776,0.0,0.0,6.926036767849508,0.0,0.0,0.0,21,10,0.0,1
statsbomb,1,43,1,2022,6,5,786,6319,49.0,0,0,0,0.0,0.0,0.0,0.0,0.0,0.0,0.0,0.0,0.0,0.0,0.0,0.0,0,0,0.0,0
statsbomb,1,43,1,2022,6,5,786,6321,77.96666666666667,86,0,16,18.469431380932022,85.71428571428571,0.0,0.0,9.234715690466011,1.1543394613082514,1.1543394613082514,0.0,1.1543394613082514,0.0,0.0,0.0,2,1,0.0,0
statsbomb,1,43,1,2022,6,5,786,6687,95.98333333333333,199,6,17,21.56624413960757,87.5,0.0,0.010050251256281407,10.31429067546449,6.5636395207501295,0.93766278867859,0.93766278867859,5.62597673207154,0.039666813,0.0,0.03719409449557215,23,12,0.0,2
statsbomb,1,43,1,2022,6,5,786,6901,94.98333333333333,85,4,7,10.422881207229338,87.87878787878788,0.0,0.011764705882352941,10.422881207229338,2.842603965608001,0.0,1.8950693104053342,1.8950693104053342,0.0,0.0,0.0,10,6,0.0,4
statsbomb,1,43,1,2022,6,5,786,7117,3.2666666666666666,8,0,1,27.551020408163264,100.0,0.0,0.0,27.551020408163264,0.0,0.0,0.0,0.0,0.0,0.0,0.0,2,0,0.0,0
statsbomb,1,43,1,2022,7,11,794,,97.86666666666666,0,0,0,0.0,0.0,0.0,0.0,0.0,0.0,0.0,0.0,0.0,0.0,0.0,0.0,0,0,0.0,0
statsbomb,1,43,1,2022,7,11,794,15452,50.86666666666667,31,1,2,5.307994757536042,62.5,0.0,0.0967741935483871,7.077326343381389,1.7693315858453473,1.7693315858453473,0.0,3.5386631716906947,0.26870292,0.0,0.4754245635648755,4,1,0.0,0
statsbomb,1,43,1,2022,7,11,794,26280,76.98333333333333,99,4,9,15.198094825719853,76.92307692307693,100.0,0.020202020202020204,26.88893699935051,3.5072526520891967,0.0,1.1690842173630656,9.352673738904524,0.505017774,0.0,0.5904083090712275,13,7,0.0,4
statsbomb,1,43,1,2022,7,11,794,26297,19.733333333333334,30,1,3,18.243243243243242,44.44444444444444,100.0,0.0,4.5608108108108105,4.5608108108108105,0.0,4.5608108108108105,13.682432432432432,0.0,0.0,0.0,4,2,0.0,0
statsbomb,1,43,1,2022,7,11,794,26301,48.96666666666667,40,0,4,7.351940095302927,84.61538461538461,0.0,0.1,16.541865214431585,0.0,0.0,1.8379850238257318,5.513955071477195,0.41603199,0.0,0.7646605670524167,5,3,0.0,3
statsbomb,1,43,1,2022,7,11,794,26318,10.483333333333333,3,0,0,0.0,0.0,0.0,0.0,25.755166931637525,0.0,0.0,0.0,0.0,0.06664524,0.0,0.572153093799682,0,0,0.0,0
statsbomb,1,43,1,2022,7,11,794,26368,97.96666666666667,170,3,25,25.72303504593399,88.05970149253731,0.0,0.0,9.186798230690712,1.8373596461381423,0.9186798230690711,0.9186798230690711,1.8373596461381423,0.0,0.0,0.0,14,9,0.0,2
statsbomb,1,43,1,2022,7,11,794,26400,76.98333333333333,42,1,1,2.338168434726131,80.0,0.0,0.047619047619047616,21.04351591253518,1.1690842173630656,0.0,1.1690842173630656,0.0,0.60433031,0.0,0.7065130274951288,7,2,0.0,2
statsbomb,1,43,1,2022,7,11,794,26406,85.98333333333333,87,1,12,13.607288234153906,85.29411764705883,50.0,0.034482758620689655,7.3270013568521035,1.0467144795503005,0.0,3.1401434386509015,1.0467144795503005,0.0,0.0,0.0,15,3,0.0,0
statsbomb,1,43,1,2022,7,11,794,28825,97.96666666666667,145,5,22,24.80435522286492,67.24137931034483,100.0,0.006896551724137931,12.861517522966995,3.6747192922762846,1.8373596461381423,1.8373596461381423,6.430758761483498,0.2074439115,0.0,0.19057453591357604,30,15,0.0,2
statsbomb,1,43,1,2022,7,11,794,30500,10.966666666666667,11,1,4,41.03343465045593,42.857142857142854,0.0,0.0,16.41337386018237,8.206686930091186,0.0,0.0,8.206686930091186,0.0,0.0,0.0,3,2,0.0,0
statsbomb,1,43,1,2022,7,11,794,5567,85.96666666666667,122,8,15,24.079100426521908,80.3921568627451,0.0,0.0,18.844513377278012,6.281504459092671,0.0,1.0469174098487786,4.187669639395114,0.013687578,0.0,0.014329763706863126,10,7,0.0,4
statsbomb,1,43,1,2022,7,11,794,5568,20.95,22,0,2,8.591885441527447,55.55555555555556,0.0,0.0,0.0,0.0,0.0,0.0,17.183770883054894,0.0,0.0,0.0,6,1,0.0,0
statsbomb,1,43,1,2022,7,11,794,5571,96.98333333333333,133,8,13,19.487884516239905,58.82352941176471,75.0,0.05263157894736842,5.567967004639973,7.42395600618663,0.9279945007733288,0.9279945007733288,7.42395600618663,0.17596274439999998,0.0,0.16329245914418283,29,12,0.0,2
statsbomb,1,43,1,2022,7,11,794,5573,96.98333333333333,139,0,23,21.343873517786562,90.1639344262295,0.0,0.0,8.351950506959959,0.9279945007733288,0.0,0.0,4.639972503866644,0.0,0.0,0.0,11,10,0.0,0
statsbomb,1,43,1,2022,7,11,794,5576,93.98333333333333,119,1,20,20.109948572441922,68.42105263157895,100.0,0.01680672268907563,14.364248980315658,2.8728497960631314,1.915233197375421,2.8728497960631314,6.703316190813974,0.06430086,0.0,0.06157557084589466,19,3,0.0,1
statsbomb,1,43,1,2022,7,11,794,5577,96.98333333333333,88,0,28,25.983846021653207,88.63636363636364,0.0,0.0,0.0,0.9279945007733288,0.0,0.0,8.351950506959959,0.0,0.0,0.0,6,5,0.0,0
statsbomb,1,43,1,2022,7,10,799,,97.95,0,0,0,0.0,0.0,0.0,0.0,0.0,0.0,0.0,0.0,0.0,0.0,0.0,0.0,0,0,0.0,0
statsbomb,1,43,1,2022,7,10,799,51094,95.96666666666667,80,4,32,33.761722820423756,60.97560975609756,0.0,0.0,4.6891281695033,3.75130253560264,0.0,2.81347690170198,6.56477943730462,0.037819926,0.0,0.03546849607502605,11,9,0.0,0
statsbomb,1,43,1,2022,7,10,799,51096,49.983333333333334,22,1,1,3.601200400133378,50.0,0.0,0.0,12.604201400466822,1.800600200066689,0.0,1.800600200066689,7.202400800266756,0.10154356,0.0,0.18283935445148383,2,0,0.0,1
statsbomb,1,43,1,2022,7,10,799,51099,95.98333333333333,94,3,5,7.50130230942872,53.84615384615385,0.0,0.010638297872340425,8.43896509810731,1.87532557735718,0.0,0.0,1.87532557735718,0.013105479,0.0,0.0122885199861087,18,3,0.0,1
statsbomb,1,43,1,2022,7,10,799,51103,50.86666666666667,23,0,7,12.385321100917432,45.45454545454545,0.0,0.043478260869565216,3.5386631716906947,0.0,1.7693315858453473,1.7693315858453473,3.5386631716906947,0.0,0.0,0.0,2,2,0.0,0
statsbomb,1,43,1,2022,7,10,799,51469,60.96666666666667,60,3,2,7.381082558775287,62.5,0.0,0.05,19.190814652815746,2.952433023510115,0.0,1.4762165117550574,5.90486604702023,0.02182735,0.0,0.03222189447785675,8,4,0.0,2
statsbomb,1,43,1,2022,7,10,799,51470,59.96666666666667,49,1,4,7.5041689827682045,89.47368421052632,0.0,0.04081632653061224,18.01000555864369,1.500833796553641,0.0,3.001667593107282,10.505836575875486,0.0,0.0,0.0,3,2,0.0,2
statsbomb,1,43,1,2022,7,10,799,51546,95.98333333333333,43,1,10,10.31429067546449,75.0,0.0,0.0,10.31429067546449,0.93766278867859,1.87532557735718,1.87532557735718,0.93766278867859,0.0,0.0,0.0,5,4,0.0,0
statsbomb,1,43,1,2022,7,10,799,51705,32.9,27,1,1,5.471124620060791,85.71428571428571,0.0,0.1111111111111111,30.09118541033435,0.0,0.0,0.0,5.471124620060791,0.0,0.0,0.0,5,2,0.0,3
statsbomb,1,43,1,2022,7,10,799,51710,96.98333333333333,61,4,14,16.703901013919918,53.84615384615385,50.0,0.04918032786885246,10.207939508506616,2.7839835023199866,0.0,2.7839835023199866,3.711978003093315,0.0,0.0,0.0,16,6,0.0,2
statsbomb,1,43,1,2022,7,10,799,5187,96.98333333333333,80,2,7,8.351950506959959,69.56521739130434,100.0,0.05,13.919917511599932,1.8559890015466576,0.9279945007733288,0.0,3.711978003093315,0.535634056,0.0,0.4970654583949133,14,3,0.0,1
statsbomb,1,43,1,2022,7,10,799,5188,9.883333333333333,11,0,2,18.21247892074199,50.0,0.0,0.0,27.318718381112987,0.0,0.0,0.0,9.106239460370995,0.0,0.0,0.0,2,0,0.0,0
statsbomb,1,43,1,2022,7,10,799,5713,96.96666666666667,88,1,6,6.4970780336885525,77.77777777777779,33.33333333333333,0.045454545454545456,13.922310072189756,0.9281540048126504,0.0,0.0,7.425232038501203,0.12136625200000001,0.0,0.11264657284290135,7,2,0.0,1
statsbomb,1,43,1,2022,7,10,799,5714,96.98333333333333,59,0,37,34.335796528613166,40.909090909090914,0.0,0.0,0.9279945007733288,0.0,0.0,0.0,6.495961505413302,0.0,0.0,0.0,15,14,0.0,1
statsbomb,1,43,1,2022,7,10,799,5715,36.916666666666664,21,0,5,12.189616252821672,71.42857142857143,0.0,0.0,9.751693002257337,0.0,0.0,2.4379232505643342,2.4379232505643342,0.0,0.0,0.0,2,1,0.0,0
statsbomb,1,43,1,2022,7,10,799,57620,86.98333333333333,89,1,19,20.693619467330908,61.111111111111114,0.0,0.033707865168539325,10.346809733665454,1.0346809733665454,0.0,1.0346809733665454,3.1040429200996362,0.244814519,0.0,0.2533049248131826,20,9,0.0,1
statsbomb,1,43,1,2022,8,13,768,,94.81666666666666,0,0,0,0.0,0.0,0.0,0.0,0.0,0.0,0.0,0.0,0.0,0.0,0.0,0.0,0,0,0.0,0
statsbomb,1,43,1,2022,8,13,768,10955,57.95,48,3,3,9.318377911993098,77.77777777777779,0.0,0.041666666666666664,7.765314926660914,3.106125970664366,0.0,0.0,6.212251941328732,0.058247065,0.0,0.0904613606557377,6,2,0.0,0
statsbomb,1,43,1,2022,8,13,768,30714,93.96666666666667,162,4,8,11.493437389145086,90.38461538461539,50.0,0.018518518518518517,9.577864490954239,4.7889322454771195,0.9577864490954239,1.9155728981908478,4.7889322454771195,0.49393251000000005,0.0,0.47308186484569,17,7,0.0,1
statsbomb,1,43,1,2022,8,13,768,3205,56.983333333333334,139,0,11,17.373501023691137,90.9090909090909,0.0,0.0,3.158818367943843,0.0,0.0,1.5794091839719215,6.317636735887686,0.0,0.0,0.0,22,5,0.0,0
statsbomb,1,43,1,2022,8,13,768,3244,92.98333333333333,226,8,22,29.03746191073669,91.46341463414635,0.0,0.0,0.9679153970245563,8.711238573221006,0.0,0.9679153970245563,2.903746191073669,0.46152714100000003,0.0,0.4467192259186234,7,6,0.0,0
statsbomb,1,43,1,2022,8,13,768,3308,26.983333333333334,38,0,2,6.670784434836318,100.0,0.0,0.0,6.670784434836318,0.0,3.335392217418159,0.0,3.335392217418159,0.0,0.0,0.0,0,0,0.0,0
statsbomb,1,43,1,2022,8,13,768,3318,74.98333333333333,126,2,1,3.600800177817293,74.19354838709677,50.0,0.047619047619047616,7.201600355634586,4.80106690375639,1.2002667259390976,1.2002667259390976,4.80106690375639,0.662278414,0.0,0.7949107436319182,13,1,0.0,1
statsbomb,1,43,1,2022,8,13,768,3336,91.98333333333333,243,10,31,40.11596303678203,90.80459770114942,0.0,0.0,0.9784381228483421,8.805943105635079,0.0,0.9784381228483421,0.0,0.01084097,0.0,0.010607218336655191,10,9,0.0,0
statsbomb,1,43,1,2022,8,13,768,3382,62.983333333333334,163,4,17,30.00793860809738,85.0,0.0,0.0,5.715797830113787,1.4289494575284467,0.0,0.0,2.8578989150568934,0.0,0.0,0.0,23,9,0.0,1
statsbomb,1,43,1,2022,8,13,768,3468,90.96666666666667,81,0,6,5.9362403810919755,93.75,0.0,0.0,0.0,0.0,0.0,0.0,0.9893733968486625,0.0,0.0,0.0,1,1,0.0,0
statsbomb,1,43,1,2022,8,13,768,3532,94.98333333333333,165,3,14,16.10808913844534,83.60655737704919,0.0,0.012121212121212121,11.370415862432004,2.842603965608001,0.9475346552026671,0.9475346552026671,0.9475346552026671,0.0,0.0,0.0,27,6,0.0,1
statsbomb,1,43,1,2022,8,13,768,3616,34.983333333333334,35,2,0,5.145307289185326,71.42857142857143,0.0,0.08571428571428572,18.008575512148642,5.145307289185326,0.0,0.0,5.145307289185326,0.0,0.0,0.0,4,2,0.0,0
statsbomb,1,43,1,2022,8,13,768,3664,31.983333333333334,58,1,8,25.325690463783218,95.65217391304348,0.0,0.0,11.255862428348097,2.8139656070870243,0.0,2.8139656070870243,0.0,0.0,0.0,0.0,3,1,0.0,0
statsbomb,1,43,1,2022,8,13,768,3943,57.95,118,3,13,24.849007765314926,93.75,0.0,0.0,6.212251941328732,3.106125970664366,0.0,0.0,4.659188955996549,0.0,0.0,0.0,15,7,0.0,1
statsbomb,1,43,1,2022,8,13,768,4354,93.96666666666667,119,4,4,7.662291592763391,75.0,100.0,0.01680672268907563,6.7045051436679675,4.7889322454771195,0.0,0.0,3.8311457963816955,1.22865907,0.0,1.1767930078041857,22,2,0.0,2
statsbomb,1,43,1,2022,8,13,768,4706,34.95,38,1,2,7.725321888412016,100.0,0.0,0.0,20.60085836909871,2.5751072961373387,0.0,2.5751072961373387,0.0,0.0,0.0,0.0,1,1,0.0,0
statsbomb,1,43,1,2022,8,13,768,9638,18.983333333333334,50,3,2,23.705004389815624,93.33333333333333,100.0,0.0,4.741000877963125,9.48200175592625,0.0,0.0,4.741000877963125,0.0,0.0,0.0,6,2,0.0,0
statsbomb,1,43,1,2022,8,12,907,,94.78333333333333,0,0,0,0.0,0.0,0.0,0.0,0.0,0.0,0.0,0.0,0.0,0.0,0.0,0.0,0,0,0.0,0
statsbomb,1,43,1,2022,8,12,907,10931,79.96666666666667,72,0,2,2.2509378907878284,85.18518518518519,0.0,0.013888888888888888,9.003751563151313,0.0,0.0,0.0,4.501875781575657,0.063709024,0.0,0.07170252805335557,2,1,0.0,3
statsbomb,1,43,1,2022,8,12,907,11250,93.98333333333333,117,2,12,13.406632381627947,91.30434782608695,0.0,0.0,7.660932789501684,1.915233197375421,0.0,0.9576165986877105,0.0,0.0,0.0,0.0,0,0,0.0,2
statsbomb,1,43,1,2022,8,12,907,11252,76.95,45,1,2,3.508771929824561,73.33333333333333,0.0,0.0,14.035087719298245,2.3391812865497075,0.0,0.0,2.3391812865497075,0.0,0.0,0.0,6,2,0.0,0
statsbomb,1,43,1,2022,8,12,907,22074,34.983333333333334,34,0,2,5.145307289185326,91.66666666666666,0.0,0.0,18.008575512148642,0.0,0.0,2.572653644592663,12.863268222963315,0.0,0.0,0.0,1,0,0.0,1
statsbomb,1,43,1,2022,8,12,907,29377,45.88333333333333,23,2,1,5.884489647657102,66.66666666666666,0.0,0.08695652173913043,13.730475844533236,1.9614965492190337,0.0,0.0,1.9614965492190337,0.02192258,0.0,0.043001065019978205,2,1,0.0,1
statsbomb,1,43,1,2022,8,12,907,3086,58.96666666666667,63,0,15,22.894290559638215,51.724137931034484,0.0,0.015873015873015872,10.6840022611645,0.0,0.0,1.5262860373092142,0.0,0.0,0.0,0.0,6,5,0.0,0
statsbomb,1,43,1,2022,8,12,907,34794,33.983333333333334,16,1,2,7.945071113290828,83.33333333333334,0.0,0.0,10.593428151054438,2.6483570377636094,0.0,0.0,5.296714075527219,0.0,0.0,0.0,1,1,0.0,0
statsbomb,1,43,1,2022,8,12,907,3517,93.96666666666667,86,1,3,3.8311457963816955,83.33333333333334,0.0,0.023255813953488372,25.860234125576444,0.9577864490954239,0.9577864490954239,0.0,0.9577864490954239,0.0,0.0,0.0,9,3,0.0,1
statsbomb,1,43,1,2022,8,12,907,3853,92.98333333333333,74,1,5,5.807492382147338,64.70588235294117,0.0,0.05405405405405406,30.005377307761247,0.0,0.0,0.0,0.9679153970245563,0.065982343,0.0,0.06386532572145545,10,5,0.0,0
statsbomb,1,43,1,2022,8,12,907,4767,92.98333333333333,136,5,23,27.101631116687578,92.45283018867924,0.0,0.0,6.7754077791718945,2.903746191073669,0.0,0.0,0.9679153970245563,0.0,0.0,0.0,5,2,0.0,2
statsbomb,1,43,1,2022,8,12,907,4774,56.983333333333334,85,2,8,15.794091839719215,90.0,100.0,0.0,3.158818367943843,0.0,0.0,0.0,1.5794091839719215,0.0,0.0,0.0,9,2,0.0,0
statsbomb,1,43,1,2022,8,12,907,4934,92.95,83,2,10,11.619150080688541,77.14285714285715,0.0,0.0,7.746100053792361,2.9047875201721354,0.9682625067240451,0.9682625067240451,2.9047875201721354,0.0,0.0,0.0,9,5,0.0,0
statsbomb,1,43,1,2022,8,12,907,6399,43.95,17,0,3,6.14334470989761,20.0,0.0,0.11764705882352941,6.14334470989761,0.0,0.0,0.0,0.0,0.0,0.0,0.0,2,2,0.0,1
statsbomb,1,43,1,2022,8,12,907,82257,13.833333333333334,11,0,1,6.506024096385542,50.0,0.0,0.0,19.518072289156628,0.0,0.0,0.0,6.506024096385542,0.025066664,0.0,0.16308432,3,1,0.0,0
statsbomb,1,43,1,2022,8,12,907,9540,16.866666666666667,18,0,1,5.335968379446641,85.71428571428571,0.0,0.0,10.671936758893281,5.335968379446641,0.0,0.0,0.0,0.031328887,0.0,0.16716995039525692,2,1,0.0,1
statsbomb,1,43,1,2022,8,12,907,9914,92.98333333333333,66,0,24,23.22996952858935,62.5,0.0,0.0,0.0,0.0,0.0,0.0,2.903746191073669,0.0,0.0,0.0,5,3,0.0,0
statsbomb,1,43,1,2022,9,15,780,,96.98333333333333,0,0,0,0.0,0.0,0.0,0.0,0.0,0.0,0.0,0.0,0.0,0.0,0.0,0.0,0,0,0.0,0
statsbomb,1,43,1,2022,9,15,780,10868,96.95,66,3,6,8.354822073233626,59.09090909090909,0.0,0.0,12.068076328004127,1.8566271273852502,0.0,0.9283135636926251,4.641567818463125,0.458795408,0.0,0.42590600020629193,13,3,0.0,2
statsbomb,1,43,1,2022,9,15,780,12169,31.983333333333334,49,1,3,11.255862428348097,94.11764705882352,100.0,0.02040816326530612,16.883793642522146,0.0,0.0,0.0,2.8139656070870243,0.021024177,0.0,0.05916131099531006,4,2,0.0,0
statsbomb,1,43,1,2022,9,15,780,143854,96.96666666666667,154,4,11,13.922310072189756,98.27586206896551,0.0,0.0,1.8563080096253008,4.640770024063253,0.0,0.9281540048126504,1.8563080096253008,0.0,0.0,0.0,6,4,0.0,0
statsbomb,1,43,1,2022,9,15,780,16028,94.96666666666667,173,5,20,23.692523692523693,80.3030303030303,33.33333333333333,0.011560693641618497,5.686205686205686,5.686205686205686,0.0,0.0,2.843102843102843,0.036435805,0.0,0.03453024692874693,27,10,0.0,1
statsbomb,1,43,1,2022,9,15,780,18360,31.983333333333334,41,5,1,16.883793642522146,70.0,100.0,0.024390243902439025,11.255862428348097,5.6279312141740485,0.0,0.0,0.0,0.029762346,0.0,0.08375021803022406,6,1,0.0,0
statsbomb,1,43,1,2022,9,15,780,20016,92.98333333333333,198,0,29,28.069546513712133,89.74358974358975,100.0,0.0,2.903746191073669,0.0,0.0,0.0,3.8716615880982252,0.0,0.0,0.0,17,15,0.0,1
statsbomb,1,43,1,2022,9,15,780,3193,10.85,25,1,2,24.884792626728114,87.5,0.0,0.0,8.294930875576037,24.884792626728114,0.0,0.0,0.0,0.0,0.0,0.0,4,2,0.0,0
statsbomb,1,43,1,2022,9,15,780,32975,86.88333333333334,70,0,21,21.753309035104547,69.6969696969697,0.0,0.0,0.0,0.0,0.0,0.0,1.0358718588145022,0.0,0.0,0.0,7,6,0.0,0
statsbomb,1,43,1,2022,9,15,780,34639,81.98333333333333,189,3,18,23.053466151656842,96.7741935483871,100.0,0.005291005291005291,9.880056922138646,4.391136409839398,0.0,0.0,4.391136409839398,0.053871288999999996,0.0,0.059139044643220166,26,11,0.0,2
statsbomb,1,43,1,2022,9,15,780,40874,61.983333333333334,91,2,7,13.068029040064532,72.41379310344827,100.0,0.03296703296703297,7.260016133369184,2.904006453347674,0.0,0.0,1.452003226673837,0.007849269,0.0,0.011397163915030923,12,3,0.0,1
statsbomb,1,43,1,2022,9,15,780,4272,80.98333333333333,116,1,4,5.556698909240585,94.5945945945946,0.0,0.02586206896551724,12.224737600329288,1.111339781848117,0.0,1.111339781848117,5.556698909240585,0.0,0.0,0.0,19,0,0.0,1
statsbomb,1,43,1,2022,9,15,780,5207,64.98333333333333,61,1,2,4.154911515773275,78.94736842105263,0.0,0.03278688524590164,5.539882021031033,1.3849705052577583,0.0,0.0,2.7699410105155167,0.311160401,0.0,0.43094797778917665,5,0,0.0,1
statsbomb,1,43,1,2022,9,15,780,5214,11.966666666666667,39,0,3,22.56267409470752,92.85714285714286,0.0,0.0,45.12534818941504,0.0,7.520891364902507,0.0,0.0,0.0,0.0,0.0,5,1,0.0,0
statsbomb,1,43,1,2022,9,15,780,5218,30.95,38,3,2,14.539579967689821,90.9090909090909,0.0,0.05263157894736842,8.723747980613894,8.723747980613894,0.0,0.0,2.9079159935379644,0.0,0.0,0.0,6,2,0.0,0
statsbomb,1,43,1,2022,9,15,780,7005,95.98333333333333,249,5,29,31.88053481507206,86.81318681318682,71.42857142857143,0.020080321285140562,5.62597673207154,7.50130230942872,0.93766278867859,1.87532557735718,10.31429067546449,0.054823571,0.0,0.05140602246917868,40,14,0.0,0
statsbomb,1,43,1,2022,9,15,780,9927,64.95,178,3,17,27.71362586605081,96.875,0.0,0.0,5.542725173210162,8.314087759815243,0.0,1.3856812933025404,4.157043879907621,0.0,0.0,0.0,18,10,0.0,1
statsbomb,1,43,1,2022,9,14,791,,96.98333333333333,0,0,0,0.0,0.0,0.0,0.0,0.0,0.0,0.0,0.0,0.0,0.0,0.0,0.0,0,0,0.0,0
statsbomb,1,43,1,2022,9,14,791,22740,81.96666666666667,72,2,7,9.882065880439203,81.48148148148148,0.0,0.013888888888888888,17.568117120780805,2.1960146400976006,0.0,0.0,4.392029280195201,0.023724081,0.0,0.026049214599430662,12,2,0.0,1
statsbomb,1,43,1,2022,9,14,791,23763,96.98333333333333,119,0,14,12.991923010826604,79.06976744186046,0.0,0.0,9.279945007733287,1.8559890015466576,0.9279945007733288,0.0,3.711978003093315,0.121394608,0.0,0.11265352864753395,15,8,0.0,1
statsbomb,1,43,1,2022,9,14,791,29966,15.7,11,0,0,0.0,100.0,0.0,0.0,34.39490445859873,0.0,0.0,0.0,0.0,0.0,0.0,0.0,1,0,0.0,1
statsbomb,1,43,1,2022,9,14,791,3083,96.95,84,6,2,7.426508509541001,80.0,50.0,0.023809523809523808,4.641567818463125,6.498194945848375,0.9283135636926251,0.0,5.56988138215575,0.145676741,0.0,0.13523369458483755,12,3,0.0,0
statsbomb,1,43,1,2022,9,14,791,37641,94.98333333333333,85,1,24,23.68836638006668,72.09302325581395,0.0,0.0,0.0,1.8950693104053342,0.0,0.0,3.7901386208106684,0.0,0.0,0.0,13,12,0.0,0
statsbomb,1,43,1,2022,9,14,791,40538,96.96666666666667,87,1,15,14.850464077002407,77.77777777777779,100.0,0.0,3.7126160192506017,0.0,0.9281540048126504,1.8563080096253008,4.640770024063253,0.0,0.0,0.0,13,6,0.0,1
statsbomb,1,43,1,2022,9,14,791,40542,92.96666666666667,71,2,6,7.744711366081033,56.52173913043478,0.0,0.08450704225352113,11.617067049121548,0.9680889207601291,0.0,0.0,1.9361778415202582,0.040536147,0.0,0.03924259480100395,16,5,0.0,2
statsbomb,1,43,1,2022,9,14,791,40558,7.566666666666666,18,0,2,23.78854625550661,87.5,0.0,0.0,59.47136563876653,0.0,0.0,0.0,0.0,0.0,0.0,0.0,2,1,0.0,1
statsbomb,1,43,1,2022,9,14,791,40564,93.98333333333333,84,0,8,7.660932789501684,94.11764705882352,0.0,0.0,1.915233197375421,0.0,0.0,2.8728497960631314,1.915233197375421,0.0,0.0,0.0,3,0,0.0,0
statsbomb,1,43,1,2022,9,14,791,40672,96.98333333333333,88,1,13,12.991923010826604,81.57894736842105,0.0,0.022727272727272728,4.639972503866644,1.8559890015466576,0.0,0.9279945007733288,3.711978003093315,0.0,0.0,0.0,15,5,0.0,3
statsbomb,1,43,1,2022,9,14,791,5604,80.98333333333333,99,2,17,21.115455855114224,84.61538461538461,0.0,0.0,3.334019345544351,2.222679563696234,0.0,0.0,3.334019345544351,0.6242964,0.0,0.6938054249845648,4,3,0.0,1
statsbomb,1,43,1,2022,9,14,791,5618,96.98333333333333,146,0,24,22.271868018559893,87.5,0.0,0.0,12.991923010826604,0.0,0.0,0.0,5.567967004639973,0.0,0.0,0.0,23,16,0.0,2
statsbomb,1,43,1,2022,9,14,791,5620,31.683333333333334,28,2,1,8.521830615465545,75.0,50.0,0.14285714285714285,11.362440820620726,11.362440820620726,0.0,0.0,8.521830615465545,0.42196128,0.0,1.198627518148343,3,2,0.0,2
statsbomb,1,43,1,2022,9,14,791,5623,64.9,45,1,1,2.7734976887519256,80.0,100.0,0.0,33.28197226502311,1.3867488443759628,1.3867488443759628,1.3867488443759628,5.546995377503851,0.021393217,0.0,0.0296670189522342,10,0,0.0,1
statsbomb,1,43,1,2022,9,14,791,99479,94.0,0,0,0,0.0,0.0,0.0,0.0,0.9574468085106383,0.0,0.0,0.0,0.0,0.0,0.0,0.0,0,0,0.0,0
statsbomb,1,43,1,2022,10,16,770,,95.81666666666666,0,0,0,0.0,0.0,0.0,0.0,0.0,0.0,0.0,0.0,0.0,0.0,0.0,0.0,0,0,0.0,0
statsbomb,1,43,1,2022,10,16,770,10287,69.98333333333333,49,1,1,2.5720409621338414,76.47058823529412,33.33333333333333,0.10204081632653061,11.574184329602286,2.5720409621338414,2.5720409621338414,1.2860204810669207,7.716122886401524,0.0,0.0,0.0,3,2,0.0,2
statsbomb,1,43,1,2022,10,16,770,12034,85.98333333333333,109,6,18,25.121147509207212,73.91304347826086,100.0,0.01834862385321101,14.654002713704207,5.2335723977515025,1.0467144795503005,5.2335723977515025,2.093428959100601,0.0,0.0,0.0,19,8,0.0,0
statsbomb,1,43,1,2022,10,16,770,24118,8.75,10,0,3,30.85714285714286,75.0,0.0,0.0,30.85714285714286,0.0,0.0,10.285714285714286,0.0,0.0,0.0,0.0,3,3,0.0,0
statsbomb,1,43,1,2022,10,16,770,3053,24.766666666666666,32,2,2,14.535666218034994,77.77777777777779,50.0,0.03125,3.6339165545087484,7.267833109017497,0.0,0.0,3.6339165545087484,0.0,0.0,0.0,8,1,0.0,0
statsbomb,1,43,1,2022,10,16,770,3167,93.98333333333333,130,0,18,17.23709877637879,87.5,0.0,0.0,1.915233197375421,2.8728497960631314,0.9576165986877105,0.0,1.915233197375421,0.015358871699999999,0.0,0.014707910477034934,6,6,0.0,0
statsbomb,1,43,1,2022,10,16,770,39565,93.98333333333333,105,8,0,7.660932789501684,90.0,66.66666666666666,0.06666666666666667,13.406632381627947,6.703316190813974,0.0,1.915233197375421,4.788082993438553,0.28996226,0.0,0.2776726731690016,14,5,0.0,0
statsbomb,1,43,1,2022,10,16,770,5562,69.96666666666667,46,0,1,1.2863268222963316,66.66666666666666,0.0,0.021739130434782608,30.87184373511196,0.0,0.0,0.0,1.2863268222963316,0.0,0.0,0.0,5,1,0.0,4
statsbomb,1,43,1,2022,10,16,770,5570,84.98333333333333,96,0,19,20.121592469111594,82.05128205128204,0.0,0.0,0.0,0.0,0.0,0.0,3.177093547754462,0.0,0.0,0.0,3,1,0.0,0
statsbomb,1,43,1,2022,10,16,770,5579,93.98333333333333,85,1,10,10.533782585564817,79.48717948717949,100.0,0.0,17.23709877637879,1.915233197375421,0.0,0.9576165986877105,2.8728497960631314,0.149147146,0.0,0.14282578265649937,14,4,0.0,2
statsbomb,1,43,1,2022,10,16,770,6322,92.96666666666667,120,4,16,19.361778415202583,87.2340425531915,0.0,0.0,12.585155969881678,5.808533524560774,2.904266762280387,0.9680889207601291,7.744711366081033,0.0,0.0,0.0,9,4,0.0,3
statsbomb,1,43,1,2022,10,16,770,6324,94.98333333333333,60,1,10,10.422881207229338,84.61538461538461,0.0,0.05,14.213019828040007,0.9475346552026671,0.0,1.8950693104053342,4.737673276013336,0.036448006,0.0,0.03453574879803474,9,4,0.0,3
statsbomb,1,43,1,2022,10,16,770,8400,83.96666666666667,77,1,1,2.1437078205637157,66.66666666666666,66.66666666666666,0.025974025974025976,16.077808654227866,1.0718539102818578,0.0,3.2155617308455735,4.287415641127431,0.053443604,0.0,0.05728373592695514,5,1,0.0,0
statsbomb,1,43,1,2022,10,16,770,8507,25.933333333333334,16,1,2,10.411311053984576,88.88888888888889,0.0,0.0,10.411311053984576,3.4704370179948585,0.0,3.4704370179948585,3.4704370179948585,0.0,0.0,0.0,6,2,0.0,0
statsbomb,1,43,1,2022,10,16,770,8511,69.95,69,0,9,11.579699785561115,75.0,0.0,0.0,27.019299499642603,0.0,0.0,2.573266619013581,3.8598999285203717,0.0,0.0,0.0,7,1,0.0,5
statsbomb,1,43,1,2022,10,16,770,8546,25.966666666666665,28,0,2,6.931964056482671,71.42857142857143,100.0,0.0,6.931964056482671,0.0,0.0,0.0,3.4659820282413354,0.6025922260000001,0.0,2.0885738256739415,4,1,0.0,0
statsbomb,1,43,1,2022,10,16,770,8804,8.7,6,0,0,0.0,50.0,0.0,0.0,41.37931034482759,0.0,0.0,0.0,0.0,0.0,0.0,0.0,1,0,0.0,2
statsbomb,1,43,1,2022,10,4,772,,95.95,0,0,0,0.0,0.0,0.0,0.0,0.0,0.0,0.0,0.0,0.0,0.0,0.0,0.0,0,0,0.0,0
statsbomb,1,43,1,2022,10,4,772,11748,92.98333333333333,132,0,12,11.614984764294675,92.15686274509804,0.0,0.0,0.0,0.0,0.0,0.0,2.903746191073669,0.0,0.0,0.0,0,0,0.0,0
statsbomb,1,43,1,2022,10,4,772,133353,65.98333333333333,43,2,2,5.455923212932559,83.33333333333334,0.0,0.06976744186046512,24.551654458196516,2.7279616064662795,0.0,0.0,6.819904016165699,0.0,0.0,0.0,6,1,0.0,2
statsbomb,1,43,1,2022,10,4,772,16532,91.98333333333333,153,6,7,12.719695597028448,80.48780487804879,0.0,0.058823529411764705,14.676571842725131,3.9137524913933683,0.0,2.9353143685450265,6.849066859938395,0.0440084355,0.0,0.04305953102011234,17,5,0.0,1
statsbomb,1,43,1,2022,10,4,772,30486,93.98333333333333,188,6,16,21.067565171129633,95.23809523809523,50.0,0.015957446808510637,10.533782585564817,5.745699592126263,0.0,2.8728497960631314,5.745699592126263,0.0,0.0,0.0,16,7,0.0,2
statsbomb,1,43,1,2022,10,4,772,3477,34.96666666666667,34,2,1,7.721639656816015,50.0,0.0,0.08823529411764706,12.869399428026691,5.147759771210676,0.0,0.0,0.0,0.31874228,0.0,0.8204043431839847,1,0,0.0,0
statsbomb,1,43,1,2022,10,4,772,39161,12.983333333333333,25,0,3,20.795892169448013,88.88888888888889,0.0,0.0,13.863928112965342,0.0,6.931964056482671,0.0,0.0,0.0,0.0,0.0,0,0,0.0,0
statsbomb,1,43,1,2022,10,4,772,4353,91.98333333333333,253,6,25,30.331581808298605,90.81632653061224,0.0,0.0,3.9137524913933683,4.89219061424171,0.0,1.9568762456966842,0.9784381228483421,0.0,0.0,0.0,9,7,0.0,0
statsbomb,1,43,1,2022,10,4,772,5199,25.966666666666665,35,1,4,17.32991014120668,69.23076923076923,0.0,0.0,13.863928112965342,3.4659820282413354,0.0,3.4659820282413354,0.0,0.0,0.0,0.0,3,3,0.0,1
statsbomb,1,43,1,2022,10,4,772,5203,93.98333333333333,99,0,11,10.533782585564817,93.18181818181817,100.0,0.0,11.491399184252526,0.0,0.0,0.9576165986877105,3.830466394750842,0.0,0.0,0.0,8,7,0.0,2
statsbomb,1,43,1,2022,10,4,772,5211,81.96666666666667,207,2,25,29.64619764131761,87.8048780487805,100.0,0.00966183574879227,17.568117120780805,3.294021960146401,1.0980073200488003,1.0980073200488003,4.392029280195201,0.021667236,0.0,0.023790783733224886,23,9,0.0,4
statsbomb,1,43,1,2022,10,4,772,5719,64.98333333333333,106,5,6,15.234675557835342,85.29411764705883,0.0,0.03773584905660377,5.539882021031033,6.924852526288792,0.0,0.0,1.3849705052577583,0.13836038,0.0,0.19162504539625544,16,7,0.0,0
statsbomb,1,43,1,2022,10,4,772,5721,94.98333333333333,175,7,15,20.845762414458676,90.54054054054053,0.0,0.005714285714285714,6.6327425864186695,3.7901386208106684,0.0,0.0,2.842603965608001,0.0,0.0,0.0,9,6,0.0,2
statsbomb,1,43,1,2022,10,4,772,6748,53.96666666666667,78,3,5,13.341568869672637,55.00000000000001,0.0,0.05128205128205128,11.673872760963556,3.335392217418159,0.0,0.0,0.0,0.11672238500000001,0.0,0.19465746726374306,9,3,0.0,0
statsbomb,1,43,1,2022,10,4,772,6765,94.98333333333333,270,3,32,33.16371293209335,91.42857142857143,0.0,0.003703703703703704,9.475346552026672,0.9475346552026671,0.9475346552026671,0.0,2.842603965608001,0.0,0.0,0.0,6,0,0.0,0
statsbomb,1,43,1,2022,10,4,772,68574,27.983333333333334,44,1,2,9.64860035735557,88.88888888888889,100.0,0.06818181818181818,28.945801072066704,3.2162001191185228,0.0,3.2162001191185228,3.2162001191185228,0.0,0.0,0.0,6,2,0.0,2
statsbomb,1,43,1,2022,11,18,779,,96.86666666666666,0,0,0,0.0,0.0,0.0,0.0,0.0,0.0,0.0,0.0,0.0,0.0,0.0,0.0,0,0,0.0,0
statsbomb,1,43,1,2022,11,18,779,11456,16.916666666666668,34,1,2,15.960591133004925,90.9090909090909,0.0,0.0,5.320197044334975,0.0,0.0,0.0,5.320197044334975,0.17955275,0.0,0.9552560098522167,3,0,0.0,0
statsbomb,1,43,1,2022,11,18,779,16308,34.96666666666667,217,4,23,69.49475691134413,96.25,0.0,0.0,5.147759771210676,10.295519542421353,0.0,0.0,2.573879885605338,0.0,0.0,0.0,19,11,0.0,0
statsbomb,1,43,1,2022,11,18,779,19597,58.983333333333334,116,3,7,15.258547612319864,81.3953488372093,0.0,0.008620689655172414,9.155128567391918,3.0517095224639728,0.0,0.0,12.206838089855891,0.076122072,0.0,0.11615122599604408,21,6,0.0,2
statsbomb,1,43,1,2022,11,18,779,20572,95.98333333333333,199,3,18,19.69091856225039,90.78947368421053,0.0,0.0,8.43896509810731,2.81298836603577,0.0,0.93766278867859,1.87532557735718,0.0,0.0,0.0,6,5,0.0,3
statsbomb,1,43,1,2022,11,18,779,27886,82.98333333333333,158,5,10,16.26832697328781,92.5925925925926,0.0,0.006329113924050633,7.591885920867644,3.2536653946575615,0.0,0.0,8.676441052420165,0.23764554400000001,0.0,0.25773969423579035,23,6,0.0,2
statsbomb,1,43,1,2022,11,18,779,28637,12.966666666666667,37,1,1,13.881748071979434,92.3076923076923,0.0,0.0,13.881748071979434,6.940874035989717,0.0,0.0,6.940874035989717,0.0,0.0,0.0,5,1,0.0,0
statsbomb,1,43,1,2022,11,18,779,29201,95.98333333333333,201,5,13,16.87793019621462,91.02564102564102,0.0,0.009950248756218905,10.31429067546449,2.81298836603577,0.0,0.0,2.81298836603577,0.0,0.0,0.0,34,13,0.0,3
statsbomb,1,43,1,2022,11,18,779,29560,78.98333333333333,82,3,2,5.697404515720617,87.5,0.0,0.0,9.115847225152987,2.2789618062882466,1.1394809031441233,0.0,4.557923612576493,0.81140879,0.0,0.9245848208482803,10,2,0.0,1
statsbomb,1,43,1,2022,11,18,779,2995,57.983333333333334,174,5,7,18.626041966082205,78.43137254901961,70.0,0.022988505747126436,20.17821212992239,9.313020983041103,0.0,0.0,4.656510491520551,0.044473081,0.0,0.06902978942224777,46,3,0.0,3
statsbomb,1,43,1,2022,11,18,779,3090,95.98333333333333,257,9,31,37.5065115471436,95.6989247311828,0.0,0.0,6.5636395207501295,7.50130230942872,0.0,0.93766278867859,1.87532557735718,0.0,0.0,0.0,15,13,0.0,3
statsbomb,1,43,1,2022,11,18,779,38718,77.98333333333333,256,5,19,27.6982261166916,92.47311827956989,0.0,0.0,4.6163710194486,3.46227826458645,0.0,2.3081855097243,5.77046377431075,0.024548035,0.0,0.028330709339602477,22,14,0.0,2
statsbomb,1,43,1,2022,11,18,779,5503,94.98333333333333,246,17,22,36.95385155290402,85.71428571428571,100.0,0.0040650406504065045,4.737673276013336,11.370415862432004,0.9475346552026671,0.0,3.7901386208106684,1.163422857,0.0,1.102383475662397,52,19,0.0,0
statsbomb,1,43,1,2022,11,18,779,5507,34.95,106,3,4,18.02575107296137,100.0,0.0,0.0,5.150214592274677,7.725321888412016,0.0,0.0,2.5751072961373387,0.22421487,0.0,0.5773773476394849,14,0,0.0,0
statsbomb,1,43,1,2022,11,18,779,6909,74.95,32,0,5,6.00400266844563,85.71428571428571,0.0,0.0,0.0,0.0,0.0,0.0,6.00400266844563,0.0,0.0,0.0,1,0,0.0,0
statsbomb,1,43,1,2022,11,18,779,7161,17.966666666666665,45,0,4,20.03710575139147,100.0,0.0,0.0,0.0,0.0,0.0,0.0,5.009276437847867,0.0,0.0,0.0,0,0,0.0,0
statsbomb,1,43,1,2022,11,18,779,7797,95.98333333333333,421,9,37,43.13248827921514,93.4640522875817,0.0,0.004750593824228029,10.31429067546449,6.5636395207501295,0.0,2.81298836603577,3.75065115471436,0.3152717,0.0,0.2956185414134398,58,21,0.0,2
statsbomb,1,43,1,2022,11,17,789,,96.28333333333333,0,0,0,0.0,0.0,0.0,0.0,0.0,0.0,0.0,0.0,0.0,0.0,0.0,0.0,0,0,0.0,0
statsbomb,1,43,1,2022,11,17,789,11737,57.983333333333334,86,3,8,17.073871802242024,88.88888888888889,0.0,0.011627906976744186,15.52170163840184,6.208680655360736,0.0,1.552170163840184,3.104340327680368,0.061495427,0.0,0.09545136700201207,7,4,0.0,1
statsbomb,1,43,1,2022,11,17,789,12493,10.6,5,0,1,8.49056603773585,50.0,0.0,0.0,16.9811320754717,0.0,0.0,0.0,0.0,0.0,0.0,0.0,1,1,0.0,0
statsbomb,1,43,1,2022,11,17,789,28453,45.916666666666664,29,0,1,1.9600725952813067,88.88888888888889,0.0,0.0,9.800362976406534,1.9600725952813067,0.0,1.9600725952813067,0.0,0.026707038,0.0,0.05234773328493648,0,0,0.0,0
statsbomb,1,43,1,2022,11,17,789,3034,93.96666666666667,93,0,5,4.7889322454771195,94.11764705882352,0.0,0.0,1.9155728981908478,0.0,0.0,1.9155728981908478,0.9577864490954239,0.10939278,0.0,0.1047749223128769,0,0,0.0,0
statsbomb,1,43,1,2022,11,17,789,31955,48.95,33,2,2,7.354443309499489,40.0,0.0,0.06060606060606061,14.708886618998978,3.6772216547497445,0.0,0.0,5.515832482124617,0.0,0.0,0.0,3,2,0.0,0
statsbomb,1,43,1,2022,11,17,789,3637,82.98333333333333,63,0,10,10.845551315525206,80.0,0.0,0.015873015873015872,22.775657762602933,0.0,0.0,2.169110263105041,3.2536653946575615,0.0,0.0,0.0,6,4,0.0,2
statsbomb,1,43,1,2022,11,17,789,44166,91.96666666666667,111,3,13,15.65784704603117,88.37209302325581,0.0,0.0,3.9144617615077926,1.9572308807538963,0.0,0.0,0.0,0.0,0.0,0.0,3,2,0.0,0
statsbomb,1,43,1,2022,11,17,789,4685,22.966666666666665,11,0,3,11.756168359941945,80.0,0.0,0.0,3.918722786647315,0.0,0.0,0.0,0.0,0.0,0.0,0.0,1,1,0.0,0
statsbomb,1,43,1,2022,11,17,789,4734,88.91666666666667,86,1,12,13.158388003748827,80.0,0.0,0.0,8.09746954076851,1.0121836925960637,0.0,0.0,2.0243673851921273,0.0,0.0,0.0,10,6,0.0,2
statsbomb,1,43,1,2022,11,17,789,5660,93.96666666666667,78,2,9,10.535650940049663,77.14285714285715,100.0,0.0,6.7045051436679675,0.9577864490954239,0.0,0.9577864490954239,2.8733593472862715,0.0,0.0,0.0,11,5,0.0,1
statsbomb,1,43,1,2022,11,17,789,5668,91.98333333333333,82,2,4,5.870628737090053,63.1578947368421,0.0,0.06097560975609756,9.78438122848342,2.9353143685450265,0.0,1.9568762456966842,1.9568762456966842,0.0,0.0,0.0,10,4,0.0,1
statsbomb,1,43,1,2022,11,17,789,5669,91.98333333333333,64,0,28,27.39626743975358,60.0,100.0,0.0,0.0,0.9784381228483421,0.0,0.0,3.9137524913933683,0.0,0.0,0.0,4,3,0.0,0
statsbomb,1,43,1,2022,11,17,789,5673,72.98333333333333,66,0,8,9.86526604247545,89.65517241379311,0.0,0.045454545454545456,9.86526604247545,2.4663165106188627,2.4663165106188627,0.0,1.2331582553094314,0.0,0.0,0.0,4,1,0.0,0
statsbomb,1,43,1,2022,11,17,789,7979,46.983333333333334,41,0,3,5.746718694572543,66.66666666666666,0.0,0.04878048780487805,11.493437389145086,0.0,0.0,0.0,1.9155728981908478,0.0,0.0,0.0,0,0,0.0,0
statsbomb,1,43,1,2022,11,17,789,8714,27.683333333333334,23,0,0,0.0,100.0,0.0,0.0,6.5021071643588195,0.0,0.0,0.0,0.0,0.0,0.0,0.0,0,0,0.0,1
statsbomb,1,43,1,2022,11,17,789,8836,48.916666666666664,22,0,3,5.519591141396933,100.0,0.0,0.045454545454545456,20.238500851788757,0.0,0.0,1.839863713798978,3.679727427597956,0.0,0.0,0.0,2,1,0.0,1
statsbomb,1,43,1,2022,12,17,789,,97.63333333333334,0,0,0,0.0,0.0,0.0,0.0,0.0,0.0,0.0,0.0,0.0,0.0,0.0,0.0,0,0,0.0,0
statsbomb,1,43,1,2022,12,17,789,11737,51.96666666666667,54,1,7,13.855035279025016,90.0,33.33333333333333,0.037037037037037035,20.782552918537522,1.731879409878127,0.0,1.731879409878127,1.731879409878127,0.0,0.0,0.0,5,4,0.0,2
statsbomb,1,43,1,2022,12,17,789,3034,89.98333333333333,74,1,6,7.001296536395628,92.5925925925926,0.0,0.0,7.001296536395628,1.0001852194850898,0.0,1.0001852194850898,1.0001852194850898,0.0,0.0,0.0,5,4,0.0,2
statsbomb,1,43,1,2022,12,17,789,31955,97.98333333333333,65,2,6,7.348188467426433,52.94117647058824,100.0,0.0,16.533424051709474,0.9185235584283041,0.9185235584283041,0.0,3.6740942337132165,0.15126032,0.0,0.13893616737540398,8,2,0.0,2
statsbomb,1,43,1,2022,12,17,789,3637,96.98333333333333,72,1,14,13.919917511599932,63.33333333333333,0.0,0.013888888888888888,11.135934009279946,0.9279945007733288,0.0,0.9279945007733288,7.42395600618663,0.02170277,0.0,0.020140051211548375,17,11,0.0,3
statsbomb,1,43,1,2022,12,17,789,44166,90.98333333333333,114,2,20,21.762227514196738,72.91666666666666,0.0,0.0,4.945960798681077,4.945960798681077,0.0,1.9783843194724309,3.9567686389448617,0.12449861,0.0,0.12315304891005678,8,6,0.0,2
statsbomb,1,43,1,2022,12,17,789,4664,70.96666666666667,75,2,10,15.218412400187882,64.0,100.0,0.0,21.559417566932833,1.2682010333489901,0.0,0.0,3.8046031000469704,0.0,0.0,0.0,9,6,0.0,1
statsbomb,1,43,1,2022,12,17,789,4734,92.96666666666667,83,4,12,15.489422732162065,77.14285714285715,0.0,0.012048192771084338,10.64897812836142,4.840444603800646,0.0,0.0,1.9361778415202582,0.0,0.0,0.0,19,9,0.0,1
statsbomb,1,43,1,2022,12,17,789,50502,44.96666666666667,42,3,1,8.005930318754633,92.3076923076923,0.0,0.07142857142857142,22.01630837657524,6.0044477390659745,0.0,0.0,4.002965159377316,0.0,0.0,0.0,2,3,0.0,7
statsbomb,1,43,1,2022,12,17,789,5660,87.98333333333333,75,2,7,9.206289069899602,75.86206896551724,100.0,0.013333333333333334,17.389657132032582,2.045842015533245,0.0,0.0,4.09168403106649,0.0,0.0,0.0,17,4,0.0,3
statsbomb,1,43,1,2022,12,17,789,5665,9.666666666666666,25,2,2,37.24137931034483,57.14285714285714,100.0,0.0,0.0,9.310344827586208,0.0,0.0,9.310344827586208,0.0,0.0,0.0,6,2,0.0,0
statsbomb,1,43,1,2022,12,17,789,5668,96.96666666666667,113,2,12,12.994156067377105,54.166666666666664,50.0,0.061946902654867256,12.066002062564456,1.8563080096253008,0.9281540048126504,0.0,1.8563080096253008,0.8404645279999999,0.0,0.7800805175661739,19,10,0.0,0
statsbomb,1,43,1,2022,12,17,789,5669,93.98333333333333,74,5,36,39.26228054619613,65.0,0.0,0.0,0.0,3.830466394750842,0.0,0.0,4.788082993438553,0.0,0.0,0.0,12,11,0.0,0
statsbomb,1,43,1,2022,12,17,789,5673,91.98333333333333,78,0,8,7.827504982786737,78.94736842105263,0.0,0.05128205128205128,9.78438122848342,0.0,0.0,1.9568762456966842,6.849066859938395,0.0,0.0,0.0,5,1,0.0,3
statsbomb,1,43,1,2022,12,17,789,7979,23.933333333333334,31,1,2,11.28133704735376,77.77777777777779,100.0,0.03225806451612903,7.520891364902507,3.7604456824512535,0.0,3.7604456824512535,18.80222841225627,0.0,0.0,0.0,3,1,0.0,0
statsbomb,1,43,1,2022,12,11,794,,97.81666666666666,0,0,0,0.0,0.0,0.0,0.0,0.0,0.0,0.0,0.0,0.0,0.0,0.0,0.0,0,0,0.0,0
statsbomb,1,43,1,2022,12,11,794,15452,11.933333333333334,17,2,0,15.083798882681563,50.0,0.0,0.058823529411764705,0.0,15.083798882681563,0.0,0.0,0.0,0.0400392,0.0,0.3019716201117318,3,1,0.0,0
statsbomb,1,43,1,2022,12,11,794,26297,25.983333333333334,61,2,8,34.637588197562536,85.0,100.0,0.01639344262295082,6.927517639512508,6.927517639512508,0.0,0.0,3.463758819756254,0.0,0.0,0.0,6,3,0.0,1
statsbomb,1,43,1,2022,12,11,794,26301,83.95,112,5,8,13.936867182846932,78.125,100.0,0.017857142857142856,6.4324002382370455,6.4324002382370455,1.0720667063728408,1.0720667063728408,8.576533650982727,0.208783141,0.0,0.22382945431804643,15,3,0.0,2
statsbomb,1,43,1,2022,12,11,794,26368,95.98333333333333,181,10,22,30.00520923771488,85.07462686567165,0.0,0.0,4.68831394339295,8.43896509810731,0.0,0.0,2.81298836603577,0.0,0.0,0.0,15,12,0.0,1
statsbomb,1,43,1,2022,12,11,794,26400,70.95,52,0,1,1.2684989429175475,75.0,0.0,0.07692307692307693,8.879492600422832,0.0,0.0,1.2684989429175475,1.2684989429175475,0.06434309,0.0,0.08161914164904863,3,0,0.0,1
statsbomb,1,43,1,2022,12,11,794,26406,94.96666666666667,124,1,18,18.006318006318008,82.6923076923077,50.0,0.016129032258064516,7.581607581607582,0.0,0.0,1.8954018954018954,3.790803790803791,0.0069717234,0.0,0.006607108873288873,22,6,0.0,2
statsbomb,1,43,1,2022,12,11,794,28825,95.98333333333333,156,3,19,20.62858135092898,80.35714285714286,100.0,0.00641025641025641,9.3766278867859,2.81298836603577,0.0,0.0,5.62597673207154,0.008207667,0.0,0.007696023927765237,25,10,0.0,0
statsbomb,1,43,1,2022,12,11,794,5567,96.98333333333333,144,5,18,21.343873517786562,77.58620689655173,100.0,0.006944444444444444,12.991923010826604,3.711978003093315,0.9279945007733288,2.7839835023199866,3.711978003093315,0.0,0.0,0.0,11,8,0.0,1
statsbomb,1,43,1,2022,12,11,794,5568,19.966666666666665,24,1,5,27.045075125208683,88.88888888888889,0.0,0.041666666666666664,4.507512520868114,4.507512520868114,0.0,0.0,0.0,0.0,0.0,0.0,7,5,0.0,0
statsbomb,1,43,1,2022,12,11,794,5571,94.98333333333333,119,6,8,13.265485172837339,57.57575757575758,100.0,0.01680672268907563,21.793297069661342,8.527811896824003,0.9475346552026671,0.0,4.737673276013336,0.02413981,0.0,0.022873306545007896,26,3,0.0,3
statsbomb,1,43,1,2022,12,11,794,5573,94.98333333333333,224,12,30,39.79645551851202,90.2439024390244,0.0,0.0,0.9475346552026671,12.317950517634673,0.0,0.0,2.842603965608001,0.1766503,0.0,0.16738228110194772,16,15,0.0,0
statsbomb,1,43,1,2022,12,11,794,5575,70.98333333333333,88,1,7,10.143226109415355,78.78787878787878,0.0,0.0,7.6074195820615165,2.535806527353839,1.2679032636769194,0.0,2.535806527353839,0.0,0.0,0.0,17,3,0.0,2
statsbomb,1,43,1,2022,12,11,794,5576,97.98333333333333,124,3,15,16.533424051709474,79.24528301886792,0.0,0.0,11.940806259567953,1.8370471168566083,0.0,0.9185235584283041,4.592617792141521,0.0,0.0,0.0,17,6,0.0,2
statsbomb,1,43,1,2022,12,11,794,5577,95.95,70,1,10,10.317873892652422,96.96969696969697,0.0,0.0,0.0,0.0,0.0,0.0,6.565919749869723,0.0,0.0,0.0,0,0,0.0,0
statsbomb,1,43,1,2022,13,19,771,,97.46666666666667,0,0,0,0.0,0.0,0.0,0.0,0.0,0.0,0.0,0.0,0.0,0.0,0.0,0.0,0,0,0.0,0
statsbomb,1,43,1,2022,13,19,771,10481,92.98333333333333,197,1,20,20.326223337515682,98.52941176470588,0.0,0.01015228426395939,8.711238573221006,6.7754077791718945,0.9679153970245563,1.9358307940491126,4.839576985122782,0.278178185,0.0,0.2692529483778455,18,7,0.0,2
statsbomb,1,43,1,2022,13,19,771,11135,20.966666666666665,35,0,3,12.877583465818763,84.61538461538461,0.0,0.0,0.0,8.585055643879175,0.0,0.0,0.0,0.0,0.0,0.0,0,0,0.0,0
statsbomb,1,43,1,2022,13,19,771,11990,1.6666666666666667,6,0,0,0.0,100.0,0.0,0.0,54.0,0.0,0.0,0.0,108.0,0.0,0.0,0.0,1,0,0.0,0
statsbomb,1,43,1,2022,13,19,771,2972,32.916666666666664,23,1,0,2.7341772151898738,80.0,100.0,0.043478260869565216,5.4683544303797476,5.4683544303797476,0.0,5.4683544303797476,5.4683544303797476,0.0,0.0,0.0,3,1,0.0,0
statsbomb,1,43,1,2022,13,19,771,3009,92.98333333333333,166,9,8,16.454561749417458,81.08108108108108,42.857142857142854,0.030120481927710843,1.9358307940491126,6.7754077791718945,0.0,0.0,1.9358307940491126,0.735812103,0.0,0.7122038638107188,24,10,0.0,0
statsbomb,1,43,1,2022,13,19,771,3026,93.96666666666667,129,1,9,9.577864490954239,93.18181818181817,0.0,0.007751937984496124,17.24015608371763,2.8733593472862715,0.9577864490954239,2.8733593472862715,3.8311457963816955,0.254615494,0.0,0.2438672698829372,9,2,0.0,3
statsbomb,1,43,1,2022,13,19,771,3099,93.98333333333333,70,0,25,23.940414967192762,61.76470588235294,0.0,0.0,0.0,0.0,0.0,0.0,2.8728497960631314,0.0,0.0,0.0,4,3,0.0,0
statsbomb,1,43,1,2022,13,19,771,3604,58.983333333333334,47,0,1,1.5258547612319864,80.0,0.0,0.06382978723404255,4.577564283695959,0.0,0.0,0.0,0.0,0.164060264,0.0,0.2503321349533767,1,0,0.0,1
statsbomb,1,43,1,2022,13,19,771,4445,93.98333333333333,180,3,26,27.770881361943605,79.41176470588235,100.0,0.0,7.660932789501684,2.8728497960631314,0.9576165986877105,0.9576165986877105,3.830466394750842,0.135692336,0.0,0.12994123326830997,15,8,0.0,0
statsbomb,1,43,1,2022,13,19,771,5477,73.98333333333333,111,7,6,15.814372606442891,85.18518518518519,50.0,0.036036036036036036,15.814372606442891,10.948411804460463,1.216490200495607,0.0,6.082451002478035,0.094440772,0.0,0.11488627366523992,19,4,0.0,1
statsbomb,1,43,1,2022,13,19,771,5485,68.98333333333333,99,2,10,15.65595554481759,92.10526315789474,0.0,0.0,5.21865184827253,3.9139888862043977,0.0,0.0,0.0,0.0425816,0.0,0.05555463638560039,4,4,0.0,0
statsbomb,1,43,1,2022,13,19,771,5487,92.98333333333333,133,6,14,19.358307940491127,78.0,100.0,0.0,17.422477146442013,3.8716615880982252,0.9679153970245563,2.903746191073669,3.8716615880982252,0.228188675,0.0,0.22086733195913247,23,7,0.0,2
statsbomb,1,43,1,2022,13,19,771,6704,96.98333333333333,198,7,20,25.055851520879877,91.66666666666666,50.0,0.010101010101010102,12.991923010826604,7.42395600618663,0.0,0.9279945007733288,0.9279945007733288,0.0,0.0,0.0,18,14,0.0,2
statsbomb,1,43,1,2022,13,19,771,8217,20.95,56,2,1,12.887828162291171,92.85714285714286,100.0,0.017857142857142856,8.591885441527447,8.591885441527447,0.0,0.0,12.887828162291171,0.0,0.0,0.0,9,0,0.0,0
statsbomb,1,43,1,2022,13,19,771,8519,93.98333333333333,152,1,22,22.025181769817344,94.82758620689656,0.0,0.0,14.364248980315658,3.830466394750842,0.9576165986877105,2.8728497960631314,2.8728497960631314,0.0,0.0,0.0,10,6,0.0,2
statsbomb,1,43,1,2022,13,1,776,,97.7,0,0,0,0.0,0.0,0.0,0.0,0.0,0.0,0.0,0.0,0.0,0.0,0.0,0.0,0,0,0.0,0
statsbomb,1,43,1,2022,13,1,776,16190,91.98333333333333,204,10,24,33.26689617684363,73.68421052631578,33.33333333333333,0.00980392156862745,5.870628737090053,4.89219061424171,0.9784381228483421,0.0,1.9568762456966842,0.0,0.0,0.0,37,13,0.0,1
statsbomb,1,43,1,2022,13,1,776,16554,96.98333333333333,118,3,6,8.351950506959959,86.04651162790698,0.0,0.025423728813559324,14.84791201237326,0.0,0.0,0.9279945007733288,3.711978003093315,0.013632962,0.0,0.012651313765251762,17,3,0.0,1
statsbomb,1,43,1,2022,13,1,776,17043,96.96666666666667,183,5,20,23.20385012031626,94.44444444444444,0.0,0.0,6.4970780336885525,4.640770024063253,0.0,0.9281540048126504,3.7126160192506017,0.0,0.0,0.0,13,9,0.0,2
statsbomb,1,43,1,2022,13,1,776,24443,71.98333333333333,92,3,6,11.252604769622598,79.3103448275862,0.0,0.010869565217391304,21.25492012039824,2.5005788376939106,0.0,0.0,6.251447094234777,0.0,0.0,0.0,13,6,0.0,4
statsbomb,1,43,1,2022,13,1,776,24547,4.8,18,0,1,18.75,57.14285714285714,100.0,0.0,37.5,0.0,18.75,0.0,0.0,0.0,0.0,0.0,5,0,0.0,1
statsbomb,1,43,1,2022,13,1,776,27569,84.98333333333333,93,4,4,8.472249460678565,66.66666666666666,40.0,0.06451612903225806,24.357717199450875,2.1180623651696413,0.0,4.236124730339283,3.177093547754462,0.18929456,0.0,0.2004688417336733,18,4,0.0,3
statsbomb,1,43,1,2022,13,1,776,3043,96.98333333333333,188,7,23,27.839835023199864,81.69014084507043,0.0,0.0,10.207939508506616,7.42395600618663,0.0,1.8559890015466576,6.495961505413302,0.033393103,0.0,0.03098861594775735,33,13,0.0,1
statsbomb,1,43,1,2022,13,1,776,3570,94.98333333333333,202,3,20,21.793297069661342,87.14285714285714,100.0,0.0,11.370415862432004,3.7901386208106684,3.7901386208106684,0.0,4.737673276013336,0.015153575,0.0,0.014358537462712756,17,11,0.0,4
statsbomb,1,43,1,2022,13,1,776,3815,90.93333333333334,30,0,8,7.9178885630498534,94.11764705882352,0.0,0.0,0.0,0.0,0.0,0.0,1.9794721407624634,0.0,0.0,0.0,1,1,0.0,0
statsbomb,1,43,1,2022,13,1,776,3959,93.96666666666667,204,5,18,22.02908832919475,95.83333333333334,0.0,0.0,4.7889322454771195,4.7889322454771195,0.0,2.8733593472862715,2.8733593472862715,0.25384808,0.0,0.24313225115289105,6,4,0.0,1
statsbomb,1,43,1,2022,13,1,776,4447,46.81666666666667,36,0,0,0.0,42.857142857142854,50.0,0.027777777777777776,9.61196155215379,0.0,0.0,0.0,0.0,0.23786028,0.0,0.45726077322890707,4,0,0.0,1
statsbomb,1,43,1,2022,13,1,776,5732,47.95,46,0,1,1.8769551616266944,73.33333333333333,0.0,0.0,22.52346193952033,0.0,0.0,0.0,0.0,0.048269883,0.0,0.09060040604796663,3,0,0.0,2
statsbomb,1,43,1,2022,13,1,776,6302,20.916666666666668,17,0,0,0.0,100.0,50.0,0.17647058823529413,8.605577689243027,0.0,0.0,0.0,0.0,0.0,0.0,0.0,3,0,0.0,0
statsbomb,1,43,1,2022,13,1,776,7097,9.85,37,2,4,54.82233502538071,93.33333333333333,0.0,0.0,0.0,9.137055837563452,0.0,0.0,0.0,0.0,0.0,0.0,5,3,0.0,0
statsbomb,1,43,1,2022,13,1,776,8247,95.98333333333333,130,4,21,23.44156971696475,91.30434782608695,0.0,0.0,7.50130230942872,7.50130230942872,0.0,0.0,0.93766278867859,0.097091399,0.0,0.09103899194304566,11,10,0.0,1
statsbomb,1,43,1,2022,14,20,3565,,96.93333333333334,0,0,0,0.0,0.0,0.0,0.0,0.0,0.0,0.0,0.0,0.0,0.0,0.0,0.0,0,0,0.0,0
statsbomb,1,43,1,2022,14,20,3565,12583,49.93333333333333,40,1,6,12.616822429906543,92.85714285714286,0.0,0.075,14.419225634178906,1.8024032042723632,1.8024032042723632,0.0,0.0,0.0,0.0,0.0,1,1,0.0,2
statsbomb,1,43,1,2022,14,20,3565,24085,95.98333333333333,138,6,17,21.56624413960757,81.13207547169812,100.0,0.028985507246376812,13.127279041500259,2.81298836603577,0.0,0.93766278867859,4.68831394339295,0.0,0.0,0.0,16,9,0.0,4
statsbomb,1,43,1,2022,14,20,3565,28559,94.95,63,2,1,2.843601895734597,80.0,0.0,0.1111111111111111,8.530805687203792,0.9478672985781991,0.0,0.0,2.843601895734597,0.049651184,0.0,0.047062733649289104,6,2,0.0,1
statsbomb,1,43,1,2022,14,20,3565,30111,95.98333333333333,175,6,29,32.81819760375065,77.77777777777779,0.0,0.0,5.62597673207154,2.81298836603577,0.0,0.93766278867859,1.87532557735718,0.15397952,0.0,0.14438086612259074,15,9,0.0,1
statsbomb,1,43,1,2022,14,20,3565,31152,95.98333333333333,95,3,12,14.06494183017885,72.22222222222221,50.0,0.021052631578947368,14.06494183017885,2.81298836603577,0.93766278867859,0.93766278867859,2.81298836603577,0.058988493,0.0,0.05531131484632749,19,9,0.0,5
statsbomb,1,43,1,2022,14,20,3565,34396,63.983333333333334,44,1,3,5.626465225319094,42.857142857142854,0.0,0.09090909090909091,8.43969783797864,0.0,0.0,0.0,2.813232612659547,0.042533338,0.0,0.059828086793435785,6,2,0.0,1
statsbomb,1,43,1,2022,14,20,3565,36148,50.96666666666667,93,1,10,19.424460431654676,82.35294117647058,0.0,0.021505376344086023,10.595160235448006,1.7658600392413342,0.0,0.0,3.5317200784826683,0.025271386,0.0,0.0446257306736429,11,7,0.0,1
statsbomb,1,43,1,2022,14,20,3565,37522,95.93333333333334,68,0,26,24.391938846421123,60.526315789473685,0.0,0.0,0.0,0.9381514940931202,0.0,0.0,7.505211952744961,0.0,0.0,0.0,13,12,0.0,0
statsbomb,1,43,1,2022,14,20,3565,37726,95.98333333333333,128,2,12,13.127279041500259,82.0,0.0,0.0,10.31429067546449,0.0,0.93766278867859,0.93766278867859,6.5636395207501295,0.5894187,0.0,0.5526759819413092,14,7,0.0,0
statsbomb,1,43,1,2022,14,20,3565,37737,84.98333333333333,94,3,10,13.767405373602669,74.35897435897436,0.0,0.02127659574468085,13.767405373602669,1.0590311825848207,0.0,1.0590311825848207,5.295155912924104,0.0,0.0,0.0,12,4,0.0,2
statsbomb,1,43,1,2022,14,20,3565,37945,50.96666666666667,15,0,1,1.7658600392413342,80.0,0.0,0.0,17.65860039241334,0.0,0.0,0.0,1.7658600392413342,0.0,0.0,0.0,0,0,0.0,2
statsbomb,1,43,1,2022,14,20,3565,38004,95.98333333333333,225,5,29,31.88053481507206,89.1566265060241,0.0,0.0,7.50130230942872,5.62597673207154,0.93766278867859,1.87532557735718,2.81298836603577,0.0,0.0,0.0,9,9,0.0,1
statsbomb,1,43,1,2022,14,20,3565,40211,48.96666666666667,49,3,3,11.02791014295439,81.25,100.0,0.02040816326530612,9.18992511912866,5.513955071477195,1.8379850238257318,1.8379850238257318,0.0,0.02928531,0.0,0.05382596119809394,11,3,0.0,0
statsbomb,1,43,1,2022,14,20,3565,51969,8.733333333333333,10,0,2,20.610687022900766,80.0,0.0,0.0,0.0,0.0,0.0,10.305343511450383,0.0,0.052534856,0.0,0.5413897374045802,1,1,0.0,0
statsbomb,1,43,1,2022,14,20,3565,91090,27.866666666666667,20,0,1,3.229665071770335,100.0,0.0,0.1,6.45933014354067,0.0,0.0,0.0,0.0,0.0,0.0,0.0,1,1,0.0,0
statsbomb,1,43,1,2022,14,21,787,,96.93333333333334,0,0,0,0.0,0.0,0.0,0.0,0.0,0.0,0.0,0.0,0.0,0.0,0.0,0.0,0,0,0.0,0
statsbomb,1,43,1,2022,14,21,787,15970,96.0,0,0,0,0.0,0.0,0.0,0.0,0.0,0.0,0.0,0.0,0.0,0.0,0.0,0.0,0,0,0.0,0
statsbomb,1,43,1,2022,14,21,787,20611,90.95,54,3,1,3.9582188015393074,54.54545454545454,66.66666666666666,0.1111111111111111,8.905992303463442,0.9895547003848268,0.0,0.0,1.9791094007696537,0.21294739000000001,0.0,0.21072309070918088,8,3,0.0,1
statsbomb,1,43,1,2022,14,21,787,21026,91.96666666666667,73,1,8,8.807538963392533,77.77777777777779,0.0,0.0273972602739726,12.722000724900326,1.9572308807538963,0.0,0.0,9.786154403769482,0.057711941,0.0,0.05647779655672345,12,5,0.0,2
statsbomb,1,43,1,2022,14,21,787,2941,95.93333333333334,104,5,8,12.195969423210562,65.21739130434783,75.0,0.028846153846153848,12.195969423210562,4.6907574704656,0.0,0.9381514940931202,7.505211952744961,0.849701335,0.0,0.7971485769631688,17,3,0.0,2
statsbomb,1,43,1,2022,14,21,787,31751,73.98333333333333,66,2,11,15.814372606442891,92.0,50.0,0.030303030303030304,19.463843207929713,2.432980400991214,1.216490200495607,1.216490200495607,4.865960801982428,0.03057826,0.0,0.037198153638206805,8,5,0.0,3
statsbomb,1,43,1,2022,14,21,787,32915,95.98333333333333,81,3,25,26.254558083000518,50.0,0.0,0.04938271604938271,7.50130230942872,1.87532557735718,0.0,0.93766278867859,2.81298836603577,0.0,0.0,0.0,27,13,0.0,0
statsbomb,1,43,1,2022,14,21,787,3404,94.96666666666667,88,6,16,20.84942084942085,87.5,50.0,0.03409090909090909,7.581607581607582,3.790803790803791,0.0,0.9477009477009477,4.738504738504739,0.0,0.0,0.0,14,8,0.0,0
statsbomb,1,43,1,2022,14,21,787,3436,95.98333333333333,83,3,6,8.43896509810731,74.19354838709677,50.0,0.024096385542168676,22.50390692828616,0.93766278867859,0.0,1.87532557735718,5.62597673207154,0.21271749,0.0,0.19945727487411008,17,3,0.0,4
statsbomb,1,43,1,2022,14,21,787,4506,19.816666666666666,26,1,5,27.249789739276707,91.66666666666666,0.0,0.0,22.70815811606392,4.541631623212784,0.0,0.0,13.624894869638354,0.0,0.0,0.0,4,3,0.0,2
statsbomb,1,43,1,2022,14,21,787,5675,95.95,64,3,20,21.57373632100052,66.66666666666666,0.0,0.0,7.503908285565398,3.751954142782699,0.0,0.9379885356956748,4.689942678478374,0.23427999,0.0,0.2197519447628973,9,8,0.0,1
statsbomb,1,43,1,2022,14,21,787,7379,94.98333333333333,47,0,18,17.055623793648007,62.96296296296296,0.0,0.0,0.0,0.0,0.0,0.0,5.685207931216002,0.0,0.0,0.0,5,5,0.0,0
statsbomb,1,43,1,2022,14,21,787,80484,74.98333333333333,68,2,1,3.600800177817293,68.75,83.33333333333334,0.029411764705882353,18.004000889086463,2.400533451878195,0.0,0.0,3.600800177817293,0.07411676,0.0,0.08895988086241387,13,3,0.0,3
statsbomb,1,43,1,2022,14,21,787,8553,90.96666666666667,62,0,15,14.840600952729938,71.42857142857143,0.0,0.0,3.95749358739465,0.0,0.0,0.0,0.0,0.035411544,0.0,0.03503523957493588,7,6,0.0,0
statsbomb,1,43,1,2022,14,21,787,88123,21.983333333333334,22,1,0,4.094010614101592,60.0,0.0,0.0,12.282031842304775,4.094010614101592,0.0,0.0,12.282031842304775,0.0,0.0,0.0,1,0,0.0,1
statsbomb,1,43,1,2022,15,23,1833,,95.98333333333333,0,0,0,0.0,0.0,0.0,0.0,0.0,0.0,0.0,0.0,0.0,0.0,0.0,0.0,0,0,0.0,0
statsbomb,1,43,1,2022,15,23,1833,11187,80.98333333333333,189,1,25,28.89483432805104,87.87878787878788,100.0,0.0,15.558756945873638,1.111339781848117,2.222679563696234,2.222679563696234,4.445359127392468,0.164512644,0.0,0.18282944589421696,27,11,0.0,2
statsbomb,1,43,1,2022,15,23,1833,11846,94.98333333333333,130,1,23,22.74083172486401,88.0,0.0,0.0,5.685207931216002,1.8950693104053342,0.0,1.8950693104053342,1.8950693104053342,0.0,0.0,0.0,12,9,0.0,1
statsbomb,1,43,1,2022,15,23,1833,12365,93.98333333333333,119,9,3,11.491399184252526,80.48780487804879,25.0,0.058823529411764705,15.321865579003369,10.533782585564817,0.0,3.830466394750842,9.576165986877106,0.7835,0.0,0.7502926050718212,22,8,0.0,2
statsbomb,1,43,1,2022,15,23,1833,12770,13.9,30,3,2,32.37410071942446,88.88888888888889,100.0,0.0,19.424460431654676,12.949640287769784,0.0,0.0,6.474820143884892,0.0,0.0,0.0,5,3,0.0,0
statsbomb,1,43,1,2022,15,23,1833,133229,37.983333333333334,90,2,6,18.955682316805618,96.875,0.0,0.0,11.847301448003511,9.477841158402809,0.0,0.0,2.369460289600702,0.0,0.0,0.0,6,4,0.0,0
statsbomb,1,43,1,2022,15,23,1833,15958,94.95,67,0,21,19.90521327014218,81.81818181818183,0.0,0.0,0.0,0.9478672985781991,0.0,0.0,6.6350710900473935,0.0,0.0,0.0,3,1,0.0,0
statsbomb,1,43,1,2022,15,23,1833,16120,73.98333333333333,61,3,4,8.51543140346925,82.35294117647058,0.0,0.08196721311475409,17.0308628069385,3.6494706014868212,0.0,0.0,6.082451002478035,0.056640564,0.0,0.06890269105654426,13,3,0.0,1
statsbomb,1,43,1,2022,15,23,1833,16459,32.833333333333336,45,2,2,10.964467005076141,81.81818181818183,0.0,0.044444444444444446,10.964467005076141,2.7411167512690353,0.0,0.0,0.0,0.24979668400000002,0.0,0.6847218749238578,8,3,0.0,1
statsbomb,1,43,1,2022,15,23,1833,23363,11.966666666666667,24,3,2,37.60445682451254,55.55555555555556,0.0,0.0,15.041782729805014,15.041782729805014,0.0,0.0,0.0,0.0,0.0,0.0,7,1,0.0,0
statsbomb,1,43,1,2022,15,23,1833,23640,92.98333333333333,99,2,7,8.711238573221006,70.83333333333334,0.0,0.0707070707070707,8.711238573221006,1.9358307940491126,0.0,0.0,4.839576985122782,0.75992735,0.0,0.735545382685069,14,4,0.0,1
statsbomb,1,43,1,2022,15,23,1833,23828,93.98333333333333,112,0,18,17.23709877637879,92.85714285714286,0.0,0.0,3.830466394750842,0.9576165986877105,0.0,3.830466394750842,0.9576165986877105,0.0,0.0,0.0,9,9,0.0,1
statsbomb,1,43,1,2022,15,23,1833,24024,79.96666666666667,104,3,1,4.501875781575657,72.0,60.0,0.028846153846153848,10.129220508545227,2.2509378907878284,0.0,0.0,4.501875781575657,0.41123409,0.0,0.462831197582326,17,2,0.0,0
statsbomb,1,43,1,2022,15,23,1833,29758,21.983333333333334,58,4,4,32.752084912812734,90.9090909090909,0.0,0.0,4.094010614101592,4.094010614101592,0.0,0.0,8.188021228203183,0.0,0.0,0.0,6,3,0.0,0
statsbomb,1,43,1,2022,15,23,1833,31684,57.9,79,0,7,10.880829015544041,87.09677419354838,0.0,0.012658227848101266,10.880829015544041,0.0,0.0,0.0,1.5544041450777202,0.04634635,0.0,0.0720409585492228,9,5,0.0,0
statsbomb,1,43,1,2022,15,23,1833,44703,91.98333333333333,134,5,22,26.417829316905237,81.03448275862068,0.0,0.0,15.655009965573473,3.9137524913933683,0.0,0.0,3.9137524913933683,0.033541974,0.0,0.0328187460771879,26,10,0.0,2
statsbomb,1,43,1,2022,15,23,1833,9922,57.916666666666664,38,3,2,7.769784172661871,60.0,0.0,0.05263157894736842,3.1079136690647484,4.661870503597123,0.0,0.0,4.661870503597123,0.04071268,0.0,0.06326574733812951,7,2,0.0,0
statsbomb,1,43,1,2022,15,22,782,,95.98333333333333,0,0,0,0.0,0.0,0.0,0.0,0.0,0.0,0.0,0.0,0.0,0.0,0.0,0.0,0,0,0.0,0
statsbomb,1,43,1,2022,15,22,782,16275,16.9,21,3,1,21.301775147928996,60.0,100.0,0.047619047619047616,15.976331360946748,15.976331360946748,0.0,0.0,10.650887573964498,0.0,0.0,0.0,3,3,0.0,0
statsbomb,1,43,1,2022,15,22,782,16559,30.883333333333333,42,3,2,14.57096600107933,84.61538461538461,0.0,0.07142857142857142,11.656772800863465,11.656772800863465,0.0,0.0,5.828386400431732,0.0,0.0,0.0,6,1,0.0,2
statsbomb,1,43,1,2022,15,22,782,20005,91.98333333333333,205,0,19,18.5903243341185,93.33333333333333,0.0,0.0,1.9568762456966842,0.9784381228483421,0.0,0.9784381228483421,1.9568762456966842,0.0,0.0,0.0,6,6,0.0,0
statsbomb,1,43,1,2022,15,22,782,2954,47.983333333333334,56,0,6,11.25390760680792,73.68421052631578,100.0,0.0,11.25390760680792,0.0,0.0,0.0,1.87565126780132,0.0,0.0,0.0,4,3,0.0,1
statsbomb,1,43,1,2022,15,22,782,3077,92.98333333333333,197,2,25,26.13371571966302,78.87323943661971,0.0,0.0,5.807492382147338,0.9679153970245563,0.0,0.0,3.8716615880982252,0.0,0.0,0.0,5,4,0.0,1
statsbomb,1,43,1,2022,15,22,782,3089,93.96666666666667,115,8,15,22.02908832919475,74.35897435897436,66.66666666666666,0.02608695652173913,9.577864490954239,8.620078041858815,0.0,0.9577864490954239,3.8311457963816955,0.070228491,0.0,0.06726389702021994,22,13,0.0,1
statsbomb,1,43,1,2022,15,22,782,3176,48.93333333333333,62,0,9,16.553133514986378,68.0,0.0,0.0,0.0,1.8392370572207086,0.0,7.3569482288828345,0.0,0.025805552,0.0,0.04746252752043597,7,1,0.0,0
statsbomb,1,43,1,2022,15,22,782,3457,77.95,74,1,2,3.463758819756254,61.53846153846154,0.0,0.04054054054054054,8.082103912764593,1.1545862732520846,0.0,0.0,2.3091725465041693,0.485057431,0.0,0.5600406515715202,5,3,0.0,1
statsbomb,1,43,1,2022,15,22,782,3509,92.98333333333333,103,0,25,24.19788492561391,84.0,0.0,0.0,0.0,0.0,0.0,0.0,3.8716615880982252,0.0,0.0,0.0,3,3,0.0,0
statsbomb,1,43,1,2022,15,22,782,3621,60.93333333333333,89,6,7,19.201312910284464,77.77777777777779,100.0,0.033707865168539325,2.954048140043764,10.339168490153174,0.0,1.477024070021882,13.293216630196937,0.0,0.0,0.0,12,6,0.0,0
statsbomb,1,43,1,2022,15,22,782,48347,48.96666666666667,62,2,6,14.703880190605854,90.0,100.0,0.03225806451612903,12.865895166780122,5.513955071477195,3.6759700476514636,0.0,0.0,0.0,0.0,0.0,6,3,0.0,1
statsbomb,1,43,1,2022,15,22,782,5633,48.983333333333334,39,0,0,0.0,100.0,0.0,0.0,14.698877169105138,0.0,1.8373596461381423,0.0,3.6747192922762846,0.0,0.0,0.0,0,0,0.0,2
statsbomb,1,43,1,2022,15,22,782,5642,91.96666666666667,113,1,8,8.807538963392533,95.74468085106383,0.0,0.0,15.65784704603117,0.9786154403769481,0.0,0.0,2.9358463211308443,0.0,0.0,0.0,3,1,0.0,0
statsbomb,1,43,1,2022,15,22,782,6331,92.98333333333333,199,1,13,13.550815558343789,100.0,0.0,0.0,5.807492382147338,0.9679153970245563,0.0,0.9679153970245563,1.9358307940491126,0.08894938,0.0,0.08609547445778812,1,0,0.0,0
statsbomb,1,43,1,2022,15,22,782,6989,93.98333333333333,116,1,15,15.321865579003369,81.3953488372093,0.0,0.04310344827586207,5.745699592126263,0.0,0.0,0.9576165986877105,1.915233197375421,0.0,0.0,0.0,11,5,0.0,0
statsbomb,1,43,1,2022,16,6,773,,95.91666666666667,0,0,0,0.0,0.0,0.0,0.0,0.0,0.0,0.0,0.0,0.0,0.0,0.0,0.0,0,0,0.0,0
statsbomb,1,43,1,2022,16,6,773,12326,33.81666666666667,37,1,3,10.645638245441104,92.3076923076923,0.0,0.02702702702702703,2.661409561360276,2.661409561360276,0.0,2.661409561360276,2.661409561360276,0.0,0.0,0.0,4,2,0.0,0
statsbomb,1,43,1,2022,16,6,773,16016,18.866666666666667,11,0,0,0.0,50.0,0.0,0.0,28.62190812720848,0.0,0.0,0.0,0.0,0.0,0.0,0.0,2,0,0.0,0
statsbomb,1,43,1,2022,16,6,773,16026,74.98333333333333,64,3,6,10.802400533451879,95.0,0.0,0.046875,12.002667259390975,2.400533451878195,0.0,1.2002667259390976,6.001333629695488,0.150380136,0.0,0.1804962734829962,6,4,0.0,2
statsbomb,1,43,1,2022,16,6,773,30401,57.96666666666667,62,2,4,9.315698677400805,65.0,0.0,0.03225806451612903,12.42093156986774,3.105232892466935,0.0,0.0,1.5526164462334675,0.029704679,0.0,0.04611997314548592,12,2,0.0,0
statsbomb,1,43,1,2022,16,6,773,3500,91.98333333333333,182,3,16,18.5903243341185,88.05970149253731,0.0,0.005494505494505495,1.9568762456966842,1.9568762456966842,0.0,0.9784381228483421,2.9353143685450265,0.0,0.0,0.0,14,10,0.0,1
statsbomb,1,43,1,2022,16,6,773,3913,37.983333333333334,46,0,1,2.369460289600702,84.61538461538461,100.0,0.021739130434782608,11.847301448003511,4.738920579201404,0.0,0.0,7.108380868802106,0.029247057,0.0,0.06929974014918824,2,0,0.0,1
statsbomb,1,43,1,2022,16,6,773,50436,58.9,56,0,6,9.168081494057725,50.0,100.0,0.0,39.72835314091681,0.0,1.5280135823429541,1.5280135823429541,6.112054329371817,0.0,0.0,0.0,5,1,0.0,3
statsbomb,1,43,1,2022,16,6,773,5543,18.966666666666665,11,0,0,0.0,66.66666666666666,0.0,0.09090909090909091,0.0,0.0,0.0,0.0,0.0,0.0,0.0,0.0,0,0,0.0,0
statsbomb,1,43,1,2022,16,6,773,5544,92.98333333333333,131,4,17,20.326223337515682,73.21428571428571,0.0,0.007633587786259542,2.903746191073669,2.903746191073669,0.9679153970245563,0.0,4.839576985122782,0.0,0.0,0.0,17,6,0.0,0
statsbomb,1,43,1,2022,16,6,773,5545,74.88333333333334,50,2,0,2.4037391497885596,66.66666666666666,0.0,0.04,12.018695748942799,1.2018695748942798,0.0,0.0,2.4037391497885596,0.0,0.0,0.0,3,1,0.0,2
statsbomb,1,43,1,2022,16,6,773,5549,94.98333333333333,209,8,26,32.21617827689068,90.54054054054053,0.0,0.0,5.685207931216002,10.422881207229338,0.9475346552026671,0.0,1.8950693104053342,0.028123023,0.0,0.026647538901561678,6,3,0.0,0
statsbomb,1,43,1,2022,16,6,773,5550,90.98333333333333,111,2,15,16.816266715515663,93.87755102040816,0.0,0.0,0.0,0.0,0.0,0.0,5.935152958417293,0.0,0.0,0.0,0,0,0.0,0
statsbomb,1,43,1,2022,16,6,773,6983,90.96666666666667,106,1,11,11.872480762183951,89.74358974358975,0.0,0.018867924528301886,16.819347746427262,0.9893733968486625,0.0,0.0,4.946866984243313,0.0,0.0,0.0,9,5,0.0,1
statsbomb,1,43,1,2022,16,6,773,7796,84.98333333333333,138,5,16,22.239654834281232,72.0,0.0,0.007246376811594203,13.767405373602669,3.177093547754462,1.0590311825848207,2.1180623651696413,2.1180623651696413,0.05117428,0.0,0.05419515826632674,15,10,0.0,2
statsbomb,1,43,1,2022,16,6,773,8561,7.75,11,0,1,11.612903225806452,66.66666666666666,0.0,0.0,23.225806451612904,0.0,0.0,0.0,0.0,0.0,0.0,0.0,1,1,0.0,1
statsbomb,1,43,1,2022,16,6,773,8814,94.98333333333333,195,8,12,18.950693104053343,94.44444444444444,0.0,0.0,2.842603965608001,7.580277241621337,0.0,1.8950693104053342,1.8950693104053342,0.0,0.0,0.0,2,2,0.0,0
statsbomb,1,43,1,2022,16,8,781,,95.91666666666667,0,0,0,0.0,0.0,0.0,0.0,0.0,0.0,0.0,0.0,0.0,0.0,0.0,0.0,0,0,0.0,0
statsbomb,1,43,1,2022,16,8,781,10595,70.98333333333333,103,4,6,12.679032636769193,71.42857142857143,0.0,0.0,10.143226109415355,2.535806527353839,0.0,0.0,1.2679032636769194,0.02201561,0.0,0.027913663770838225,20,1,0.0,2
statsbomb,1,43,1,2022,16,8,781,11183,10.8,23,0,3,24.999999999999996,90.9090909090909,0.0,0.0,8.333333333333332,0.0,0.0,0.0,0.0,0.0,0.0,0.0,7,1,0.0,1
statsbomb,1,43,1,2022,16,8,781,13620,95.98333333333333,180,4,21,23.44156971696475,85.07462686567165,0.0,0.016666666666666666,10.31429067546449,4.68831394339295,0.93766278867859,0.93766278867859,5.62597673207154,0.02857021,0.0,0.026789222781732937,28,13,0.0,1
statsbomb,1,43,1,2022,16,8,781,18395,94.98333333333333,114,7,4,10.422881207229338,81.81818181818183,25.0,0.05263157894736842,10.422881207229338,6.6327425864186695,0.0,0.0,3.7901386208106684,0.21638125,0.0,0.20502873311107211,15,5,0.0,5
statsbomb,1,43,1,2022,16,8,781,22600,45.983333333333334,113,2,10,23.486770569046755,87.17948717948718,0.0,0.017699115044247787,15.65784704603117,3.9144617615077926,0.0,0.0,5.871692642261689,0.0,0.0,0.0,16,7,0.0,1
statsbomb,1,43,1,2022,16,8,781,25104,50.96666666666667,84,3,3,10.595160235448006,80.76923076923077,0.0,0.023809523809523808,10.595160235448006,5.297580117724003,0.0,1.7658600392413342,5.297580117724003,0.24174622,0.0,0.4268899895356442,17,3,0.0,0
statsbomb,1,43,1,2022,16,8,781,25142,36.96666666666667,76,1,4,12.17312894499549,83.33333333333334,100.0,0.0,12.17312894499549,0.0,0.0,0.0,9.738503155996392,0.021188514,0.0,0.05158610261496843,11,3,0.0,1
statsbomb,1,43,1,2022,16,8,781,25363,22.983333333333334,46,2,1,11.747643219724438,73.33333333333333,33.33333333333333,0.06521739130434782,3.9158810732414793,11.747643219724438,0.0,3.9158810732414793,11.747643219724438,0.020722246,0.0,0.08114585090645395,10,1,0.0,0
statsbomb,1,43,1,2022,16,8,781,3202,22.966666666666665,26,0,2,7.83744557329463,66.66666666666666,0.0,0.0,15.67489114658926,0.0,3.918722786647315,0.0,3.918722786647315,0.0,0.0,0.0,6,2,0.0,1
statsbomb,1,43,1,2022,16,8,781,3280,71.98333333333333,45,0,0,0.0,42.857142857142854,0.0,0.08888888888888889,11.252604769622598,0.0,0.0,0.0,5.001157675387821,0.060543337,0.0,0.07569669363278538,5,0,0.0,1
statsbomb,1,43,1,2022,16,8,781,3295,95.98333333333333,230,1,25,24.37923250564334,95.06172839506173,0.0,0.0,5.62597673207154,3.75065115471436,0.0,4.68831394339295,0.93766278867859,0.14148508,0.0,0.13266529466921342,11,9,0.0,2
statsbomb,1,43,1,2022,16,8,781,4372,94.98333333333333,263,11,21,30.321108966485347,96.875,0.0,0.0,4.737673276013336,7.580277241621337,0.9475346552026671,0.0,3.7901386208106684,0.07814184,0.0,0.07404210142130198,21,16,0.0,2
statsbomb,1,43,1,2022,16,8,781,5539,95.98333333333333,125,2,17,17.81559298489321,84.0,0.0,0.0,6.5636395207501295,1.87532557735718,0.0,3.75065115471436,3.75065115471436,0.091935639,0.0,0.08620462764368814,17,8,0.0,1
statsbomb,1,43,1,2022,16,8,781,5547,90.98333333333333,38,0,5,4.945960798681077,64.70588235294117,0.0,0.0,0.0,0.9891921597362154,0.0,0.0,4.945960798681077,0.0,0.0,0.0,2,2,0.0,0
statsbomb,1,43,1,2022,16,8,781,6945,85.98333333333333,185,1,16,17.794146152355108,86.48648648648648,100.0,0.005405405405405406,10.467144795503005,3.1401434386509015,1.0467144795503005,2.093428959100601,9.420430315952704,0.0,0.0,0.0,28,6,0.0,4
statsbomb,1,43,1,2022,16,8,781,9904,56.95,83,1,5,9.482001755926252,88.88888888888889,0.0,0.012048192771084338,18.964003511852503,4.741000877963126,0.0,0.0,4.741000877963126,0.0,0.0,0.0,11,3,0.0,4
statsbomb,1,43,1,2022,17,15,780,,100.98333333333333,0,0,0,0.0,0.0,0.0,0.0,0.0,0.0,0.0,0.0,0.0,0.0,0.0,0.0,0,0,0.0,0
statsbomb,1,43,1,2022,17,15,780,12041,82.98333333333333,121,3,5,8.676441052420165,83.33333333333334,0.0,0.008264462809917356,10.845551315525206,1.0845551315525206,0.0,0.0,1.0845551315525206,0.092352426,0.0,0.10016129752962442,16,4,0.0,0
statsbomb,1,43,1,2022,17,15,780,12169,17.966666666666665,25,0,3,15.027829313543602,70.0,100.0,0.08,15.027829313543602,0.0,0.0,5.009276437847867,10.018552875695734,0.0,0.0,0.0,2,0,0.0,0
statsbomb,1,43,1,2022,17,15,780,18360,30.933333333333334,37,5,3,23.275862068965516,80.0,100.0,0.02702702702702703,2.9094827586206895,11.637931034482758,0.0,2.9094827586206895,2.9094827586206895,0.026902085,0.0,0.07827115247844826,2,2,0.0,0
statsbomb,1,43,1,2022,17,15,780,20016,99.98333333333333,150,1,22,20.703450575095847,85.0,0.0,0.0,6.301050175029171,1.8003000500083346,0.9001500250041673,0.9001500250041673,6.301050175029171,0.0,0.0,0.0,7,7,0.0,2
statsbomb,1,43,1,2022,17,15,780,3193,97.98333333333333,184,12,12,22.0445654022793,84.61538461538461,50.0,0.016304347826086956,11.02228270113965,8.266712025854737,0.9185235584283041,0.0,7.348188467426433,0.0,0.0,0.0,29,10,0.0,4
statsbomb,1,43,1,2022,17,15,780,32975,99.96666666666667,92,0,26,23.407802600866958,61.53846153846154,0.0,0.0,0.0,0.0,0.0,0.0,2.7009003001000336,0.0,0.0,0.0,3,3,0.0,0
statsbomb,1,43,1,2022,17,15,780,38803,13.916666666666666,15,1,1,12.934131736526947,100.0,0.0,0.06666666666666667,12.934131736526947,6.467065868263473,0.0,0.0,0.0,0.0,0.0,0.0,3,1,0.0,0
statsbomb,1,43,1,2022,17,15,780,40874,16.966666666666665,15,1,0,5.304518664047152,100.0,0.0,0.06666666666666667,10.609037328094304,5.304518664047152,0.0,0.0,0.0,0.0,0.0,0.0,2,1,0.0,0
statsbomb,1,43,1,2022,17,15,780,41092,41.93333333333333,92,5,10,32.193958664546905,88.23529411764706,50.0,0.010869565217391304,0.0,6.438791732909381,0.0,2.1462639109697936,0.0,0.0,0.0,0.0,14,7,0.0,0
statsbomb,1,43,1,2022,17,15,780,5204,99.96666666666667,186,3,14,15.305101700566857,81.35593220338984,33.33333333333333,0.016129032258064516,9.90330110036679,3.601200400133378,0.9003001000333445,0.9003001000333445,3.601200400133378,0.9673049406,0.0,0.8708647347849284,30,8,0.0,1
statsbomb,1,43,1,2022,17,15,780,5206,96.98333333333333,157,1,16,15.77590651314659,95.08196721311475,0.0,0.0,3.711978003093315,0.9279945007733288,0.0,0.0,3.711978003093315,0.0,0.0,0.0,3,3,0.0,1
statsbomb,1,43,1,2022,17,15,780,5207,82.98333333333333,119,1,4,5.422775657762603,75.0,0.0,0.01680672268907563,4.338220526210082,2.169110263105041,0.0,0.0,1.0845551315525206,0.063164471,0.0,0.06850535115485037,15,5,0.0,0
statsbomb,1,43,1,2022,17,15,780,5209,57.9,69,3,9,18.65284974093264,85.71428571428571,0.0,0.014492753623188406,7.772020725388601,3.1088082901554404,0.0,0.0,4.66321243523316,0.0,0.0,0.0,10,4,0.0,0
statsbomb,1,43,1,2022,17,15,780,5214,82.98333333333333,175,2,15,18.43743723639285,93.65079365079364,0.0,0.005714285714285714,7.591885920867644,2.169110263105041,0.0,1.0845551315525206,3.2536653946575615,0.048683427,0.0,0.052799860574412535,17,5,0.0,1
statsbomb,1,43,1,2022,17,15,780,7005,95.96666666666667,159,2,12,13.12955887460924,86.66666666666667,33.33333333333333,0.012578616352201259,4.6891281695033,1.87565126780132,0.0,0.93782563390066,6.56477943730462,0.0,0.0,0.0,20,3,0.0,1
statsbomb,1,43,1,2022,17,15,780,9927,67.98333333333333,139,0,13,17.210100514832067,88.46153846153845,0.0,0.0,17.210100514832067,0.0,0.0,0.0,5.295415543025252,0.015326656,0.0,0.020290253101250308,11,3,0.0,2
statsbomb,1,43,1,2022,17,24,783,,100.9,0,0,0,0.0,0.0,0.0,0.0,0.0,0.0,0.0,0.0,0.0,0.0,0.0,0.0,0,0,0.0,0
statsbomb,1,43,1,2022,17,24,783,32478,71.98333333333333,56,2,1,3.750868256540866,64.70588235294117,0.0,0.07142857142857142,10.002315350775643,3.750868256540866,0.0,0.0,3.750868256540866,0.03092143,0.0,0.03866073674461681,8,3,0.0,0
statsbomb,1,43,1,2022,17,24,783,34476,14.983333333333333,26,0,5,30.033370411568413,36.36363636363637,100.0,0.0,12.013348164627365,0.0,0.0,0.0,12.013348164627365,0.0,0.0,0.0,2,1,0.0,0
statsbomb,1,43,1,2022,17,24,783,36288,35.88333333333333,37,2,1,7.524384579656294,81.81818181818183,0.0,0.05405405405405406,17.55689735253135,10.032512772875059,0.0,0.0,2.5081281932187647,0.0,0.0,0.0,8,2,0.0,2
statsbomb,1,43,1,2022,17,24,783,36710,97.98333333333333,49,0,17,15.614900493281171,61.53846153846154,0.0,0.0,0.0,0.0,0.0,0.0,0.9185235584283041,0.0,0.0,0.0,0,0,0.0,0
statsbomb,1,43,1,2022,17,24,783,4319,70.98333333333333,53,0,4,5.071613054707678,65.0,0.0,0.018867924528301886,13.946935900446114,0.0,0.0,0.0,2.535806527353839,0.07401822,0.0,0.09384794270955622,6,3,0.0,4
statsbomb,1,43,1,2022,17,24,783,5246,27.816666666666666,21,0,2,6.470940683043739,71.42857142857143,0.0,0.0,6.470940683043739,0.0,0.0,0.0,0.0,0.088375136,0.0,0.28593513145596167,4,1,0.0,0
statsbomb,1,43,1,2022,17,24,783,5249,61.916666666666664,49,0,9,13.082099596231496,82.6086956521739,0.0,0.0,1.4535666218034995,0.0,0.0,0.0,1.4535666218034995,0.0,0.0,0.0,2,2,0.0,0
statsbomb,1,43,1,2022,17,24,783,5255,61.96666666666667,39,2,9,15.976331360946745,64.70588235294117,0.0,0.05128205128205128,23.238300161377083,2.9047875201721354,1.4523937600860677,0.0,0.0,0.0,0.0,0.0,5,3,0.0,3
statsbomb,1,43,1,2022,17,24,783,5258,37.916666666666664,62,1,4,11.868131868131869,80.0,0.0,0.03225806451612903,7.1208791208791204,2.3736263736263736,0.0,0.0,2.3736263736263736,0.2560759,0.0,0.60782850989011,17,2,0.0,1
statsbomb,1,43,1,2022,17,24,783,5259,99.98333333333333,122,1,19,18.003000500083346,78.43137254901961,0.0,0.00819672131147541,15.302550425070844,0.0,0.9001500250041673,1.8003000500083346,1.8003000500083346,0.050594334,0.0,0.04554249101516919,6,4,0.0,2
statsbomb,1,43,1,2022,17,24,783,5260,98.98333333333333,157,7,18,22.731099511702308,80.32786885245902,100.0,0.01910828025477707,18.184879609361847,7.273951843744738,0.9092439804680923,3.636975921872369,7.273951843744738,0.56844809,0.0,0.5168580040410843,20,13,0.0,5
statsbomb,1,43,1,2022,17,24,783,5264,99.95,77,1,10,9.904952476238119,69.6969696969697,0.0,0.0,7.20360180090045,0.9004502251125562,0.9004502251125562,0.0,0.9004502251125562,0.0,0.0,0.0,12,4,0.0,1
statsbomb,1,43,1,2022,17,24,783,6297,24.45,12,0,0,0.0,50.0,0.0,0.0,0.0,0.0,0.0,0.0,3.6809815950920246,0.047642853,0.0,0.17537246503067486,3,0,0.0,0
statsbomb,1,43,1,2022,17,24,783,6300,96.98333333333333,111,6,25,28.76782952397319,78.0,0.0,0.0,1.8559890015466576,1.8559890015466576,0.0,0.0,4.639972503866644,0.0,0.0,0.0,9,9,0.0,1
statsbomb,1,43,1,2022,17,24,783,6773,99.96666666666667,121,9,18,24.3081027009003,77.55102040816327,100.0,0.0,10.803601200400134,8.1027009003001,0.9003001000333445,1.800600200066689,1.800600200066689,0.019629322,0.0,0.017672280560186732,22,10,0.0,0
statsbomb,1,43,1,2022,17,24,783,7104,84.98333333333333,82,3,4,7.413218278093744,87.87878787878788,0.0,0.036585365853658534,16.94449892135713,2.1180623651696413,0.0,1.0590311825848207,7.413218278093744,0.08097578899999999,0.0,0.0857558855854089,11,2,0.0,2
statsbomb,1,43,1,2022,18,13,768,,103.08333333333333,0,0,0,0.0,0.0,0.0,0.0,0.0,0.0,0.0,0.0,0.0,0.0,0.0,0.0,0,0,0.0,0
statsbomb,1,43,1,2022,18,13,768,10955,71.91666666666667,63,2,3,6.257242178447276,64.70588235294117,100.0,0.015873015873015872,3.754345307068366,0.0,0.0,0.0,2.5028968713789106,0.0,0.0,0.0,11,2,0.0,0
statsbomb,1,43,1,2022,18,13,768,10956,23.966666666666665,77,0,9,33.796940194714885,100.0,0.0,0.0,3.7552155771905427,3.7552155771905427,0.0,0.0,11.265646731571628,0.0,0.0,0.0,1,1,0.0,0
statsbomb,1,43,1,2022,18,13,768,22084,69.98333333333333,105,3,5,10.288163848535365,75.86206896551724,50.0,0.01904761904761905,18.00428673493689,6.430102405334603,0.0,1.2860204810669207,1.2860204810669207,0.169339465,0.0,0.21777402024291498,13,3,0.0,2
statsbomb,1,43,1,2022,18,13,768,30714,96.98333333333333,273,3,24,25.055851520879877,93.13725490196079,100.0,0.003663003663003663,12.063928510053275,4.639972503866644,1.8559890015466576,0.0,11.135934009279946,0.08285139,0.0,0.07688563430142636,37,15,0.0,1
statsbomb,1,43,1,2022,18,13,768,3233,69.96666666666667,101,1,7,10.290614578370652,86.20689655172413,66.66666666666666,0.0297029702970297,5.145307289185326,1.2863268222963316,0.0,0.0,2.572653644592663,0.1885282,0.0,0.24250888041924726,14,3,0.0,1
statsbomb,1,43,1,2022,18,13,768,3244,99.98333333333333,336,6,38,39.60660110018336,98.31932773109243,0.0,0.0,2.700450075012502,9.90165027504584,0.0,0.0,0.9001500250041673,0.0,0.0,0.0,14,11,0.0,0
statsbomb,1,43,1,2022,18,13,768,3308,97.96666666666667,243,0,24,22.048315753657707,81.73076923076923,0.0,0.00411522633744856,11.942837699897925,0.9186798230690711,0.0,0.9186798230690711,3.6747192922762846,0.042866398,0.0,0.03938049493024839,34,13,0.0,5
statsbomb,1,43,1,2022,18,13,768,3318,27.933333333333334,69,2,5,22.553699284009546,73.68421052631578,66.66666666666666,0.043478260869565216,16.10978520286396,12.88782816229117,0.0,0.0,3.2219570405727924,0.48580678,0.0,1.5652485751789975,10,0,0.0,0
statsbomb,1,43,1,2022,18,13,768,3336,70.98333333333333,191,4,29,41.84080770133834,90.41095890410958,100.0,0.0,5.071613054707678,5.071613054707678,0.0,0.0,3.8037097910307582,0.30296091,0.0,0.3841251265555295,10,6,0.0,0
statsbomb,1,43,1,2022,18,13,768,3382,96.98333333333333,312,5,22,25.055851520879877,89.07563025210085,0.0,0.00641025641025641,3.711978003093315,3.711978003093315,0.0,0.9279945007733288,5.567967004639973,0.021548782,0.0,0.019997151194363294,28,11,0.0,2
statsbomb,1,43,1,2022,18,13,768,3468,82.98333333333333,69,0,16,17.35288210484033,65.51724137931035,0.0,0.0,0.0,0.0,0.0,0.0,1.0845551315525206,0.0,0.0,0.0,4,4,0.0,0
statsbomb,1,43,1,2022,18,13,768,3616,22.983333333333334,18,1,1,7.8317621464829585,80.0,0.0,0.0,11.747643219724438,3.9158810732414793,0.0,0.0,3.9158810732414793,0.0,0.0,0.0,1,0,0.0,1
statsbomb,1,43,1,2022,18,13,768,3943,95.98333333333333,250,2,25,25.31689529432193,94.84536082474226,0.0,0.012,8.43896509810731,2.81298836603577,0.93766278867859,1.87532557735718,3.75065115471436,0.0,0.0,0.0,16,8,0.0,4
statsbomb,1,43,1,2022,18,13,768,4354,25.933333333333334,61,2,3,17.35218508997429,85.71428571428571,0.0,0.01639344262295082,24.29305912596401,10.411311053984576,0.0,0.0,0.0,0.0,0.0,0.0,11,2,0.0,0
statsbomb,1,43,1,2022,18,13,768,7843,70.98333333333333,113,2,8,12.679032636769193,88.57142857142857,100.0,0.008849557522123894,13.946935900446114,2.535806527353839,0.0,1.2679032636769194,6.339516318384597,0.06697492,0.0,0.08491771965250057,14,4,0.0,1
statsbomb,1,43,1,2022,18,13,768,9638,25.966666666666665,59,1,0,3.4659820282413354,100.0,0.0,0.0,24.261874197689348,20.795892169448013,0.0,0.0,0.0,0.6262809,0.0,2.170678344030809,6,0,0.0,0
statsbomb,1,43,1,2022,18,25,797,,103.85,0,0,0,0.0,0.0,0.0,0.0,0.0,0.0,0.0,0.0,0.0,0.0,0.0,0.0,0,0,0.0,0
statsbomb,1,43,1,2022,18,25,797,124161,34.9,31,1,3,10.315186246418339,90.0,0.0,0.03225806451612903,12.893982808022923,0.0,0.0,5.157593123209169,5.157593123209169,0.045791544,0.0,0.11808707621776506,3,3,0.0,1
statsbomb,1,43,1,2022,18,25,797,124167,72.98333333333333,49,2,7,11.098424297784883,72.22222222222221,0.0,0.04081632653061224,12.331582553094314,1.2331582553094314,0.0,2.4663165106188627,6.165791276547157,0.028478073,0.0,0.035117970815254626,7,2,0.0,0
statsbomb,1,43,1,2022,18,25,797,124175,49.95,25,1,7,14.414414414414413,72.72727272727273,0.0,0.0,7.207207207207206,3.603603603603603,0.0,3.603603603603603,0.0,0.0,0.0,0.0,2,2,0.0,0
statsbomb,1,43,1,2022,18,25,797,125818,57.916666666666664,12,0,1,1.5539568345323742,60.0,0.0,0.0,21.755395683453237,0.0,0.0,0.0,0.0,0.0,0.0,0.0,1,0,0.0,3
statsbomb,1,43,1,2022,18,25,797,125823,71.96666666666667,41,0,19,23.761000463177396,45.0,0.0,0.0,0.0,0.0,0.0,0.0,5.002315886984715,0.0,0.0,0.0,2,2,0.0,0
statsbomb,1,43,1,2022,18,25,797,23538,98.96666666666667,65,3,4,6.365779723812731,73.07692307692307,50.0,0.015384615384615385,15.45975075783092,1.8187942068036376,0.0,2.7281913102054562,3.637588413607275,0.0,0.0,0.0,11,2,0.0,1
statsbomb,1,43,1,2022,18,25,797,23874,51.95,52,0,3,5.19730510105871,62.5,0.0,0.038461538461538464,5.19730510105871,1.7324350336862366,0.0,3.4648700673724733,5.19730510105871,0.0,0.0,0.0,7,1,0.0,0
statsbomb,1,43,1,2022,18,25,797,5220,99.98333333333333,61,0,12,10.801800300050008,64.28571428571429,0.0,0.0,11.701950325054176,1.8003000500083346,0.0,3.600600100016669,1.8003000500083346,0.0,0.0,0.0,3,3,0.0,1
statsbomb,1,43,1,2022,18,25,797,5222,48.833333333333336,18,0,3,5.5290102389078495,55.55555555555556,0.0,0.0,5.5290102389078495,0.0,0.0,1.8430034129692832,3.6860068259385663,0.0,0.0,0.0,0,0,0.0,1
statsbomb,1,43,1,2022,18,25,797,5224,15.833333333333334,19,2,1,17.05263157894737,100.0,0.0,0.0,0.0,11.368421052631579,0.0,0.0,0.0,0.35130003,0.0,1.9968633284210524,2,1,0.0,0
statsbomb,1,43,1,2022,18,25,797,5226,102.98333333333333,86,2,6,6.991422560284835,80.95238095238095,0.0,0.03488372093023256,19.2264120407833,0.8739278200356044,0.0,1.7478556400712089,4.369639100178022,0.911224045,0.0,0.7963440432108755,8,5,0.0,1
statsbomb,1,43,1,2022,18,25,797,5227,16.833333333333332,5,0,3,16.03960396039604,0.0,0.0,0.0,0.0,0.0,0.0,0.0,0.0,0.0,0.0,0.0,1,1,0.0,0
statsbomb,1,43,1,2022,18,25,797,5228,93.95,44,0,7,6.70569451836083,63.1578947368421,0.0,0.0,9.579563597658328,0.0,0.0,0.0,2.8738690792974984,0.0,0.0,0.0,2,1,0.0,1
statsbomb,1,43,1,2022,18,25,797,5230,99.98333333333333,72,2,16,16.20270045007501,60.71428571428571,0.0,0.013888888888888888,7.201200200033338,0.0,0.0,0.9001500250041673,2.700450075012502,0.0,0.0,0.0,14,6,0.0,3
statsbomb,1,43,1,2022,18,25,797,5239,58.96666666666667,32,1,1,3.0525720746184284,62.5,0.0,0.03125,18.31543244771057,1.5262860373092142,0.0,1.5262860373092142,4.578858111927643,0.11232807,0.0,0.17144476483889204,2,1,0.0,3
statsbomb,1,43,1,2022,18,25,797,5720,58.983333333333334,36,2,3,7.629273806159932,75.0,0.0,0.08333333333333333,18.310257134783836,0.0,1.5258547612319864,1.5258547612319864,1.5258547612319864,0.0,0.0,0.0,5,3,0.0,1
statsbomb,1,43,1,2022,18,25,797,5722,49.9,28,1,3,7.214428857715431,100.0,0.0,0.0,14.428857715430862,0.0,0.0,0.0,1.8036072144288577,0.0065368367,0.0,0.011789885831663327,1,2,0.0,2
statsbomb,1,43,1,2022,19,26,1839,,94.56666666666666,0,0,0,0.0,0.0,0.0,0.0,0.0,0.0,0.0,0.0,0.0,0.0,0.0,0.0,0,0,0.0,0
statsbomb,1,43,1,2022,19,26,1839,12352,93.96666666666667,86,1,20,20.1135154310039,78.94736842105263,0.0,0.0,0.0,0.9577864490954239,0.0,0.0,3.8311457963816955,0.0,0.0,0.0,5,4,0.0,0
statsbomb,1,43,1,2022,19,26,1839,12524,91.95,181,1,19,19.575856443719413,88.57142857142857,0.0,0.0,2.936378466557912,0.9787928221859706,0.0,0.0,0.0,0.0,0.0,0.0,4,4,0.0,2
statsbomb,1,43,1,2022,19,26,1839,12751,90.98333333333333,109,1,7,7.9135372778897235,93.18181818181817,0.0,0.009174311926605505,30.664956951822678,0.9891921597362154,0.0,0.9891921597362154,3.9567686389448617,0.0,0.0,0.0,6,3,0.0,8
statsbomb,1,43,1,2022,19,26,1839,18242,92.98333333333333,140,3,19,21.29413873454024,87.03703703703704,100.0,0.0,7.7433231761964505,4.839576985122782,0.0,1.9358307940491126,0.0,0.0,0.0,0.0,5,4,0.0,0
statsbomb,1,43,1,2022,19,26,1839,21881,76.96666666666667,103,5,10,17.540060632308357,82.5,0.0,0.009708737864077669,22.217410134257253,7.0160242529233425,0.0,0.0,3.5080121264616713,0.056137927,0.0,0.06564417622347336,9,5,0.0,2
statsbomb,1,43,1,2022,19,26,1839,22008,81.95,48,1,2,3.2946918852959124,72.72727272727273,0.0,0.0,14.27699816961562,3.2946918852959124,0.0,0.0,2.1964612568639414,0.090269857,0.0,0.09913712178157412,5,0,0.0,1
statsbomb,1,43,1,2022,19,26,1839,22168,10.633333333333333,12,0,0,0.0,50.0,0.0,0.0,8.463949843260188,0.0,0.0,0.0,0.0,0.0,0.0,0.0,1,0,0.0,0
statsbomb,1,43,1,2022,19,26,1839,24243,12.833333333333334,26,0,1,7.012987012987013,100.0,0.0,0.0,28.051948051948052,7.012987012987013,0.0,0.0,0.0,0.0,0.0,0.0,2,0,0.0,1
statsbomb,1,43,1,2022,19,26,1839,3377,81.98333333333333,90,2,4,6.586704614759098,80.0,100.0,0.03333333333333333,15.368977434437895,3.293352307379549,0.0,0.0,4.391136409839398,0.0,0.0,0.0,15,3,0.0,2
statsbomb,1,43,1,2022,19,26,1839,34339,9.433333333333334,15,0,0,0.0,50.0,0.0,0.0,19.081272084805654,0.0,0.0,0.0,0.0,0.0,0.0,0.0,2,0,0.0,0
statsbomb,1,43,1,2022,19,26,1839,38792,87.98333333333333,98,5,12,17.389657132032582,85.71428571428571,0.0,0.02040816326530612,21.48134116309907,4.09168403106649,0.0,0.0,3.0687630232998675,0.016826272,0.0,0.0172119471111953,12,7,0.0,4
statsbomb,1,43,1,2022,19,26,1839,4614,90.98333333333333,110,9,12,20.773035354460525,80.48780487804879,0.0,0.02727272727272727,15.827074555779447,7.9135372778897235,0.9891921597362154,0.9891921597362154,5.935152958417293,0.0,0.0,0.0,13,5,0.0,1
statsbomb,1,43,1,2022,19,26,1839,6806,12.916666666666666,40,1,4,34.83870967741935,85.71428571428571,0.0,0.0,34.83870967741935,6.967741935483871,0.0,0.0,6.967741935483871,0.0,0.0,0.0,7,1,0.0,0
statsbomb,1,43,1,2022,19,26,1839,8246,91.96666666666667,122,9,10,18.593693367162015,63.888888888888886,60.0,0.03278688524590164,10.76476984414643,6.850308082638637,0.0,0.0,4.893077201884741,0.13605235,0.0,0.13314293040956868,24,10,0.0,2
statsbomb,1,43,1,2022,19,26,1839,8526,75.98333333333333,99,6,13,22.504935292827373,87.87878787878788,100.0,0.010101010101010102,10.660232507128756,7.106821671419171,0.0,0.0,7.106821671419171,0.215000596,0.0,0.2546618158368063,18,9,0.0,1
statsbomb,1,43,1,2022,19,13,768,,94.56666666666666,0,0,0,0.0,0.0,0.0,0.0,0.0,0.0,0.0,0.0,0.0,0.0,0.0,0.0,0,0,0.0,0
statsbomb,1,43,1,2022,19,13,768,10955,91.98333333333333,97,3,11,13.69813371987679,68.0,0.0,0.030927835051546393,7.827504982786737,3.9137524913933683,1.9568762456966842,0.0,0.0,0.17599504,0.0,0.17220025656821888,16,7,0.0,1
statsbomb,1,43,1,2022,19,13,768,22084,70.98333333333333,85,4,5,11.411129373092274,74.07407407407408,50.0,0.023529411764705882,11.411129373092274,3.8037097910307582,0.0,0.0,1.2679032636769194,0.08680134,0.0,0.11005570227752993,18,8,0.0,1
statsbomb,1,43,1,2022,19,13,768,30714,67.98333333333333,108,2,3,6.619269428781564,91.66666666666666,0.0,0.037037037037037035,11.914684971806816,0.0,0.0,0.0,5.295415543025252,0.0,0.0,0.0,8,1,0.0,2
statsbomb,1,43,1,2022,19,13,768,3233,66.96666666666667,69,0,4,5.375808860129418,85.71428571428571,0.0,0.028985507246376812,12.09556993529119,2.687904430064709,0.0,1.3439522150323544,0.0,0.0,0.0,0.0,8,2,0.0,0
statsbomb,1,43,1,2022,19,13,768,3244,93.98333333333333,251,8,32,38.30466394750842,95.55555555555556,0.0,0.0,2.8728497960631314,7.660932789501684,0.0,0.0,0.0,0.04222343,0.0,0.040433857421528635,17,11,0.0,0
statsbomb,1,43,1,2022,19,13,768,3308,89.98333333333333,174,3,21,24.004445267642154,86.48648648648648,100.0,0.0,13.002407853306167,4.000740877940359,0.0,0.0,3.0005556584552693,0.0,0.0,0.0,26,9,0.0,2
statsbomb,1,43,1,2022,19,13,768,3318,15.516666666666667,11,0,0,0.0,100.0,100.0,0.0,17.40064446831364,5.800214822771213,0.0,0.0,0.0,0.009332121,0.0,0.054128306552094524,2,0,0.0,0
statsbomb,1,43,1,2022,19,13,768,3336,93.98333333333333,211,3,26,27.770881361943605,88.60759493670885,100.0,0.0,2.8728497960631314,1.915233197375421,0.0,1.915233197375421,5.745699592126263,0.05556727,0.0,0.05321214009576166,17,7,0.0,2
statsbomb,1,43,1,2022,19,13,768,3382,92.98333333333333,208,6,30,34.844954292884026,84.33734939759037,100.0,0.004807692307692308,8.711238573221006,4.839576985122782,0.0,0.9679153970245563,1.9358307940491126,0.0,0.0,0.0,29,8,0.0,1
statsbomb,1,43,1,2022,19,13,768,3468,87.98333333333333,61,1,17,18.412578139799205,82.14285714285714,0.0,0.0,0.0,0.0,0.0,0.0,3.0687630232998675,0.0,0.0,0.0,9,6,0.0,0
statsbomb,1,43,1,2022,19,13,768,3532,22.9,30,1,3,15.72052401746725,75.0,0.0,0.0,7.860262008733625,0.0,0.0,0.0,3.9301310043668125,0.0,0.0,0.0,7,2,0.0,0
statsbomb,1,43,1,2022,19,13,768,3943,92.98333333333333,153,0,14,13.550815558343789,95.0,0.0,0.0,9.679153970245563,1.9358307940491126,0.0,1.9358307940491126,5.807492382147338,0.0,0.0,0.0,9,3,0.0,1
statsbomb,1,43,1,2022,19,13,768,7843,88.98333333333333,110,2,6,8.091402884435288,84.375,66.66666666666666,0.01818181818181818,23.262783292751454,2.022850721108822,0.0,0.0,2.022850721108822,0.090719145,0.0,0.0917556439408129,17,3,0.0,2
statsbomb,1,43,1,2022,19,13,768,9638,25.933333333333334,44,3,2,17.35218508997429,69.23076923076923,0.0,0.0,6.940874035989717,10.411311053984576,0.0,3.4704370179948585,3.4704370179948585,0.0,0.0,0.0,6,2,0.0,1
statsbomb,1,43,1,2022,20,25,797,,102.51666666666667,0,0,0,0.0,0.0,0.0,0.0,0.0,0.0,0.0,0.0,0.0,0.0,0.0,0.0,0,0,0.0,0
statsbomb,1,43,1,2022,20,25,797,124161,20.916666666666668,33,2,5,30.119521912350596,60.0,100.0,0.06060606060606061,38.72509960159363,8.605577689243027,0.0,4.302788844621514,4.302788844621514,0.051057886,0.0,0.21969130231075695,7,3,0.0,1
statsbomb,1,43,1,2022,20,25,797,124167,77.96666666666667,59,3,6,10.389055151774262,65.0,100.0,0.03389830508474576,20.778110303548523,1.1543394613082514,1.1543394613082514,2.3086789226165028,10.389055151774262,0.0519487086,0.0,0.05996644430098332,8,5,0.0,4
statsbomb,1,43,1,2022,20,25,797,125818,16.966666666666665,19,0,5,26.52259332023576,42.857142857142854,0.0,0.0,26.52259332023576,0.0,0.0,0.0,0.0,0.0,0.0,0.0,3,2,0.0,2
statsbomb,1,43,1,2022,20,25,797,125823,93.98333333333333,49,1,24,23.940414967192762,57.14285714285714,0.0,0.0,0.0,2.8728497960631314,0.0,0.0,5.745699592126263,0.0,0.0,0.0,5,4,0.0,0
statsbomb,1,43,1,2022,20,25,797,23874,75.98333333333333,91,3,6,10.660232507128756,63.63636363636363,33.33333333333333,0.02197802197802198,10.660232507128756,5.922351392849309,0.0,1.1844702785698618,7.106821671419171,0.04282673,0.0,0.05072698881333625,23,6,0.0,1
statsbomb,1,43,1,2022,20,25,797,5220,97.96666666666667,51,0,18,16.53623681524328,53.57142857142857,0.0,0.0,6.430758761483498,2.7560394692072134,0.0,2.7560394692072134,2.7560394692072134,0.05160931,0.0,0.047412431779516845,8,6,0.0,0
statsbomb,1,43,1,2022,20,25,797,5222,22.933333333333334,7,0,4,15.69767441860465,40.0,0.0,0.0,7.848837209302325,0.0,0.0,0.0,3.9244186046511627,0.03268815,0.0,0.1282819840116279,0,0,0.0,0
statsbomb,1,43,1,2022,20,25,797,5224,66.96666666666667,43,2,4,8.063713290194126,60.0,0.0,0.0,9.40766550522648,2.687904430064709,0.0,0.0,1.3439522150323544,0.609281293,0.0,0.8188449433051269,7,3,0.0,1
statsbomb,1,43,1,2022,20,25,797,5226,100.95,82,6,9,13.372956909361069,65.38461538461539,0.0,0.024390243902439025,20.50520059435364,4.457652303120357,0.0,0.0,1.7830609212481425,0.16152305500000003,0.0,0.14400272362555722,20,7,0.0,1
statsbomb,1,43,1,2022,20,25,797,5228,97.98333333333333,67,2,9,10.103759142711345,79.41176470588235,0.0,0.014925373134328358,6.429664908998129,2.7555706752849125,1.8370471168566083,0.9185235584283041,9.185235584283042,0.0,0.0,0.0,3,1,0.0,0
statsbomb,1,43,1,2022,20,25,797,5230,72.93333333333334,73,5,12,20.978062157221206,63.63636363636363,0.0,0.0273972602739726,18.510054844606945,6.170018281535649,0.0,0.0,6.170018281535649,0.068153165,0.0,0.08410125479890311,16,6,0.0,0
statsbomb,1,43,1,2022,20,25,797,5231,30.783333333333335,13,0,1,2.9236599891716297,75.0,0.0,0.07692307692307693,5.8473199783432595,2.9236599891716297,0.0,2.9236599891716297,2.9236599891716297,0.06399969,0.0,0.18711333297238766,2,0,0.0,0
statsbomb,1,43,1,2022,20,25,797,5235,100.98333333333333,121,7,24,27.628321505198876,68.08510638297872,0.0,0.024793388429752067,13.368542663805908,4.456180887935303,0.8912361775870605,3.564944710348242,4.456180887935303,0.230377999,0.0,0.20532120722891564,23,9,0.0,2
statsbomb,1,43,1,2022,20,25,797,5239,19.95,25,1,2,13.533834586466167,83.33333333333334,100.0,0.04,13.533834586466167,4.511278195488722,0.0,0.0,4.511278195488722,0.042576119,0.0,0.1920727172932331,2,1,0.0,0
statsbomb,1,43,1,2022,20,25,797,5720,99.96666666666667,77,2,20,19.80660220073358,60.97560975609756,0.0,0.0,18.906302100700234,2.7009003001000336,0.9003001000333445,1.800600200066689,2.7009003001000336,0.0,0.0,0.0,14,5,0.0,3
statsbomb,1,43,1,2022,20,25,797,5722,82.98333333333333,52,3,11,15.183771841735288,69.23076923076923,0.0,0.0,19.52199236794537,3.2536653946575615,0.0,0.0,3.2536653946575615,0.047915842,0.0,0.051967372323759795,9,6,0.0,2
statsbomb,1,43,1,2022,20,12,907,,102.91666666666667,0,0,0,0.0,0.0,0.0,0.0,0.0,0.0,0.0,0.0,0.0,0.0,0.0,0.0,0,0,0.0,0
statsbomb,1,43,1,2022,20,12,907,10931,23.966666666666665,19,0,3,11.265646731571628,77.77777777777779,0.0,0.0,7.510431154381085,3.7552155771905427,0.0,3.7552155771905427,18.776077885952713,0.0,0.0,0.0,4,3,0.0,0
statsbomb,1,43,1,2022,20,12,907,11250,97.98333333333333,143,4,15,17.45194761013778,94.73684210526315,0.0,0.0,5.511141350569825,3.6740942337132165,0.0,1.8370471168566083,2.7555706752849125,0.0,0.0,0.0,3,2,0.0,2
statsbomb,1,43,1,2022,20,12,907,11252,40.95,40,2,1,6.593406593406593,54.54545454545454,0.0,0.025,15.384615384615383,4.395604395604395,0.0,2.1978021978021975,0.0,0.0,0.0,0.0,7,2,0.0,2
statsbomb,1,43,1,2022,20,12,907,29377,39.93333333333333,40,1,0,2.253756260434057,77.77777777777779,50.0,0.075,6.761268781302171,9.015025041736228,0.0,0.0,9.015025041736228,0.059788406,0.0,0.13474849432387315,6,0,0.0,0
statsbomb,1,43,1,2022,20,12,907,3086,96.98333333333333,197,8,31,36.19178553015982,83.33333333333334,100.0,0.005076142131979695,9.279945007733287,7.42395600618663,0.9279945007733288,0.0,6.495961505413302,0.053537875,0.0,0.04968285358308988,22,14,0.0,2
statsbomb,1,43,1,2022,20,12,907,34794,100.98333333333333,154,6,20,23.172140617263572,75.0,16.666666666666664,0.045454545454545456,12.477306486218847,2.6737085327611814,0.0,0.8912361775870605,9.803597953457666,0.07557114100000001,0.0,0.0673517348407328,25,9,0.0,2
statsbomb,1,43,1,2022,20,12,907,3488,82.91666666666667,67,1,22,24.964824120603016,91.17647058823529,0.0,0.0,1.085427135678392,0.0,0.0,0.0,10.85427135678392,0.0,0.0,0.0,5,2,0.0,0
statsbomb,1,43,1,2022,20,12,907,3517,86.96666666666667,157,4,14,18.62782675354542,78.0,0.0,0.044585987261146494,4.1395170563434265,6.20927558451514,0.0,1.0348792640858566,7.244154848600997,0.025361432,0.0,0.026246020084323494,20,11,0.0,0
statsbomb,1,43,1,2022,20,12,907,3853,99.96666666666667,102,1,7,7.202400800266756,60.71428571428571,0.0,0.029411764705882353,13.504501500500167,0.9003001000333445,0.0,0.9003001000333445,1.800600200066689,0.3495107,0.0,0.3146645181727243,17,3,0.0,3
statsbomb,1,43,1,2022,20,12,907,4767,97.96666666666667,152,6,24,27.560394692072133,80.32786885245902,0.0,0.006578947368421052,5.512078938414427,3.6747192922762846,0.0,0.9186798230690711,2.7560394692072134,0.0,0.0,0.0,10,7,0.0,1
statsbomb,1,43,1,2022,20,12,907,4774,55.96666666666667,102,1,9,16.081000595592613,69.23076923076923,0.0,0.00980392156862745,4.824300178677785,0.0,0.0,1.6081000595592614,1.6081000595592614,0.0,0.0,0.0,21,4,0.0,1
statsbomb,1,43,1,2022,20,12,907,4934,76.98333333333333,173,8,26,39.748863390344226,80.88235294117648,100.0,0.0,9.352673738904524,10.52175795626759,0.0,1.1690842173630656,4.676336869452262,0.0,0.0,0.0,26,15,0.0,0
statsbomb,1,43,1,2022,20,12,907,6399,89.93333333333334,86,1,6,7.005189028910303,80.0,50.0,0.046511627906976744,6.0044477390659745,2.001482579688658,0.0,0.0,3.0022238695329873,0.02170084,0.0,0.02171692661230541,14,2,0.0,4
statsbomb,1,43,1,2022,20,12,907,9540,55.983333333333334,79,3,6,14.46859184281036,70.37037037037037,0.0,0.012658227848101266,8.03810657933909,0.0,0.0,0.0,4.822863947603453,0.030164797,0.0,0.04849357064602561,12,3,0.0,1
statsbomb,1,43,1,2022,20,12,907,9914,13.95,12,0,7,45.16129032258065,57.14285714285714,0.0,0.0,0.0,0.0,0.0,0.0,0.0,0.0,0.0,0.0,4,4,0.0,0
statsbomb,1,43,1,2022,21,20,3565,,96.98333333333333,0,0,0,0.0,0.0,0.0,0.0,0.0,0.0,0.0,0.0,0.0,0.0,0.0,0.0,0,0,0.0,0
statsbomb,1,43,1,2022,21,20,3565,12803,4.85,7,0,1,18.556701030927837,0.0,0.0,0.0,74.22680412371135,0.0,0.0,0.0,0.0,0.0,0.0,0.0,1,1,0.0,0
statsbomb,1,43,1,2022,21,20,3565,23830,94.96666666666667,160,0,15,14.215514215514215,88.88888888888889,0.0,0.00625,18.006318006318008,0.0,0.0,0.9477009477009477,7.581607581607582,0.0,0.0,0.0,9,6,0.0,6
statsbomb,1,43,1,2022,21,20,3565,24085,95.98333333333333,148,8,13,19.69091856225039,76.27118644067797,0.0,0.04054054054054054,14.06494183017885,5.62597673207154,0.93766278867859,2.81298836603577,5.62597673207154,0.27007267,0.0,0.25323709289807256,26,8,0.0,3
statsbomb,1,43,1,2022,21,20,3565,28559,89.98333333333333,117,4,3,7.001296536395628,85.71428571428571,25.0,0.07692307692307693,14.002593072791257,5.000926097425449,1.0001852194850898,2.0003704389701795,7.001296536395628,1.0026602119999999,0.0,1.0028459242081864,10,2,0.0,1
statsbomb,1,43,1,2022,21,20,3565,30111,95.98333333333333,162,5,32,34.69352318110783,84.375,0.0,0.0,1.87532557735718,3.75065115471436,0.0,0.93766278867859,3.75065115471436,0.0,0.0,0.0,7,6,0.0,1
statsbomb,1,43,1,2022,21,20,3565,31152,89.98333333333333,119,3,7,10.001852194850898,84.84848484848484,33.33333333333333,0.03361344537815126,25.004630487127244,2.0003704389701795,0.0,0.0,3.0005556584552693,0.046335444,0.0,0.04634402622707909,15,2,0.0,2
statsbomb,1,43,1,2022,21,20,3565,34396,73.98333333333333,74,1,7,9.731921603964857,88.23529411764706,0.0,0.05405405405405406,17.0308628069385,1.216490200495607,1.216490200495607,0.0,1.216490200495607,0.203843194,0.0,0.24797324793872494,7,5,0.0,2
statsbomb,1,43,1,2022,21,20,3565,348757,5.95,8,0,0,0.0,0.0,0.0,0.0,45.3781512605042,0.0,0.0,0.0,0.0,0.0,0.0,0.0,1,0,0.0,0
statsbomb,1,43,1,2022,21,20,3565,37522,87.95,38,0,9,9.209778283115407,70.0,0.0,0.0,0.0,0.0,0.0,0.0,4.093234792495736,0.0,0.0,0.0,4,4,0.0,0
statsbomb,1,43,1,2022,21,20,3565,37726,95.98333333333333,148,2,12,13.127279041500259,80.0,100.0,0.013513513513513514,24.37923250564334,2.81298836603577,1.87532557735718,0.0,5.62597673207154,0.063906849,0.0,0.05992307424900156,14,4,0.0,5
statsbomb,1,43,1,2022,21,20,3565,37737,95.98333333333333,93,2,12,13.127279041500259,72.97297297297297,0.0,0.03225806451612903,13.127279041500259,0.93766278867859,0.93766278867859,1.87532557735718,6.5636395207501295,0.064235936,0.0,0.06023164688313942,19,6,0.0,2
statsbomb,1,43,1,2022,21,20,3565,38004,95.98333333333333,96,1,16,15.94026740753603,65.9090909090909,0.0,0.0,20.62858135092898,0.0,0.0,1.87532557735718,3.75065115471436,0.0,0.0,0.0,11,7,0.0,2
statsbomb,1,43,1,2022,21,20,3565,40211,19.866666666666667,31,0,1,4.530201342281879,60.0,0.0,0.03225806451612903,4.530201342281879,4.530201342281879,0.0,0.0,9.060402684563758,0.0,0.0,0.0,5,1,0.0,0
statsbomb,1,43,1,2022,21,20,3565,51969,93.98333333333333,96,2,8,9.576165986877106,89.1891891891892,0.0,0.0,10.533782585564817,1.915233197375421,0.9576165986877105,3.830466394750842,3.830466394750842,0.0,0.0,0.0,1,1,0.0,0
statsbomb,1,43,1,2022,21,27,941,,96.98333333333333,0,0,0,0.0,0.0,0.0,0.0,0.0,0.0,0.0,0.0,0.0,0.0,0.0,0.0,0,0,0.0,0
statsbomb,1,43,1,2022,21,27,941,20750,78.96666666666667,79,2,6,9.117771211481637,60.0,0.0,0.0379746835443038,12.536935415787251,2.2794428028704092,1.1397214014352046,0.0,5.698607007176023,0.059259485,0.0,0.06753930329252848,11,3,0.0,1
statsbomb,1,43,1,2022,21,27,941,21809,95.98333333333333,162,3,21,22.50390692828616,87.5,100.0,0.0,20.62858135092898,1.87532557735718,1.87532557735718,0.0,2.81298836603577,0.0,0.0,0.0,9,9,0.0,4
statsbomb,1,43,1,2022,21,27,941,2988,50.96666666666667,59,0,1,1.7658600392413342,83.33333333333334,0.0,0.1016949152542373,1.7658600392413342,0.0,0.0,0.0,1.7658600392413342,0.0,0.0,0.0,5,1,0.0,0
statsbomb,1,43,1,2022,21,27,941,3306,96.98333333333333,208,15,22,34.335796528613166,90.2439024390244,0.0,0.0,6.495961505413302,12.991923010826604,0.9279945007733288,0.9279945007733288,1.8559890015466576,0.0,0.0,0.0,10,10,0.0,1
statsbomb,1,43,1,2022,21,27,941,3311,96.96666666666667,172,1,22,21.34754211069096,84.84848484848484,0.0,0.011627906976744186,10.209694052939154,0.0,0.0,0.9281540048126504,5.5689240288759025,0.0,0.0,0.0,18,7,0.0,1
statsbomb,1,43,1,2022,21,27,941,3669,95.98333333333333,137,2,23,23.44156971696475,87.27272727272727,0.0,0.0,6.5636395207501295,2.81298836603577,0.0,0.93766278867859,2.81298836603577,0.0,0.0,0.0,6,3,0.0,1
statsbomb,1,43,1,2022,21,27,941,4318,68.95,64,1,5,7.8317621464829585,80.76923076923077,0.0,0.03125,7.8317621464829585,0.0,0.0,0.0,2.610587382160986,0.0,0.0,0.0,13,5,0.0,0
statsbomb,1,43,1,2022,21,27,941,6994,17.966666666666665,20,0,2,10.018552875695734,88.88888888888889,0.0,0.0,25.046382189239335,0.0,0.0,0.0,0.0,0.0,0.0,0.0,1,1,0.0,0
statsbomb,1,43,1,2022,21,27,941,7745,26.833333333333332,41,1,7,26.832298136645964,50.0,0.0,0.024390243902439025,16.77018633540373,3.3540372670807455,0.0,0.0,0.0,0.0,0.0,0.0,7,2,0.0,0
statsbomb,1,43,1,2022,21,27,941,7829,12.5,6,0,0,0.0,50.0,0.0,0.0,7.2,0.0,0.0,0.0,0.0,0.0,0.0,0.0,0,0,0.0,0
statsbomb,1,43,1,2022,21,27,941,7891,79.98333333333333,106,4,8,13.502813086059597,78.37837837837837,100.0,0.018867924528301886,27.005626172119193,2.2504688476765993,0.0,1.1252344238382996,5.626172119191498,0.04520454,0.0,0.05086570452177537,14,6,0.0,2
statsbomb,1,43,1,2022,21,27,941,8118,95.98333333333333,186,5,19,22.50390692828616,93.15068493150685,0.0,0.005376344086021506,15.00260461885744,6.5636395207501295,0.0,0.0,1.87532557735718,0.0,0.0,0.0,12,9,0.0,4
statsbomb,1,43,1,2022,21,27,941,8125,95.98333333333333,82,2,9,10.31429067546449,63.33333333333333,0.0,0.04878048780487805,15.00260461885744,1.87532557735718,1.87532557735718,0.93766278867859,0.93766278867859,0.0,0.0,0.0,14,4,0.0,0
statsbomb,1,43,1,2022,21,27,941,8259,47.983333333333334,62,1,1,3.75130253560264,93.75,100.0,0.0,5.62695380340396,0.0,0.0,0.0,1.87565126780132,0.0,0.0,0.0,8,2,0.0,0
statsbomb,1,43,1,2022,21,27,941,8326,82.95,95,0,24,26.039783001808317,86.36363636363636,0.0,0.0,0.0,0.0,0.0,0.0,4.3399638336347195,0.0,0.0,0.0,0,0,0.0,0
statsbomb,1,43,1,2022,22,19,771,,102.96666666666667,0,0,0,0.0,0.0,0.0,0.0,0.0,0.0,0.0,0.0,0.0,0.0,0.0,0.0,0,0,0.0,0
statsbomb,1,43,1,2022,22,19,771,10481,99.98333333333333,261,6,18,21.603600600100016,93.6842105263158,0.0,0.007662835249042145,4.500750125020836,6.301050175029171,0.0,1.8003000500083346,6.301050175029171,0.0,0.0,0.0,9,4,0.0,0
statsbomb,1,43,1,2022,22,19,771,11135,93.98333333333333,190,4,25,27.770881361943605,97.05882352941177,0.0,0.0,6.703316190813974,4.788082993438553,0.0,0.0,5.745699592126263,0.0,0.0,0.0,10,9,0.0,4
statsbomb,1,43,1,2022,22,19,771,11990,66.98333333333333,114,5,11,21.49788504603135,77.77777777777779,0.0,0.02631578947368421,18.81064941527743,5.374471261507837,1.3436178153769593,1.3436178153769593,4.0308534461308785,0.041162748,0.0,0.055307001542672304,12,8,0.0,2
statsbomb,1,43,1,2022,22,19,771,17592,39.983333333333334,95,1,11,27.011254689453942,100.0,100.0,0.010526315789473684,6.7528136723634855,0.0,0.0,0.0,9.003751563151313,0.0,0.0,0.0,6,2,0.0,1
statsbomb,1,43,1,2022,22,19,771,22097,96.98333333333333,72,2,0,1.8559890015466576,76.47058823529412,66.66666666666666,0.08333333333333333,13.919917511599932,2.7839835023199866,0.9279945007733288,0.9279945007733288,0.9279945007733288,0.041042205,0.0,0.03808694053961162,11,0,0.0,0
statsbomb,1,43,1,2022,22,19,771,24778,101.98333333333333,217,3,20,20.29743422127799,88.60759493670885,50.0,0.009216589861751152,15.884948521000164,3.5299885602222587,1.7649942801111294,1.7649942801111294,7.942474260500082,0.0,0.0,0.0,30,10,0.0,5
statsbomb,1,43,1,2022,22,19,771,3009,34.96666666666667,96,8,7,38.608198284080075,68.0,100.0,0.020833333333333332,0.0,18.01715919923737,0.0,0.0,5.147759771210676,0.08112707899999999,0.0,0.2088113568160152,21,7,0.0,0
statsbomb,1,43,1,2022,22,19,771,3026,34.983333333333334,64,2,3,12.863268222963315,82.35294117647058,0.0,0.03125,7.71796093377799,10.290614578370652,0.0,0.0,7.71796093377799,0.144442704,0.0,0.3716010488804192,7,3,0.0,3
statsbomb,1,43,1,2022,22,19,771,3543,95.98333333333333,54,0,24,22.50390692828616,64.51612903225806,0.0,0.0,0.0,0.0,0.0,0.0,6.5636395207501295,0.0,0.0,0.0,4,4,0.0,0
statsbomb,1,43,1,2022,22,19,771,5477,24.833333333333332,60,1,2,10.87248322147651,72.22222222222221,0.0,0.05,3.6241610738255035,0.0,3.6241610738255035,3.6241610738255035,10.87248322147651,0.020325886,0.0,0.07366428483221477,12,1,0.0,0
statsbomb,1,43,1,2022,22,19,771,5485,62.983333333333334,121,3,12,21.4342418629267,89.13043478260869,0.0,0.0,1.4289494575284467,4.28684837258534,0.0,0.0,2.8578989150568934,0.0,0.0,0.0,5,3,0.0,0
statsbomb,1,43,1,2022,22,19,771,5487,30.966666666666665,94,2,7,26.157158234660926,82.85714285714286,0.0,0.010638297872340425,0.0,5.8127018299246505,0.0,0.0,2.9063509149623252,0.0,0.0,0.0,22,6,0.0,0
statsbomb,1,43,1,2022,22,19,771,7153,59.96666666666667,95,0,7,10.505836575875486,91.42857142857143,0.0,0.010526315789473684,13.507504168982768,0.0,0.0,0.0,3.001667593107282,0.0,0.0,0.0,7,2,0.0,1
statsbomb,1,43,1,2022,22,19,771,7345,68.98333333333333,90,4,7,14.351292582749457,87.5,0.0,0.011111111111111112,2.609325924136265,2.609325924136265,0.0,0.0,6.523314810340662,0.0,0.0,0.0,9,4,0.0,2
statsbomb,1,43,1,2022,22,19,771,7439,102.96666666666667,168,2,25,23.599870508255098,76.38888888888889,100.0,0.0,6.9925542246681776,0.8740692780835222,0.0,3.4962771123340888,1.7481385561670444,0.061025612,0.0,0.05334061262544513,24,11,0.0,4
statsbomb,1,43,1,2022,22,19,771,8217,59.916666666666664,73,2,1,4.506258692628651,88.88888888888889,100.0,0.0410958904109589,12.016689847009737,4.506258692628651,0.0,1.502086230876217,1.502086230876217,0.08786314,0.0,0.13197801279554938,8,2,0.0,3
statsbomb,1,43,1,2022,22,2,777,,102.68333333333334,0,0,0,0.0,0.0,0.0,0.0,0.0,0.0,0.0,0.0,0.0,0.0,0.0,0.0,0,0,0.0,0
statsbomb,1,43,1,2022,22,2,777,102816,70.96666666666667,66,6,3,11.413809300140912,73.68421052631578,0.0,0.06060606060606061,12.682010333489902,6.341005166744951,2.5364020666979803,0.0,10.145608266791921,0.0,0.0,0.0,8,4,0.0,1
statsbomb,1,43,1,2022,22,2,777,105943,101.95,27,0,13,11.476213830308975,50.0,0.0,0.0,0.0,0.8827856792545365,0.0,0.0,0.0,0.0,0.0,0.0,2,1,0.0,0
statsbomb,1,43,1,2022,22,2,777,105944,95.9,115,6,12,16.89259645464025,63.829787234042556,100.0,0.02608695652173913,5.630865484880083,6.56934306569343,0.0,0.0,4.692387904066736,0.0,0.0,0.0,24,12,0.0,1
statsbomb,1,43,1,2022,22,2,777,16352,39.983333333333334,19,0,1,2.2509378907878284,75.0,0.0,0.05263157894736842,20.258441017090455,0.0,0.0,0.0,4.501875781575657,0.0,0.0,0.0,2,1,0.0,0
statsbomb,1,43,1,2022,22,2,777,25582,97.98333333333333,77,0,5,4.592617792141521,90.0,0.0,0.012987012987012988,1.8370471168566083,0.9185235584283041,0.9185235584283041,0.9185235584283041,1.8370471168566083,0.0,0.0,0.0,2,2,0.0,0
statsbomb,1,43,1,2022,22,2,777,30681,17.633333333333333,4,0,1,5.103969754253308,100.0,0.0,0.25,5.103969754253308,0.0,0.0,0.0,10.207939508506616,0.0,0.0,0.0,0,0,0.0,0
statsbomb,1,43,1,2022,22,2,777,3196,59.983333333333334,50,3,4,10.502917477076965,90.0,0.0,0.06,9.002500694637398,4.501250347318699,0.0,0.0,9.002500694637398,0.18369887199999999,0.0,0.27562487046401773,5,2,0.0,1
statsbomb,1,43,1,2022,22,2,777,32450,100.95,68,4,14,16.047548291233284,86.20689655172413,0.0,0.0,8.023774145616642,3.566121842496285,0.8915304606240713,0.8915304606240713,1.7830609212481425,0.0,0.0,0.0,4,3,0.0,0
statsbomb,1,43,1,2022,22,2,777,35592,82.96666666666667,87,1,4,5.423865006026517,76.0,0.0,0.04597701149425287,10.847730012053034,0.0,0.0,1.0847730012053034,6.50863800723182,0.1007914,0.0,0.10933578947368422,15,2,0.0,2
statsbomb,1,43,1,2022,22,2,777,3767,96.98333333333333,97,4,13,15.77590651314659,83.33333333333334,100.0,0.030927835051546393,16.703901013919918,3.711978003093315,1.8559890015466576,2.7839835023199866,4.639972503866644,0.0,0.0,0.0,7,7,0.0,3
statsbomb,1,43,1,2022,22,2,777,44955,96.98333333333333,128,6,13,17.631895514693248,86.04651162790698,50.0,0.0546875,12.991923010826604,4.639972503866644,1.8559890015466576,2.7839835023199866,9.279945007733287,0.013856714,0.0,0.012858954390788794,17,9,0.0,3
statsbomb,1,43,1,2022,22,2,777,5647,97.93333333333334,128,0,24,22.05582028590878,65.57377049180327,0.0,0.0,7.351940095302927,0.0,0.0,1.8379850238257318,1.8379850238257318,0.0,0.0,0.0,35,11,0.0,1
statsbomb,1,43,1,2022,22,2,777,5651,95.98333333333333,88,1,16,15.94026740753603,91.42857142857143,0.0,0.022727272727272728,10.31429067546449,0.0,0.0,0.93766278867859,2.81298836603577,0.0,0.0,0.0,6,5,0.0,3
statsbomb,1,43,1,2022,22,2,777,6347,21.966666666666665,11,0,1,4.09711684370258,80.0,0.0,0.09090909090909091,24.582701062215477,0.0,0.0,4.09711684370258,4.09711684370258,0.0,0.0,0.0,0,0,0.0,1
statsbomb,1,43,1,2022,23,23,1833,,93.9,0,0,0,0.0,0.0,0.0,0.0,0.0,0.0,0.0,0.0,0.0,0.0,0.0,0.0,0,0,0.0,0
statsbomb,1,43,1,2022,23,23,1833,11846,91.98333333333333,202,2,19,20.547200579815183,88.60759493670885,0.0,0.0,3.9137524913933683,1.9568762456966842,0.9784381228483421,0.0,5.870628737090053,0.0,0.0,0.0,7,7,0.0,1
statsbomb,1,43,1,2022,23,23,1833,12365,92.96666666666667,92,2,4,5.808533524560774,68.96551724137932,50.0,0.08695652173913043,13.553244890641807,1.9361778415202582,0.0,0.9680889207601291,0.9680889207601291,0.051903803,0.0,0.05024749662961635,15,2,0.0,2
statsbomb,1,43,1,2022,23,23,1833,12770,64.98333333333333,88,1,7,11.079764042062067,93.10344827586206,0.0,0.0,19.389587073608617,0.0,0.0,0.0,2.7699410105155167,0.0,0.0,0.0,7,4,0.0,1
statsbomb,1,43,1,2022,23,23,1833,133229,31.983333333333334,82,4,11,42.20948410630536,93.10344827586206,100.0,0.0,14.06982803543512,5.6279312141740485,0.0,0.0,11.255862428348097,0.0,0.0,0.0,10,8,0.0,1
statsbomb,1,43,1,2022,23,23,1833,15958,92.88333333333334,49,0,15,14.53436210299659,91.66666666666666,0.0,0.02040816326530612,0.0,0.0,0.0,0.0,3.875829894132424,0.0,0.0,0.0,2,0,0.0,0
statsbomb,1,43,1,2022,23,23,1833,16120,24.95,29,1,1,7.214428857715431,71.42857142857143,50.0,0.06896551724137931,10.821643286573146,0.0,0.0,0.0,7.214428857715431,0.0,0.0,0.0,4,1,0.0,1
statsbomb,1,43,1,2022,23,23,1833,16252,57.96666666666667,160,3,8,17.07878090856814,87.71929824561403,0.0,0.0125,20.18401380103508,3.105232892466935,0.0,1.5526164462334675,6.21046578493387,0.038882375,0.0,0.06036941489361702,7,3,0.0,2
statsbomb,1,43,1,2022,23,23,1833,16459,58.983333333333334,41,4,3,10.680983328623904,54.54545454545454,50.0,0.04878048780487805,15.258547612319864,4.577564283695959,0.0,0.0,4.577564283695959,0.0,0.0,0.0,6,2,0.0,3
statsbomb,1,43,1,2022,23,23,1833,23640,31.916666666666668,39,1,3,11.279373368146214,91.66666666666666,33.33333333333333,0.05128205128205128,16.919060052219322,0.0,0.0,0.0,5.639686684073107,0.0,0.0,0.0,4,4,0.0,1
statsbomb,1,43,1,2022,23,23,1833,23828,93.98333333333333,239,1,36,35.43181415144529,92.3076923076923,100.0,0.0,6.703316190813974,0.9576165986877105,0.0,1.915233197375421,4.788082993438553,0.0,0.0,0.0,21,19,0.0,1
statsbomb,1,43,1,2022,23,23,1833,24024,93.96666666666667,111,8,13,20.1135154310039,75.0,14.285714285714285,0.08108108108108109,20.1135154310039,9.577864490954239,0.0,1.9155728981908478,0.9577864490954239,0.27914461,0.0,0.26736092479602697,16,6,0.0,6
statsbomb,1,43,1,2022,23,23,1833,29758,60.983333333333334,101,1,12,19.18556982782181,83.78378378378379,100.0,0.009900990099009901,20.66138289150041,1.4758130636786007,0.0,0.0,2.9516261273572013,0.0,0.0,0.0,13,7,0.0,1
statsbomb,1,43,1,2022,23,23,1833,31684,30.983333333333334,71,4,10,40.667025282409895,93.33333333333333,0.0,0.0,8.714362560516406,11.619150080688541,0.0,2.9047875201721354,11.619150080688541,0.086874224,0.0,0.2523511616998386,10,6,0.0,2
statsbomb,1,43,1,2022,23,23,1833,44703,93.98333333333333,157,3,16,18.1947153750665,89.23076923076924,0.0,0.012738853503184714,8.618549388189395,5.745699592126263,0.9576165986877105,0.9576165986877105,6.703316190813974,0.638813,0.0,0.6117379322574924,12,5,0.0,2
statsbomb,1,43,1,2022,23,23,1833,9036,12.85,21,0,3,21.011673151750973,66.66666666666666,100.0,0.0,7.003891050583658,0.0,0.0,0.0,0.0,0.0,0.0,0.0,4,1,0.0,0
statsbomb,1,43,1,2022,23,23,1833,9922,74.98333333333333,88,6,9,18.004000889086463,75.0,75.0,0.03409090909090909,13.202933985330073,3.600800177817293,1.2002667259390976,2.400533451878195,6.001333629695488,0.0,0.0,0.0,15,3,0.0,1
statsbomb,1,43,1,2022,23,28,788,,93.9,0,0,0,0.0,0.0,0.0,0.0,0.0,0.0,0.0,0.0,0.0,0.0,0.0,0.0,0,0,0.0,0
statsbomb,1,43,1,2022,23,28,788,102668,3.8333333333333335,5,0,0,0.0,66.66666666666666,0.0,0.0,46.95652173913043,0.0,0.0,0.0,46.95652173913043,0.0,0.0,0.0,0,0,0.0,0
statsbomb,1,43,1,2022,23,28,788,12149,90.98333333333333,112,1,14,14.83788239604323,87.8048780487805,0.0,0.0,2.9675764792086463,2.9675764792086463,0.9891921597362154,1.9783843194724309,1.9783843194724309,0.0,0.0,0.0,3,1,0.0,0
statsbomb,1,43,1,2022,23,28,788,15890,92.98333333333333,53,3,8,10.64706936727012,81.81818181818183,0.0,0.03773584905660377,9.679153970245563,1.9358307940491126,0.0,0.0,1.9358307940491126,0.0,0.0,0.0,5,2,0.0,1
statsbomb,1,43,1,2022,23,28,788,21736,25.783333333333335,12,0,3,10.471881060116353,75.0,0.0,0.0,20.943762120232705,3.4906270200387843,0.0,0.0,3.4906270200387843,0.0,0.0,0.0,3,1,0.0,2
statsbomb,1,43,1,2022,23,28,788,23774,27.85,8,0,1,3.2315978456014363,0.0,0.0,0.25,12.926391382405745,0.0,0.0,0.0,3.2315978456014363,0.0,0.0,0.0,1,0,0.0,3
statsbomb,1,43,1,2022,23,28,788,3625,64.98333333333333,69,1,4,6.924852526288792,83.33333333333334,0.0,0.057971014492753624,33.2392921261862,0.0,1.3849705052577583,1.3849705052577583,2.7699410105155167,0.06158555,0.0,0.08529417030007694,6,3,0.0,3
statsbomb,1,43,1,2022,23,28,788,3634,64.96666666666667,73,0,4,5.541303232426886,80.76923076923077,0.0,0.0,16.62390969728066,0.0,0.0,2.770651616213443,4.155977424320165,0.11918856,0.0,0.16511498819907647,10,3,0.0,2
statsbomb,1,43,1,2022,23,28,788,46258,73.98333333333333,100,6,8,17.0308628069385,87.87878787878788,100.0,0.02,20.68033340842532,6.082451002478035,0.0,1.216490200495607,6.082451002478035,0.0,0.0,0.0,11,7,0.0,4
statsbomb,1,43,1,2022,23,28,788,5219,88.95,97,2,20,22.259696458684655,76.92307692307693,0.0,0.0,6.070826306913997,3.0354131534569984,1.0118043844856661,1.0118043844856661,3.0354131534569984,0.0,0.0,0.0,8,6,0.0,0
statsbomb,1,43,1,2022,23,28,788,5234,93.96666666666667,124,4,10,13.409010287335935,91.48936170212765,0.0,0.0,21.071301880099327,4.7889322454771195,0.9577864490954239,1.9155728981908478,3.8311457963816955,0.0,0.0,0.0,6,3,0.0,4
statsbomb,1,43,1,2022,23,28,788,5237,75.98333333333333,116,5,7,14.213643342838342,65.0,50.0,0.02586206896551724,21.32046501425751,3.5534108357095855,2.3689405571397235,1.1844702785698618,4.737881114279447,0.047101409999999996,0.0,0.05579022022373327,19,6,0.0,3
statsbomb,1,43,1,2022,23,28,788,5245,84.98333333333333,144,0,22,23.298686016866053,84.48275862068965,0.0,0.0,7.413218278093744,1.0590311825848207,0.0,3.177093547754462,4.236124730339283,0.0,0.0,0.0,11,3,0.0,2
statsbomb,1,43,1,2022,23,28,788,59493,16.733333333333334,16,0,2,10.756972111553784,60.0,0.0,0.125,21.51394422310757,0.0,0.0,0.0,5.378486055776892,0.0,0.0,0.0,4,2,0.0,0
statsbomb,1,43,1,2022,23,28,788,6301,93.98333333333333,75,1,2,2.8728497960631314,66.66666666666666,50.0,0.06666666666666667,15.321865579003369,1.915233197375421,0.0,0.0,3.830466394750842,0.19852830500000002,0.0,0.1901140001773364,5,1,0.0,4
statsbomb,1,43,1,2022,23,28,788,6785,92.98333333333333,81,0,22,21.29413873454024,75.0,0.0,0.0,0.0,0.0,0.0,0.0,2.903746191073669,0.0,0.0,0.0,6,6,0.0,0
statsbomb,1,43,1,2022,23,28,788,7459,11.65,2,0,1,7.725321888412017,100.0,0.0,0.0,23.17596566523605,0.0,7.725321888412017,0.0,0.0,0.0,0.0,0.0,0,0,0.0,0
statsbomb,1,43,1,2022,24,29,785,,96.85,0,0,0,0.0,0.0,0.0,0.0,0.0,0.0,0.0,0.0,0.0,0.0,0.0,0.0,0,0,0.0,0
statsbomb,1,43,1,2022,24,29,785,11603,49.916666666666664,48,2,4,10.818030050083474,93.33333333333333,0.0,0.020833333333333332,12.621035058430719,0.0,0.0,0.0,3.606010016694491,0.0,0.0,0.0,6,4,0.0,3
statsbomb,1,43,1,2022,24,29,785,12625,95.98333333333333,164,4,18,20.62858135092898,77.04918032786885,50.0,0.012195121951219513,10.31429067546449,0.0,0.0,1.87532557735718,1.87532557735718,0.0,0.0,0.0,18,9,0.0,2
statsbomb,1,43,1,2022,24,29,785,16527,4.5,2,0,0,0.0,100.0,0.0,0.0,20.0,0.0,0.0,0.0,0.0,0.0,0.0,0.0,1,0,0.0,0
statsbomb,1,43,1,2022,24,29,785,16531,83.96666666666667,53,0,12,12.862246923382294,100.0,0.0,0.0,0.0,0.0,0.0,0.0,5.359269551409289,0.0,0.0,0.0,1,0,0.0,0
statsbomb,1,43,1,2022,24,29,785,22041,24.766666666666666,31,1,2,10.901749663526246,33.33333333333333,0.0,0.0,10.901749663526246,0.0,3.6339165545087484,0.0,7.267833109017497,0.0,0.0,0.0,7,1,0.0,0
statsbomb,1,43,1,2022,24,29,785,28914,16.966666666666665,34,0,1,5.304518664047152,81.81818181818183,0.0,0.029411764705882353,15.913555992141458,5.304518664047152,0.0,0.0,10.609037328094304,0.0,0.0,0.0,5,1,0.0,0
statsbomb,1,43,1,2022,24,29,785,29163,94.96666666666667,141,5,9,13.267813267813267,82.14285714285714,50.0,0.014184397163120567,6.6339066339066335,4.738504738504739,0.9477009477009477,0.0,3.790803790803791,0.0,0.0,0.0,14,5,0.0,0
statsbomb,1,43,1,2022,24,29,785,33018,95.98333333333333,316,3,40,40.31949991317937,89.56521739130436,0.0,0.0,0.0,3.75065115471436,0.0,1.87532557735718,2.81298836603577,0.0,0.0,0.0,14,10,0.0,0
statsbomb,1,43,1,2022,24,29,785,3441,46.9,44,1,1,3.837953091684435,70.0,0.0,0.045454545454545456,13.432835820895523,1.9189765458422174,0.0,0.0,1.9189765458422174,0.51656157,0.0,0.9912695373134328,3,2,0.0,2
statsbomb,1,43,1,2022,24,29,785,3471,94.98333333333333,251,7,20,25.58343569047201,88.17204301075269,0.0,0.0,7.580277241621337,7.580277241621337,0.9475346552026671,0.0,1.8950693104053342,0.2503287,0.0,0.23719511844183191,11,9,0.0,3
statsbomb,1,43,1,2022,24,29,785,5456,78.98333333333333,153,1,7,9.115847225152987,88.88888888888889,100.0,0.0,9.115847225152987,1.1394809031441233,0.0,1.1394809031441233,5.697404515720617,0.0,0.0,0.0,13,5,0.0,3
statsbomb,1,43,1,2022,24,29,785,5460,67.96666666666667,56,1,0,1.3241785188818047,83.33333333333334,33.33333333333333,0.05357142857142857,5.296714075527219,1.3241785188818047,0.0,0.0,1.3241785188818047,0.0,0.0,0.0,8,1,0.0,0
statsbomb,1,43,1,2022,24,29,785,5463,94.98333333333333,244,7,28,33.16371293209335,83.87096774193549,0.0,0.00819672131147541,16.10808913844534,11.370415862432004,0.0,3.7901386208106684,7.580277241621337,0.073204115,0.0,0.06936343586594139,27,13,0.0,1
statsbomb,1,43,1,2022,24,29,785,5469,94.98333333333333,245,2,14,15.160554483242674,86.51685393258427,50.0,0.00816326530612245,19.89822775925601,2.842603965608001,0.0,0.9475346552026671,3.7901386208106684,0.0,0.0,0.0,14,9,0.0,6
statsbomb,1,43,1,2022,24,29,785,5474,88.96666666666667,114,4,6,10.116148370176097,70.73170731707317,0.0,0.017543859649122806,10.116148370176097,2.0232296740352194,1.0116148370176097,2.0232296740352194,2.0232296740352194,0.00976612,0.0,0.009879551892094418,19,7,0.0,1
statsbomb,1,43,1,2022,24,28,788,,96.85,0,0,0,0.0,0.0,0.0,0.0,0.0,0.0,0.0,0.0,0.0,0.0,0.0,0.0,0,0,0.0,0
statsbomb,1,43,1,2022,24,28,788,12149,94.96666666666667,118,4,18,20.84942084942085,87.2340425531915,0.0,0.00847457627118644,2.843102843102843,2.843102843102843,0.0,0.9477009477009477,1.8954018954018954,0.0,0.0,0.0,5,2,0.0,1
statsbomb,1,43,1,2022,24,28,788,149714,29.966666666666665,13,5,1,18.020022246941046,0.0,0.0,0.15384615384615385,33.03670745272525,12.013348164627365,0.0,3.003337041156841,6.006674082313682,0.0,0.0,0.0,1,2,0.0,1
statsbomb,1,43,1,2022,24,28,788,15890,59.983333333333334,51,0,6,9.002500694637398,85.0,0.0,0.0,13.503751041956098,0.0,0.0,0.0,10.502917477076965,0.105738022,0.0,0.15865110275076408,4,2,0.0,3
statsbomb,1,43,1,2022,24,28,788,23774,93.93333333333334,55,2,3,4.790631653655074,76.92307692307693,50.0,0.05454545454545454,27.78566359119943,1.9162526614620297,0.0,0.9581263307310148,1.9162526614620297,0.0,0.0,0.0,4,2,0.0,8
statsbomb,1,43,1,2022,24,28,788,31295,34.983333333333334,44,4,8,30.87184373511196,73.68421052631578,100.0,0.0,2.572653644592663,7.71796093377799,0.0,0.0,20.581229156741305,0.0,0.0,0.0,4,1,0.0,0
statsbomb,1,43,1,2022,24,28,788,3625,63.95,72,5,5,14.073494917904611,82.35294117647058,33.33333333333333,0.06944444444444445,16.888193901485536,4.222048475371384,1.4073494917904612,1.4073494917904612,2.8146989835809224,0.084736917,0.0,0.11925445707584048,7,5,0.0,2
statsbomb,1,43,1,2022,24,28,788,3634,14.933333333333334,27,1,2,18.080357142857142,77.77777777777779,0.0,0.0,0.0,6.026785714285714,0.0,12.053571428571429,0.0,0.0,0.0,0.0,2,3,0.0,0
statsbomb,1,43,1,2022,24,28,788,46258,81.98333333333333,106,2,4,6.586704614759098,74.19354838709677,100.0,0.02830188679245283,23.053466151656842,1.0977841024598496,0.0,2.195568204919699,4.391136409839398,0.0,0.0,0.0,11,3,0.0,3
statsbomb,1,43,1,2022,24,28,788,5219,92.98333333333333,129,4,21,24.19788492561391,88.23529411764706,0.0,0.0,2.903746191073669,2.903746191073669,0.0,1.9358307940491126,2.903746191073669,0.0,0.0,0.0,10,8,0.0,1
statsbomb,1,43,1,2022,24,28,788,5234,94.98333333333333,114,5,14,18.003158448850677,87.2340425531915,0.0,0.0,13.265485172837339,2.842603965608001,0.9475346552026671,0.9475346552026671,7.580277241621337,0.0,0.0,0.0,8,6,0.0,2
statsbomb,1,43,1,2022,24,28,788,5237,92.98333333333333,117,1,11,11.614984764294675,58.82352941176471,66.66666666666666,0.03418803418803419,28.069546513712133,0.0,0.0,1.9358307940491126,1.9358307940491126,0.118618134,0.0,0.11481231826492203,20,6,0.0,2
statsbomb,1,43,1,2022,24,28,788,5245,92.98333333333333,134,1,8,8.711238573221006,84.31372549019608,66.66666666666666,0.007462686567164179,12.582900161319232,0.9679153970245563,0.9679153970245563,1.9358307940491126,5.807492382147338,0.019376563,0.0,0.018754873669116327,21,3,0.0,1
statsbomb,1,43,1,2022,24,28,788,59493,13.716666666666667,10,0,0,0.0,0.0,0.0,0.0,6.561360874848116,0.0,0.0,0.0,0.0,0.0,0.0,0.0,1,0,0.0,0
statsbomb,1,43,1,2022,24,28,788,6301,80.95,42,0,5,5.558987029030265,60.0,0.0,0.0,24.459542927733168,0.0,0.0,0.0,3.3353922174181596,0.03416934,0.0,0.037989383570105,4,3,0.0,3
statsbomb,1,43,1,2022,24,28,788,6785,89.96666666666667,54,0,16,16.00592812152649,77.77777777777779,0.0,0.0,0.0,0.0,0.0,0.0,6.002223045572434,0.0,0.0,0.0,1,1,0.0,0
statsbomb,1,43,1,2022,25,26,1839,,99.98333333333333,0,0,0,0.0,0.0,0.0,0.0,0.0,0.0,0.0,0.0,0.0,0.0,0.0,0.0,0,0,0.0,0
statsbomb,1,43,1,2022,25,26,1839,12352,92.98333333333333,62,0,19,18.39039254346657,90.9090909090909,0.0,0.0,0.0,0.9679153970245563,0.0,0.0,7.7433231761964505,0.0,0.0,0.0,4,4,0.0,0
statsbomb,1,43,1,2022,25,26,1839,12524,15.966666666666667,3,0,3,16.910229645093946,66.66666666666666,0.0,0.0,11.273486430062631,0.0,0.0,0.0,0.0,0.0,0.0,0.0,0,0,0.0,0
statsbomb,1,43,1,2022,25,26,1839,12751,98.98333333333333,172,2,20,20.003367570298032,91.30434782608695,100.0,0.0,16.36639164842566,5.455463882808553,0.0,0.0,7.273951843744738,0.0,0.0,0.0,22,12,0.0,2
statsbomb,1,43,1,2022,25,26,1839,13035,31.966666666666665,10,0,1,2.815432742440042,75.0,0.0,0.0,16.892596454640252,0.0,0.0,0.0,0.0,0.0,0.0,0.0,0,0,0.0,0
statsbomb,1,43,1,2022,25,26,1839,15971,97.98333333333333,139,5,18,21.126041843850995,90.9090909090909,100.0,0.0,6.429664908998129,5.511141350569825,0.0,0.0,1.8370471168566083,0.0,0.0,0.0,8,6,0.0,0
statsbomb,1,43,1,2022,25,26,1839,18242,95.98333333333333,154,17,24,38.44417433582219,93.10344827586206,0.0,0.0,1.87532557735718,15.00260461885744,0.0,2.81298836603577,4.68831394339295,0.0,0.0,0.0,10,8,0.0,0
statsbomb,1,43,1,2022,25,26,1839,21881,80.98333333333333,159,6,12,20.004116073266104,78.18181818181819,66.66666666666666,0.025157232704402517,7.779378472936819,6.668038691088702,0.0,1.111339781848117,6.668038691088702,0.098822184,0.0,0.10982502440831447,28,8,0.0,1
statsbomb,1,43,1,2022,25,26,1839,22008,21.983333333333334,25,1,1,8.188021228203183,25.0,0.0,0.12,28.658074298711142,4.094010614101592,0.0,0.0,4.094010614101592,0.057746947,0.0,0.23641661394996208,2,1,0.0,1
statsbomb,1,43,1,2022,25,26,1839,22168,72.96666666666667,82,3,1,4.933759707629054,90.47619047619048,100.0,0.036585365853658534,11.100959342165371,4.933759707629054,0.0,1.2334399269072636,3.7003197807217907,0.10870075200000001,0.0,0.1340758476016446,14,1,0.0,1
statsbomb,1,43,1,2022,25,26,1839,24243,54.983333333333334,52,2,4,9.821157926644439,58.333333333333336,50.0,0.11538461538461539,24.552894816611094,0.0,0.0,1.6368596544407397,4.910578963322219,0.0,0.0,0.0,12,3,0.0,3
statsbomb,1,43,1,2022,25,26,1839,3377,80.98333333333333,107,3,1,4.445359127392468,84.375,100.0,0.037383177570093455,4.445359127392468,3.334019345544351,0.0,0.0,5.556698909240585,0.16742896000000002,0.0,0.18607046388145712,18,2,0.0,1
statsbomb,1,43,1,2022,25,26,1839,38792,97.98333333333333,162,7,11,16.533424051709474,90.38461538461539,40.0,0.030864197530864196,22.0445654022793,6.429664908998129,0.9185235584283041,0.0,8.266712025854737,0.126196552,0.0,0.1159145060044225,23,9,0.0,3
statsbomb,1,43,1,2022,25,26,1839,4614,94.98333333333333,150,6,19,23.68836638006668,62.06896551724138,50.0,0.04,12.317950517634673,3.7901386208106684,0.0,1.8950693104053342,2.842603965608001,0.0,0.0,0.0,28,9,0.0,1
statsbomb,1,43,1,2022,25,26,1839,6806,18.933333333333334,13,0,5,23.767605633802816,28.57142857142857,0.0,0.0,28.521126760563376,0.0,0.0,0.0,0.0,0.0,0.0,0.0,4,2,0.0,1
statsbomb,1,43,1,2022,25,26,1839,8246,50.983333333333334,60,6,4,17.652827721477607,75.0,50.0,0.03333333333333333,14.122262177182085,7.0611310885910425,0.0,0.0,8.826413860738803,0.610759206,0.0,1.078162704282445,13,5,0.0,3
statsbomb,1,43,1,2022,25,26,1839,8526,64.98333333333333,111,10,20,41.54911515773275,84.21052631578947,0.0,0.018018018018018018,16.6196460630931,11.079764042062067,0.0,0.0,2.7699410105155167,0.0,0.0,0.0,21,14,0.0,1
statsbomb,1,43,1,2022,25,25,797,,99.88333333333334,0,0,0,0.0,0.0,0.0,0.0,0.0,0.0,0.0,0.0,0.0,0.0,0.0,0.0,0,0,0.0,0
statsbomb,1,43,1,2022,25,25,797,124161,23.983333333333334,48,2,4,22.515635858234884,94.11764705882352,0.0,0.0,11.257817929117442,15.010423905489922,0.0,0.0,11.257817929117442,0.0,0.0,0.0,3,2,0.0,0
statsbomb,1,43,1,2022,25,25,797,124167,69.98333333333333,48,5,4,11.574184329602286,88.23529411764706,50.0,0.041666666666666664,11.574184329602286,3.858061443200762,0.0,0.0,2.5720409621338414,0.0,0.0,0.0,7,7,0.0,0
statsbomb,1,43,1,2022,25,25,797,124175,83.0,0,0,0,0.0,0.0,0.0,0.0,0.0,0.0,0.0,0.0,0.0,0.0,0.0,0.0,0,0,0.0,0
statsbomb,1,43,1,2022,25,25,797,125818,54.983333333333334,85,1,6,11.458017581085178,90.9090909090909,0.0,0.023529411764705882,18.005456198848137,1.6368596544407397,0.0,1.6368596544407397,0.0,0.0,0.0,0.0,10,2,0.0,2
statsbomb,1,43,1,2022,25,25,797,23874,75.98333333333333,69,3,10,15.398113621408203,70.83333333333334,100.0,0.028985507246376812,18.951524457117788,1.1844702785698618,1.1844702785698618,3.5534108357095855,8.291291949989033,0.0,0.0,0.0,10,3,0.0,0
statsbomb,1,43,1,2022,25,25,797,326758,26.983333333333334,75,4,7,36.68931439159975,72.41379310344827,50.0,0.013333333333333334,0.0,10.006176652254478,0.0,0.0,20.012353304508956,0.0,0.0,0.0,9,3,0.0,0
statsbomb,1,43,1,2022,25,25,797,5220,97.98333333333333,184,2,27,26.63718319442082,83.33333333333334,0.0,0.0,7.348188467426433,1.8370471168566083,0.9185235584283041,0.9185235584283041,2.7555706752849125,0.21722858,0.0,0.19952956829392754,12,2,0.0,1
statsbomb,1,43,1,2022,25,25,797,5224,47.983333333333334,38,1,4,9.3782563390066,46.15384615384615,0.0,0.0,5.62695380340396,1.87565126780132,0.0,0.0,1.87565126780132,0.0,0.0,0.0,5,2,0.0,0
statsbomb,1,43,1,2022,25,25,797,5226,97.98333333333333,119,7,5,11.02228270113965,77.14285714285715,50.0,0.03361344537815126,16.533424051709474,6.429664908998129,0.0,0.0,6.429664908998129,0.30539662,0.0,0.2805139901343766,10,6,0.0,1
statsbomb,1,43,1,2022,25,25,797,5227,91.98333333333333,54,1,19,19.56876245696684,75.0,0.0,0.0,0.0,0.9784381228483421,0.0,0.0,0.9784381228483421,0.0,0.0,0.0,5,5,0.0,0
statsbomb,1,43,1,2022,25,25,797,5228,99.96666666666667,139,3,20,20.706902300766924,89.47368421052632,0.0,0.007194244604316547,12.604201400466822,2.7009003001000336,0.0,2.7009003001000336,6.302100700233411,0.0,0.0,0.0,8,8,0.0,3
statsbomb,1,43,1,2022,25,25,797,5230,71.98333333333333,94,3,15,22.505209539245197,72.97297297297297,0.0,0.02127659574468085,16.25376244501042,2.5005788376939106,0.0,1.2502894188469553,0.0,0.0,0.0,0.0,14,7,0.0,1
statsbomb,1,43,1,2022,25,25,797,5231,16.65,7,0,0,0.0,100.0,0.0,0.2857142857142857,10.810810810810812,0.0,0.0,0.0,5.405405405405406,0.0,0.0,0.0,1,0,0.0,1
statsbomb,1,43,1,2022,25,25,797,5235,99.98333333333333,141,4,22,23.40390065010835,68.96551724137932,100.0,0.02127659574468085,12.602100350058342,2.700450075012502,1.8003000500083346,0.9001500250041673,1.8003000500083346,0.0,0.0,0.0,23,11,0.0,2
statsbomb,1,43,1,2022,25,25,797,5240,49.96666666666667,59,0,4,7.204803202134756,71.42857142857143,0.0,0.05084745762711865,16.210807204803203,1.801200800533689,0.0,0.0,0.0,0.39133456,0.0,0.704872122748499,12,1,0.0,1
statsbomb,1,43,1,2022,25,25,797,5720,46.983333333333334,39,2,3,9.577864490954239,86.66666666666667,100.0,0.02564102564102564,34.48031216743526,3.8311457963816955,0.0,0.0,0.0,0.0,0.0,0.0,3,3,0.0,2
statsbomb,1,43,1,2022,25,25,797,5722,96.98333333333333,142,3,24,25.055851520879877,77.19298245614034,0.0,0.014084507042253521,11.135934009279946,2.7839835023199866,0.9279945007733288,0.9279945007733288,4.639972503866644,0.006830182,0.0,0.006338371335280976,22,15,0.0,3
statsbomb,1,43,1,2022,26,19,771,,97.23333333333333,0,0,0,0.0,0.0,0.0,0.0,0.0,0.0,0.0,0.0,0.0,0.0,0.0,0.0,0,0,0.0,0
statsbomb,1,43,1,2022,26,19,771,10481,76.98333333333333,213,5,17,25.71985278198744,94.87179487179486,0.0,0.004694835680751174,5.845421086815328,10.52175795626759,0.0,0.0,5.845421086815328,0.035826564,0.0,0.041884270534747775,16,12,0.0,0
statsbomb,1,43,1,2022,26,19,771,11135,94.98333333333333,269,7,31,36.00631689770135,89.69072164948454,0.0,0.0037174721189591076,0.9475346552026671,9.475346552026672,0.9475346552026671,2.842603965608001,3.7901386208106684,0.17601235,0.0,0.1667778013686612,17,15,0.0,0
statsbomb,1,43,1,2022,26,19,771,11990,16.916666666666668,46,1,3,21.2807881773399,100.0,0.0,0.0,15.960591133004925,5.320197044334975,0.0,0.0,0.0,0.0,0.0,0.0,5,3,0.0,2
statsbomb,1,43,1,2022,26,19,771,2972,7.033333333333333,1,0,0,0.0,0.0,0.0,0.0,12.796208530805687,0.0,0.0,0.0,0.0,0.0,0.0,0.0,0,0,0.0,0
statsbomb,1,43,1,2022,26,19,771,3009,96.98333333333333,196,9,5,12.991923010826604,73.68421052631578,44.44444444444444,0.05102040816326531,4.639972503866644,7.42395600618663,0.0,0.0,5.567967004639973,1.024786081,0.0,0.9509958476370511,37,4,0.0,0
statsbomb,1,43,1,2022,26,19,771,3026,96.98333333333333,178,5,12,15.77590651314659,92.42424242424242,0.0,0.0056179775280898875,8.351950506959959,3.711978003093315,0.0,0.0,2.7839835023199866,0.16905431,0.0,0.15688147001202957,19,9,0.0,1
statsbomb,1,43,1,2022,26,19,771,3099,95.95,45,0,15,14.06982803543512,80.0,0.0,0.0,0.0,0.0,0.0,0.0,1.8759770713913495,0.0,0.0,0.0,0,0,0.0,0
statsbomb,1,43,1,2022,26,19,771,3604,88.98333333333333,40,0,2,2.022850721108822,90.9090909090909,0.0,0.025,14.159955047761754,0.0,0.0,0.0,1.011425360554411,1.3466877300000002,0.0,1.3620741228694515,5,1,0.0,2
statsbomb,1,43,1,2022,26,19,771,4445,6.916666666666667,19,0,1,13.012048192771084,87.5,0.0,0.0,0.0,13.012048192771084,0.0,0.0,13.012048192771084,0.0,0.0,0.0,5,0,0.0,0
statsbomb,1,43,1,2022,26,19,771,5476,88.98333333333333,224,0,20,20.22850721108822,92.04545454545455,100.0,0.0,1.011425360554411,1.011425360554411,0.0,1.011425360554411,3.034276081663233,0.0,0.0,0.0,19,9,0.0,0
statsbomb,1,43,1,2022,26,19,771,5477,76.95,105,4,2,7.017543859649122,78.125,66.66666666666666,0.009523809523809525,10.526315789473683,9.35672514619883,0.0,0.0,5.847953216374268,0.099969384,0.0,0.11692325614035086,24,4,0.0,0
statsbomb,1,43,1,2022,26,19,771,5484,12.95,22,0,4,27.7992277992278,60.0,0.0,0.0,6.94980694980695,0.0,0.0,0.0,6.94980694980695,0.0,0.0,0.0,4,2,0.0,0
statsbomb,1,43,1,2022,26,19,771,5487,97.98333333333333,192,0,16,14.696376934852866,88.1578947368421,0.0,0.020833333333333332,14.696376934852866,0.9185235584283041,0.0,0.9185235584283041,3.6740942337132165,0.259378965,0.0,0.23824568991325057,37,8,0.0,2
statsbomb,1,43,1,2022,26,19,771,6704,82.98333333333333,178,10,8,19.52199236794537,90.9090909090909,100.0,0.0056179775280898875,8.676441052420165,9.760996183972685,3.2536653946575615,1.0845551315525206,4.338220526210082,0.058780403999999994,0.0,0.0637505887929303,27,5,0.0,0
statsbomb,1,43,1,2022,26,19,771,8217,17.966666666666665,46,2,1,15.027829313543602,92.3076923076923,50.0,0.06521739130434782,10.018552875695734,20.03710575139147,0.0,10.018552875695734,5.009276437847867,0.0,0.0,0.0,8,2,0.0,1
statsbomb,1,43,1,2022,26,19,771,8519,94.98333333333333,325,9,37,43.586594139322685,94.91525423728814,0.0,0.003076923076923077,7.580277241621337,5.685207931216002,0.9475346552026671,2.842603965608001,3.7901386208106684,0.0,0.0,0.0,24,20,0.0,0
statsbomb,1,43,1,2022,26,7,792,,97.73333333333333,0,0,0,0.0,0.0,0.0,0.0,0.0,0.0,0.0,0.0,0.0,0.0,0.0,0.0,0,0,0.0,0
statsbomb,1,43,1,2022,26,7,792,15957,12.883333333333333,25,0,5,34.92884864165589,100.0,0.0,0.0,6.985769728331178,0.0,0.0,0.0,0.0,0.0,0.0,0.0,0,0,0.0,0
statsbomb,1,43,1,2022,26,7,792,22293,96.91666666666667,139,3,20,21.358555460017197,82.6923076923077,0.0,0.0,1.8572656921754083,2.7858985382631123,0.0,0.9286328460877041,5.571797076526225,0.0,0.0,0.0,5,5,0.0,0
statsbomb,1,43,1,2022,26,7,792,227697,17.833333333333332,16,2,2,20.186915887850468,66.66666666666666,50.0,0.0625,10.093457943925234,5.046728971962617,0.0,5.046728971962617,0.0,0.0,0.0,0.0,2,1,0.0,0
statsbomb,1,43,1,2022,26,7,792,24475,21.766666666666666,36,2,3,20.673813169984683,69.23076923076923,0.0,0.0,16.539050535987748,4.134762633996937,0.0,0.0,0.0,0.0,0.0,0.0,3,3,0.0,1
statsbomb,1,43,1,2022,26,7,792,3240,94.98333333333333,66,0,23,21.793297069661342,78.78787878787878,0.0,0.0,0.0,1.8950693104053342,0.0,0.0,4.737673276013336,0.0,0.0,0.0,0,0,0.0,0
statsbomb,1,43,1,2022,26,7,792,3281,95.98333333333333,183,5,18,21.56624413960757,86.56716417910447,66.66666666666666,0.01639344262295082,9.3766278867859,7.50130230942872,0.0,0.93766278867859,8.43896509810731,0.0,0.0,0.0,11,7,0.0,2
statsbomb,1,43,1,2022,26,7,792,33477,71.98333333333333,62,2,4,7.501736513081732,85.71428571428571,0.0,0.016129032258064516,10.002315350775643,1.2502894188469553,0.0,0.0,6.251447094234777,0.030384658,0.0,0.03798961639268349,10,3,0.0,1
statsbomb,1,43,1,2022,26,7,792,33488,11.95,20,0,2,15.062761506276152,87.5,0.0,0.0,7.531380753138076,7.531380753138076,0.0,0.0,15.062761506276152,0.0,0.0,0.0,2,1,0.0,0
statsbomb,1,43,1,2022,26,7,792,33492,55.983333333333334,27,0,0,0.0,77.77777777777779,0.0,0.18518518518518517,20.89907710628163,0.0,0.0,1.6076213158678179,3.2152426317356357,0.017896876,0.0,0.028771399345043167,2,0,0.0,1
statsbomb,1,43,1,2022,26,7,792,33495,95.98333333333333,165,1,15,15.00260461885744,96.72131147540983,0.0,0.0,3.75065115471436,0.0,0.0,1.87532557735718,0.93766278867859,0.0,0.0,0.0,2,1,0.0,0
statsbomb,1,43,1,2022,26,7,792,33572,84.98333333333333,80,2,12,14.826436556187488,81.08108108108108,0.0,0.0125,9.531280643263386,2.1180623651696413,4.236124730339283,1.0590311825848207,4.236124730339283,0.0,0.0,0.0,9,4,0.0,0
statsbomb,1,43,1,2022,26,7,792,5479,97.96666666666667,167,1,12,11.942837699897925,83.33333333333334,0.0,0.005988023952095809,5.512078938414427,2.7560394692072134,0.9186798230690711,0.9186798230690711,2.7560394692072134,0.0,0.0,0.0,12,4,0.0,0
statsbomb,1,43,1,2022,26,7,792,5481,96.98333333333333,98,2,9,10.207939508506616,79.3103448275862,66.66666666666666,0.030612244897959183,11.135934009279946,1.8559890015466576,0.9279945007733288,0.9279945007733288,1.8559890015466576,0.0,0.0,0.0,12,5,0.0,3
statsbomb,1,43,1,2022,26,7,792,5490,84.98333333333333,99,2,10,12.708374191017848,80.0,0.0,0.010101010101010102,15.88546773877231,1.0590311825848207,0.0,2.1180623651696413,4.236124730339283,0.083539926,0.0,0.08847138662482841,9,4,0.0,2
statsbomb,1,43,1,2022,26,7,792,8346,70.95,68,1,4,6.342494714587738,72.0,0.0,0.014705882352941176,10.14799154334038,1.2684989429175475,1.2684989429175475,0.0,2.536997885835095,0.19147108,0.0,0.24288086257928115,12,3,0.0,1
statsbomb,1,43,1,2022,26,7,792,9430,40.9,19,1,1,4.400977995110025,66.66666666666666,0.0,0.0,22.004889975550125,2.2004889975550124,0.0,0.0,2.2004889975550124,0.0,0.0,0.0,3,2,0.0,0
statsbomb,1,43,1,2022,27,9,2722,,100.98333333333333,0,0,0,0.0,0.0,0.0,0.0,0.0,0.0,0.0,0.0,0.0,0.0,0.0,0.0,0,0,0.0,0
statsbomb,1,43,1,2022,27,9,2722,10530,22.966666666666665,37,3,3,23.51233671988389,91.66666666666666,100.0,0.0,23.51233671988389,23.51233671988389,0.0,0.0,7.83744557329463,0.03332142,0.0,0.13057740783744556,5,2,0.0,0
statsbomb,1,43,1,2022,27,9,2722,11174,92.93333333333334,66,0,8,7.747489239598278,46.666666666666664,0.0,0.045454545454545456,7.747489239598278,0.0,0.0,0.0,2.9053084648493543,0.168344176,0.0,0.16303058651362984,9,4,0.0,1
statsbomb,1,43,1,2022,27,9,2722,12623,67.96666666666667,63,2,7,11.917606669936243,88.0,0.0,0.015873015873015872,15.890142226581656,2.6483570377636094,0.0,2.6483570377636094,6.620892594409024,0.006493906,0.0,0.008599090828837665,8,6,0.0,3
statsbomb,1,43,1,2022,27,9,2722,13454,97.98333333333333,44,1,12,11.940806259567953,72.72727272727273,0.0,0.0,13.777853376424561,0.9185235584283041,2.7555706752849125,0.9185235584283041,0.9185235584283041,0.0,0.0,0.0,11,6,0.0,1
statsbomb,1,43,1,2022,27,9,2722,15326,98.98333333333333,72,1,27,25.458831453106583,73.80952380952381,0.0,0.0,0.0,0.9092439804680923,0.0,0.0,5.455463882808553,0.0,0.0,0.0,5,5,0.0,0
statsbomb,1,43,1,2022,27,9,2722,16015,82.98333333333333,82,3,4,7.591885920867644,90.47619047619048,100.0,0.012195121951219513,22.775657762602933,2.169110263105041,0.0,1.0845551315525206,5.422775657762603,0.0,0.0,0.0,12,3,0.0,3
statsbomb,1,43,1,2022,27,9,2722,16346,88.96666666666667,52,0,10,10.116148370176097,76.0,0.0,0.019230769230769232,11.127763207193706,0.0,2.0232296740352194,2.0232296740352194,4.046459348070439,0.0,0.0,0.0,10,5,0.0,0
statsbomb,1,43,1,2022,27,9,2722,3141,95.98333333333333,136,3,20,21.56624413960757,81.63265306122449,100.0,0.022058823529411766,13.127279041500259,3.75065115471436,0.0,1.87532557735718,4.68831394339295,0.0,0.0,0.0,16,8,0.0,4
statsbomb,1,43,1,2022,27,9,2722,33813,13.633333333333333,11,2,1,19.80440097799511,50.0,0.0,0.18181818181818182,13.202933985330073,13.202933985330073,0.0,0.0,0.0,0.0,0.0,0.0,2,1,0.0,0
statsbomb,1,43,1,2022,27,9,2722,3499,99.98333333333333,83,2,7,8.101350225037505,56.52173913043478,0.0,0.03614457831325301,10.801800300050008,3.600600100016669,0.0,0.0,0.9001500250041673,0.0,0.0,0.0,11,2,0.0,3
statsbomb,1,43,1,2022,27,9,2722,3551,33.88333333333333,33,4,2,15.937038858829316,80.0,50.0,0.030303030303030304,18.593212001967537,7.968519429414658,0.0,2.6561731431382194,5.312346286276439,0.0,0.0,0.0,7,4,0.0,2
statsbomb,1,43,1,2022,27,9,2722,4935,62.93333333333333,47,0,6,8.580508474576272,53.333333333333336,0.0,0.02127659574468085,5.720338983050848,0.0,0.0,1.430084745762712,7.15042372881356,0.11827337,0.0,0.16914094226694917,8,3,0.0,0
statsbomb,1,43,1,2022,27,9,2722,74588,95.98333333333333,87,3,9,11.25195346414308,81.81818181818183,0.0,0.011494252873563218,11.25195346414308,4.68831394339295,0.0,0.93766278867859,0.0,0.05692788,0.0,0.05337915471436013,6,3,0.0,2
statsbomb,1,43,1,2022,27,9,2722,7551,92.98333333333333,94,2,12,13.550815558343789,87.17948717948718,0.0,0.0,15.486646352392901,4.839576985122782,0.0,0.0,0.9679153970245563,0.0,0.0,0.0,6,4,0.0,3
statsbomb,1,43,1,2022,27,8,781,,100.98333333333333,0,0,0,0.0,0.0,0.0,0.0,0.0,0.0,0.0,0.0,0.0,0.0,0.0,0.0,0,0,0.0,0
statsbomb,1,43,1,2022,27,8,781,10595,16.933333333333334,29,3,0,15.944881889763781,77.77777777777779,100.0,0.06896551724137931,21.25984251968504,15.944881889763781,0.0,0.0,5.31496062992126,0.0,0.0,0.0,9,1,0.0,0
statsbomb,1,43,1,2022,27,8,781,11183,54.983333333333334,81,1,15,26.189754471051835,75.75757575757575,0.0,0.0,4.910578963322219,0.0,0.0,1.6368596544407397,3.2737193088814793,0.0,0.0,0.0,8,3,0.0,1
statsbomb,1,43,1,2022,27,8,781,11493,96.98333333333333,176,3,13,14.84791201237326,95.45454545454545,0.0,0.005681818181818182,8.351950506959959,3.711978003093315,0.0,0.0,5.567967004639973,0.0,0.0,0.0,3,2,0.0,6
statsbomb,1,43,1,2022,27,8,781,13620,98.98333333333333,198,8,24,29.095807374978953,93.33333333333333,0.0,0.0,7.273951843744738,6.364707863276646,0.9092439804680923,0.0,2.7277319414042767,0.075584605,0.0,0.06872484711230847,8,6,0.0,1
statsbomb,1,43,1,2022,27,8,781,25104,54.96666666666667,102,6,6,19.648271679805944,79.3103448275862,100.0,0.0196078431372549,18.01091570648878,11.461491813220134,0.0,0.0,3.2747119466343237,0.13167680999999998,0.0,0.21560181140084897,13,7,0.0,1
statsbomb,1,43,1,2022,27,8,781,25142,42.983333333333334,92,5,11,33.501357115160914,87.09677419354838,0.0,0.010869565217391304,10.469174098487786,10.469174098487786,0.0,0.0,10.469174098487786,0.626623406,0.0,1.3120459063202792,17,6,0.0,0
statsbomb,1,43,1,2022,27,8,781,25154,43.95,55,6,2,16.38225255972696,88.23529411764706,0.0,0.03636363636363636,10.238907849829351,12.28668941979522,0.0,0.0,2.04778156996587,0.0,0.0,0.0,12,5,0.0,1
statsbomb,1,43,1,2022,27,8,781,25305,32.983333333333334,36,0,0,0.0,62.5,0.0,0.0,10.914603335017686,0.0,0.0,0.0,0.0,0.26126468,0.0,0.7129000869125822,4,0,0.0,0
statsbomb,1,43,1,2022,27,8,781,25363,77.98333333333333,153,6,6,13.8491130583458,72.0,66.66666666666666,0.026143790849673203,13.8491130583458,5.77046377431075,0.0,0.0,4.6163710194486,0.11016431900000001,0.0,0.1271398424022227,23,4,0.0,4
statsbomb,1,43,1,2022,27,8,781,29976,99.98333333333333,123,9,5,12.602100350058342,74.19354838709677,75.0,0.032520325203252036,10.801800300050008,9.90165027504584,0.0,0.0,4.500750125020836,0.40582978700000005,0.0,0.3653076929154859,23,6,0.0,3
statsbomb,1,43,1,2022,27,8,781,3067,90.96666666666667,63,1,19,19.78746793697325,93.33333333333333,0.0,0.0,0.0,0.9893733968486625,0.0,0.0,9.893733968486625,0.0,0.0,0.0,2,1,0.0,0
statsbomb,1,43,1,2022,27,8,781,3202,63.9,54,0,1,1.4084507042253522,92.3076923076923,0.0,0.0,14.084507042253522,0.0,0.0,1.4084507042253522,7.042253521126761,0.323986363,0.0,0.4563188211267606,8,1,0.0,2
statsbomb,1,43,1,2022,27,8,781,3247,99.96666666666667,136,4,17,18.906302100700234,91.07142857142857,0.0,0.007352941176470588,13.504501500500167,2.7009003001000336,2.7009003001000336,1.800600200066689,1.800600200066689,0.0,0.0,0.0,14,7,0.0,6
statsbomb,1,43,1,2022,27,8,781,4324,99.98333333333333,197,1,16,15.302550425070844,88.75,100.0,0.0,14.402400400066677,0.9001500250041673,0.0,0.0,5.400900150025004,0.06485747,0.0,0.05838145324220703,28,5,0.0,7
statsbomb,1,43,1,2022,27,8,781,4372,45.983333333333334,79,2,13,29.358463211308443,100.0,0.0,0.012658227848101266,3.9144617615077926,3.9144617615077926,0.0,0.0,5.871692642261689,0.0,0.0,0.0,15,6,0.0,0
statsbomb,1,43,1,2022,27,8,781,9904,54.983333333333334,101,0,10,16.368596544407396,87.87878787878788,0.0,0.019801980198019802,26.189754471051835,1.6368596544407397,0.0,0.0,3.2737193088814793,0.37823142400000004,0.0,0.6191117579872689,11,4,0.0,5
statsbomb,1,43,1,2022,28,23,1833,,96.76666666666667,0,0,0,0.0,0.0,0.0,0.0,0.0,0.0,0.0,0.0,0.0,0.0,0.0,0.0,0,0,0.0,0
statsbomb,1,43,1,2022,28,23,1833,11187,45.983333333333334,71,0,8,15.65784704603117,100.0,0.0,0.0,11.743385284523377,0.0,0.0,1.9572308807538963,1.9572308807538963,0.0,0.0,0.0,6,2,0.0,0
statsbomb,1,43,1,2022,28,23,1833,11846,95.98333333333333,132,0,19,17.81559298489321,87.03703703703704,0.0,0.0,11.25195346414308,0.93766278867859,0.0,1.87532557735718,2.81298836603577,0.0,0.0,0.0,9,7,0.0,4
statsbomb,1,43,1,2022,28,23,1833,12365,92.98333333333333,159,9,9,17.422477146442013,72.72727272727273,64.28571428571429,0.03773584905660377,17.422477146442013,6.7754077791718945,0.9679153970245563,0.0,9.679153970245563,0.093285095,0.0,0.09029207976339845,32,9,0.0,5
statsbomb,1,43,1,2022,28,23,1833,12770,49.983333333333334,72,2,3,9.003001000333445,86.36363636363636,50.0,0.013888888888888888,25.208402800933644,3.601200400133378,0.0,0.0,3.601200400133378,0.03829635,0.0,0.06895641547182395,6,2,0.0,4
statsbomb,1,43,1,2022,28,23,1833,133229,50.96666666666667,115,3,12,26.48790058862001,95.1219512195122,0.0,0.008695652173913044,12.36102027468934,12.36102027468934,0.0,0.0,3.5317200784826683,0.0,0.0,0.0,14,8,0.0,1
statsbomb,1,43,1,2022,28,23,1833,15958,93.96666666666667,79,0,25,23.9446612273856,69.23076923076923,0.0,0.0,0.0,0.9577864490954239,0.0,0.0,7.662291592763391,0.0,0.0,0.0,3,2,0.0,0
statsbomb,1,43,1,2022,28,23,1833,16120,59.95,65,3,4,10.508757297748122,76.19047619047619,50.0,0.046153846153846156,12.01000834028357,4.5037531276063385,0.0,0.0,7.506255212677231,0.0,0.0,0.0,5,1,0.0,0
statsbomb,1,43,1,2022,28,23,1833,16459,45.93333333333333,35,0,1,1.9593613933236576,66.66666666666666,0.0,0.11428571428571428,13.715529753265603,0.0,0.0,0.0,1.9593613933236576,0.0,0.0,0.0,5,0,0.0,2
statsbomb,1,43,1,2022,28,23,1833,23640,72.95,76,0,9,11.103495544893761,65.21739130434783,0.0,0.039473684210526314,16.038382453735434,1.233721727210418,0.0,0.0,2.467443454420836,0.052886155,0.0,0.06524679849211788,7,5,0.0,1
statsbomb,1,43,1,2022,28,23,1833,23828,95.98333333333333,185,1,26,25.31689529432193,95.45454545454545,100.0,0.0,3.75065115471436,0.93766278867859,0.0,1.87532557735718,4.68831394339295,0.0,0.0,0.0,12,7,0.0,0
statsbomb,1,43,1,2022,28,23,1833,24024,93.98333333333333,141,11,10,20.109948572441922,62.857142857142854,54.54545454545454,0.04964539007092199,12.449015782940236,11.491399184252526,1.915233197375421,0.9576165986877105,9.576165986877106,0.023891453,0.0,0.0228788519595673,19,7,0.0,0
statsbomb,1,43,1,2022,28,23,1833,26348,22.95,16,0,1,3.9215686274509807,100.0,0.0,0.0625,19.607843137254903,0.0,0.0,0.0,0.0,0.0,0.0,0.0,2,1,0.0,2
statsbomb,1,43,1,2022,28,23,1833,29758,23.983333333333334,32,0,1,3.7526059763724806,84.61538461538461,0.0,0.0,7.505211952744961,3.7526059763724806,0.0,0.0,3.7526059763724806,0.0,0.0,0.0,4,0,0.0,0
statsbomb,1,43,1,2022,28,23,1833,31684,70.98333333333333,144,4,11,19.01854895515379,94.11764705882352,100.0,0.0,7.6074195820615165,2.535806527353839,0.0,3.8037097910307582,0.0,0.0,0.0,0.0,12,7,0.0,3
statsbomb,1,43,1,2022,28,23,1833,44703,93.98333333333333,148,0,24,22.98279836850505,81.25,0.0,0.006756756756756757,12.449015782940236,0.9576165986877105,0.0,0.9576165986877105,2.8728497960631314,0.0,0.0,0.0,31,13,0.0,5
statsbomb,1,43,1,2022,28,23,1833,9922,33.8,64,2,8,26.627218934911244,82.35294117647058,100.0,0.0,13.313609467455622,7.988165680473374,0.0,0.0,10.650887573964498,0.07843612800000001,0.0,0.20885359526627223,13,3,0.0,1
statsbomb,1,43,1,2022,28,29,785,,96.76666666666667,0,0,0,0.0,0.0,0.0,0.0,0.0,0.0,0.0,0.0,0.0,0.0,0.0,0.0,0,0,0.0,0
statsbomb,1,43,1,2022,28,29,785,11603,9.9,10,0,2,18.18181818181818,100.0,100.0,0.0,27.27272727272727,0.0,9.09090909090909,0.0,0.0,0.0,0.0,0.0,0,0,0.0,0
statsbomb,1,43,1,2022,28,29,785,12625,95.96666666666667,130,4,19,21.56998957971518,80.7017543859649,0.0,0.0,9.3782563390066,3.75130253560264,0.93782563390066,0.93782563390066,0.93782563390066,0.0,0.0,0.0,23,5,0.0,0
statsbomb,1,43,1,2022,28,29,785,16527,7.833333333333333,12,2,1,34.46808510638298,100.0,0.0,0.0,11.48936170212766,22.97872340425532,0.0,0.0,22.97872340425532,0.045590583,0.0,0.5238066982978723,2,2,0.0,1
statsbomb,1,43,1,2022,28,29,785,16531,94.98333333333333,48,1,14,14.213019828040007,70.0,0.0,0.0,0.0,0.0,0.0,0.0,1.8950693104053342,0.0,0.0,0.0,4,2,0.0,0
statsbomb,1,43,1,2022,28,29,785,22041,59.983333333333334,65,0,5,7.502083912197833,66.66666666666666,0.0,0.07692307692307693,30.00833564879133,0.0,0.0,0.0,1.5004167824395664,0.8188037400000001,0.0,1.2285468730202835,5,1,0.0,0
statsbomb,1,43,1,2022,28,29,785,28914,9.983333333333333,14,0,1,9.015025041736228,75.0,0.0,0.0,45.07512520868114,0.0,0.0,0.0,9.015025041736228,0.68703645,0.0,6.1936508013355605,0,0,0.0,1
statsbomb,1,43,1,2022,28,29,785,29163,91.96666666666667,120,2,19,20.550924247915912,72.54901960784314,0.0,0.0,7.828923523015585,0.9786154403769481,0.0,2.9358463211308443,2.9358463211308443,0.0,0.0,0.0,14,6,0.0,1
statsbomb,1,43,1,2022,28,29,785,33018,93.98333333333333,134,2,15,16.27948217769108,86.27450980392157,0.0,0.0,14.364248980315658,3.830466394750842,0.0,3.830466394750842,5.745699592126263,0.0,0.0,0.0,7,5,0.0,4
statsbomb,1,43,1,2022,28,29,785,3441,22.816666666666666,18,1,1,7.888970051132214,80.0,0.0,0.0,11.833455076698321,3.944485025566107,0.0,0.0,0.0,0.0,0.0,0.0,2,1,0.0,0
statsbomb,1,43,1,2022,28,29,785,3471,95.98333333333333,121,1,14,14.06494183017885,95.55555555555556,0.0,0.008264462809917356,9.3766278867859,0.93766278867859,0.93766278867859,1.87532557735718,0.0,0.0,0.0,0.0,5,3,0.0,0
statsbomb,1,43,1,2022,28,29,785,5456,81.96666666666667,130,8,16,26.352175681171207,91.30434782608695,100.0,0.015384615384615385,18.666124440829606,14.274095160634404,2.1960146400976006,2.1960146400976006,4.392029280195201,0.0,0.0,0.0,24,12,0.0,1
statsbomb,1,43,1,2022,28,29,785,5460,72.96666666666667,112,1,5,7.400639561443581,84.84848484848484,100.0,0.008928571428571428,13.5678391959799,6.167199634536318,0.0,0.0,4.933759707629054,0.699345513,0.0,0.8626006784376428,19,3,0.0,1
statsbomb,1,43,1,2022,28,29,785,5463,83.96666666666667,160,5,10,16.077808654227866,83.33333333333334,0.0,0.025,21.437078205637157,6.431123461691147,1.0718539102818578,3.2155617308455735,5.359269551409289,0.0,0.0,0.0,27,7,0.0,3
statsbomb,1,43,1,2022,28,29,785,5469,95.98333333333333,175,5,16,19.69091856225039,88.88888888888889,33.33333333333333,0.017142857142857144,28.1298836603577,3.75065115471436,0.0,0.93766278867859,4.68831394339295,0.30414897,0.0,0.2851891713839208,19,8,0.0,2
statsbomb,1,43,1,2022,28,29,785,5474,80.98333333333333,138,9,7,17.781436509569872,69.76744186046511,40.0,0.043478260869565216,6.668038691088702,7.779378472936819,0.0,1.111339781848117,5.556698909240585,0.055285826999999996,0.0,0.061441338917472735,28,3,0.0,1
statsbomb,1,43,1,2022,28,29,785,7693,35.9,46,2,7,22.56267409470752,40.0,0.0,0.0,17.548746518105848,5.013927576601671,0.0,0.0,2.5069637883008355,0.0,0.0,0.0,10,4,0.0,0
statsbomb,1,43,1,2022,29,26,1839,,100.95,0,0,0,0.0,0.0,0.0,0.0,0.0,0.0,0.0,0.0,0.0,0.0,0.0,0.0,0,0,0.0,0
statsbomb,1,43,1,2022,29,26,1839,12352,95.96666666666667,67,1,19,18.7565126780132,74.19354838709677,0.0,0.0,0.0,0.0,0.0,0.0,2.81347690170198,0.0,0.0,0.0,3,3,0.0,0
statsbomb,1,43,1,2022,29,26,1839,12524,99.98333333333333,232,0,23,20.703450575095847,96.47058823529412,0.0,0.0,4.500750125020836,0.9001500250041673,0.0,0.9001500250041673,0.9001500250041673,0.0,0.0,0.0,3,3,0.0,2
statsbomb,1,43,1,2022,29,26,1839,12751,98.98333333333333,176,3,16,17.275635628893752,91.42857142857143,100.0,0.011363636363636364,15.45714766795757,4.546219902340462,0.0,1.8184879609361846,9.092439804680923,0.019808901,0.0,0.018011123993938373,17,10,0.0,4
statsbomb,1,43,1,2022,29,26,1839,13035,23.983333333333334,28,3,1,15.010423905489922,87.5,0.0,0.03571428571428571,18.7630298818624,7.505211952744961,0.0,0.0,3.7526059763724806,0.0,0.0,0.0,5,2,0.0,1
statsbomb,1,43,1,2022,29,26,1839,18242,99.98333333333333,201,4,23,24.304050675112517,93.24324324324324,0.0,0.0,10.801800300050008,1.8003000500083346,0.9001500250041673,2.700450075012502,0.9001500250041673,0.0,0.0,0.0,7,7,0.0,1
statsbomb,1,43,1,2022,29,26,1839,21881,74.98333333333333,200,6,17,27.606134696599245,95.58823529411765,0.0,0.005,10.802400533451879,6.001333629695488,0.0,1.2002667259390976,6.001333629695488,0.0066337776,0.0,0.007962302520560124,14,9,0.0,0
statsbomb,1,43,1,2022,29,26,1839,22008,24.9,19,0,1,3.6144578313253013,100.0,0.0,0.10526315789473684,3.6144578313253013,0.0,0.0,0.0,0.0,0.027433796,0.0,0.09915829879518072,2,1,0.0,0
statsbomb,1,43,1,2022,29,26,1839,22168,73.96666666666667,43,1,0,1.2167643082469581,90.9090909090909,0.0,0.023255813953488372,19.46822893195133,0.0,0.0,0.0,0.0,0.25332773,0.0,0.30824014015322215,1,1,0.0,2
statsbomb,1,43,1,2022,29,26,1839,23789,11.633333333333333,8,1,0,7.736389684813754,66.66666666666666,0.0,0.0,7.736389684813754,7.736389684813754,0.0,0.0,7.736389684813754,0.0,0.0,0.0,3,0,0.0,0
statsbomb,1,43,1,2022,29,26,1839,24243,34.983333333333334,64,3,1,10.290614578370652,94.44444444444444,33.33333333333333,0.0625,25.72653644592663,5.145307289185326,2.572653644592663,2.572653644592663,5.145307289185326,0.09428854,0.0,0.2425717560743211,8,3,0.0,5
statsbomb,1,43,1,2022,29,26,1839,3377,87.98333333333333,92,2,3,5.114605038833112,85.71428571428571,0.0,0.010869565217391304,6.137526046599735,2.045842015533245,0.0,0.0,1.0229210077666224,0.20100605,0.0,0.2056133112331881,14,2,0.0,1
statsbomb,1,43,1,2022,29,26,1839,3658,25.916666666666668,40,1,7,27.781350482315112,66.66666666666666,0.0,0.025,3.472668810289389,3.472668810289389,0.0,0.0,0.0,0.0,0.0,0.0,10,2,0.0,1
statsbomb,1,43,1,2022,29,26,1839,38792,74.98333333333333,128,10,10,24.00533451878195,90.69767441860465,0.0,0.015625,19.20426761502556,10.802400533451879,0.0,2.400533451878195,1.2002667259390976,0.0,0.0,0.0,14,7,0.0,2
statsbomb,1,43,1,2022,29,26,1839,4614,99.98333333333333,156,7,27,30.60510085014169,77.77777777777779,0.0,0.01282051282051282,9.90165027504584,6.301050175029171,0.9001500250041673,2.700450075012502,9.001500250041673,0.0,0.0,0.0,27,12,0.0,3
statsbomb,1,43,1,2022,29,26,1839,8246,98.98333333333333,168,9,11,18.184879609361847,60.78431372549019,50.0,0.02976190476190476,12.729415726553292,8.18319582421283,0.9092439804680923,0.0,5.455463882808553,0.0,0.0,0.0,35,8,0.0,2
statsbomb,1,43,1,2022,29,26,1839,8526,65.98333333333333,95,1,7,10.911846425865118,77.14285714285715,0.0,0.010526315789473684,17.731750442030815,1.3639808032331397,0.0,0.0,4.091942409699419,0.0,0.0,0.0,13,7,0.0,1
statsbomb,1,43,1,2022,29,12,907,,100.95,0,0,0,0.0,0.0,0.0,0.0,0.0,0.0,0.0,0.0,0.0,0.0,0.0,0.0,0,0,0.0,0
statsbomb,1,43,1,2022,29,12,907,11250,97.98333333333333,165,1,16,15.614900493281171,86.4406779661017,0.0,0.0,8.266712025854737,2.7555706752849125,0.0,0.0,1.8370471168566083,0.0,0.0,0.0,5,2,0.0,6
statsbomb,1,43,1,2022,29,12,907,11252,46.983333333333334,41,0,0,0.0,87.5,0.0,0.12195121951219512,5.746718694572543,1.9155728981908478,0.0,0.0,3.8311457963816955,0.0,0.0,0.0,1,0,0.0,0
statsbomb,1,43,1,2022,29,12,907,22074,5.45,1,0,1,16.513761467889907,100.0,0.0,0.0,66.05504587155963,0.0,0.0,0.0,0.0,0.0,0.0,0.0,1,1,0.0,1
statsbomb,1,43,1,2022,29,12,907,29377,18.866666666666667,20,2,3,23.851590106007066,50.0,0.0,0.05,9.540636042402827,4.770318021201414,0.0,0.0,14.31095406360424,0.042556882,0.0,0.20300986113074204,3,0,0.0,0
statsbomb,1,43,1,2022,29,12,907,3086,99.98333333333333,120,2,16,16.20270045007501,79.24528301886792,100.0,0.0,7.201200200033338,1.8003000500083346,0.0,0.9001500250041673,9.90165027504584,0.33066687,0.0,0.29764979129854974,8,5,0.0,4
statsbomb,1,43,1,2022,29,12,907,34794,77.98333333333333,84,6,14,23.081855097243,68.57142857142857,0.0,0.023809523809523808,15.00320581320795,5.77046377431075,0.0,3.46227826458645,6.9245565291729,0.0,0.0,0.0,15,10,0.0,3
statsbomb,1,43,1,2022,29,12,907,3488,94.98333333333333,62,1,20,19.89822775925601,68.75,0.0,0.0,0.0,0.0,0.0,0.0,1.8950693104053342,0.0,0.0,0.0,7,6,0.0,0
statsbomb,1,43,1,2022,29,12,907,3517,99.98333333333333,108,0,6,5.400900150025004,83.33333333333334,60.0,0.06481481481481481,20.703450575095847,0.0,0.0,0.0,5.400900150025004,0.0,0.0,0.0,12,2,0.0,6
statsbomb,1,43,1,2022,29,12,907,3853,54.983333333333334,69,0,5,8.184298272203698,93.33333333333333,0.0,0.028985507246376812,21.279175507729615,1.6368596544407397,0.0,0.0,1.6368596544407397,0.224836066,0.0,0.36802508529857536,12,3,0.0,1
statsbomb,1,43,1,2022,29,12,907,4767,97.98333333333333,142,4,17,19.288994726994385,82.14285714285714,0.0,0.0,17.45194761013778,0.9185235584283041,0.0,0.0,2.7555706752849125,0.0,0.0,0.0,11,6,0.0,4
statsbomb,1,43,1,2022,29,12,907,4774,99.98333333333333,122,0,18,16.20270045007501,80.0,0.0,0.01639344262295082,6.301050175029171,0.0,0.0,0.9001500250041673,4.500750125020836,0.0,0.0,0.0,18,6,0.0,1
statsbomb,1,43,1,2022,29,12,907,4934,94.98333333333333,106,3,17,18.950693104053343,70.73170731707317,50.0,0.009433962264150943,6.6327425864186695,2.842603965608001,0.0,2.842603965608001,5.685207931216002,0.013776194,0.0,0.013053421231795051,12,9,0.0,1
statsbomb,1,43,1,2022,29,12,907,50528,5.783333333333333,14,1,2,46.68587896253602,75.0,0.0,0.14285714285714285,46.68587896253602,15.561959654178676,0.0,0.0,15.561959654178676,0.0,0.0,0.0,3,2,0.0,0
statsbomb,1,43,1,2022,29,12,907,6399,99.98333333333333,86,1,5,5.400900150025004,60.0,0.0,0.011627906976744186,7.201200200033338,0.0,0.0,0.9001500250041673,1.8003000500083346,0.7835,0.0,0.705267544590765,13,4,0.0,3
statsbomb,1,43,1,2022,29,12,907,9540,92.96666666666667,74,1,5,5.808533524560774,85.71428571428571,0.0,0.02702702702702703,8.712800286841162,0.0,0.0,0.9680889207601291,2.904266762280387,0.0,0.0,0.0,9,3,0.0,6
statsbomb,1,43,1,2022,30,22,782,,95.7,0,0,0,0.0,0.0,0.0,0.0,0.0,0.0,0.0,0.0,0.0,0.0,0.0,0.0,0,0,0.0,0
statsbomb,1,43,1,2022,30,22,782,16559,15.983333333333333,45,2,3,28.154327424400417,71.42857142857143,0.0,0.044444444444444446,16.892596454640252,16.892596454640252,5.630865484880084,0.0,11.261730969760167,0.0,0.0,0.0,6,4,0.0,0
statsbomb,1,43,1,2022,30,22,782,20005,93.98333333333333,290,3,28,29.686114559319027,95.0,0.0,0.0034482758620689655,1.915233197375421,1.915233197375421,0.0,0.0,1.915233197375421,0.0,0.0,0.0,12,7,0.0,0
statsbomb,1,43,1,2022,30,22,782,2954,35.96666666666667,79,2,9,27.525486561631137,93.33333333333333,0.0,0.0,17.516218721037998,5.004633920296571,0.0,2.5023169601482853,0.0,0.0,0.0,0.0,9,5,0.0,1
statsbomb,1,43,1,2022,30,22,782,3077,94.98333333333333,278,3,24,25.58343569047201,94.23076923076923,0.0,0.0,0.9475346552026671,2.842603965608001,0.0,0.0,2.842603965608001,0.03727616,0.0,0.035320453412879455,3,2,0.0,0
statsbomb,1,43,1,2022,30,22,782,3089,93.98333333333333,179,9,26,33.516580954069866,73.01587301587301,50.0,0.0223463687150838,5.745699592126263,6.703316190813974,0.0,0.0,7.660932789501684,0.052741134999999995,0.0,0.05050578630962936,37,18,0.0,0
statsbomb,1,43,1,2022,30,22,782,3176,80.98333333333333,130,3,13,17.781436509569872,81.25,100.0,0.023076923076923078,7.779378472936819,2.222679563696234,0.0,1.111339781848117,3.334019345544351,0.050302412,0.0,0.0559030715785141,13,4,0.0,0
statsbomb,1,43,1,2022,30,22,782,32688,13.966666666666667,18,1,0,6.443914081145585,75.0,0.0,0.0,12.88782816229117,6.443914081145585,0.0,0.0,0.0,0.0,0.0,0.0,0,0,0.0,0
statsbomb,1,43,1,2022,30,22,782,3289,10.6,9,0,0,0.0,100.0,0.0,0.1111111111111111,0.0,0.0,0.0,0.0,0.0,0.0,0.0,0.0,0,0,0.0,0
statsbomb,1,43,1,2022,30,22,782,3457,74.98333333333333,55,0,1,1.2002667259390976,70.0,100.0,0.03636363636363636,10.802400533451879,0.0,0.0,0.0,2.400533451878195,0.13561569,0.0,0.16277500022227162,2,1,0.0,0
statsbomb,1,43,1,2022,30,22,782,3509,94.98333333333333,76,0,18,17.055623793648007,94.44444444444444,100.0,0.0,0.0,0.0,0.0,0.0,3.7901386208106684,0.0,0.0,0.0,0,0,0.0,0
statsbomb,1,43,1,2022,30,22,782,3621,59.983333333333334,107,6,4,15.004167824395665,83.33333333333334,25.0,0.037383177570093455,4.501250347318699,12.003334259516532,0.0,0.0,4.501250347318699,0.009158539,0.0,0.013741625618227284,12,5,0.0,1
statsbomb,1,43,1,2022,30,22,782,48347,59.983333333333334,130,0,8,12.003334259516532,93.02325581395348,0.0,0.007692307692307693,16.50458460683523,1.5004167824395664,1.5004167824395664,0.0,1.5004167824395664,0.29186468,0.0,0.43791866407335367,5,5,0.0,2
statsbomb,1,43,1,2022,30,22,782,5630,33.9,50,0,2,5.3097345132743365,61.111111111111114,100.0,0.0,18.58407079646018,0.0,0.0,0.0,0.0,0.065653466,0.0,0.17430123716814158,8,0,0.0,1
statsbomb,1,43,1,2022,30,22,782,5632,72.98333333333333,121,2,7,11.098424297784883,64.58333333333334,0.0,0.01652892561983471,25.89632336149806,2.4663165106188627,1.2331582553094314,0.0,3.699474765928294,0.0,0.0,0.0,22,3,0.0,3
statsbomb,1,43,1,2022,30,22,782,5642,95.98333333333333,211,3,14,15.94026740753603,98.73417721518987,0.0,0.0,12.18961625282167,5.62597673207154,1.87532557735718,0.0,5.62597673207154,0.0,0.0,0.0,11,4,0.0,4
statsbomb,1,43,1,2022,30,22,782,6989,91.98333333333333,200,2,18,19.56876245696684,86.66666666666667,0.0,0.005,14.676571842725131,1.9568762456966842,0.9784381228483421,0.0,3.9137524913933683,0.0,0.0,0.0,11,5,0.0,0
statsbomb,1,43,1,2022,30,28,788,,95.7,0,0,0,0.0,0.0,0.0,0.0,0.0,0.0,0.0,0.0,0.0,0.0,0.0,0.0,0,0,0.0,0
statsbomb,1,43,1,2022,30,28,788,12149,85.93333333333334,110,5,15,20.946470131885178,92.85714285714286,0.0,0.0,6.283941039565554,3.141970519782777,0.0,1.047323506594259,0.0,0.0,0.0,0.0,7,6,0.0,1
statsbomb,1,43,1,2022,30,28,788,15890,78.98333333333333,84,0,9,10.25532812829711,90.32258064516128,0.0,0.0,14.813251740873604,0.0,0.0,0.0,1.1394809031441233,0.022188112,0.0,0.02528292990082296,6,2,0.0,1
statsbomb,1,43,1,2022,30,28,788,21736,20.9,19,0,1,4.306220095693781,60.0,0.0,0.05263157894736842,12.918660287081341,0.0,0.0,4.306220095693781,8.612440191387561,0.18104906,0.0,0.7796371004784691,2,0,0.0,2
statsbomb,1,43,1,2022,30,28,788,23774,66.96666666666667,60,1,1,2.687904430064709,89.47368421052632,0.0,0.06666666666666667,26.879044300647088,2.687904430064709,0.0,4.031856645097063,4.031856645097063,0.054105066,0.0,0.07271462329517173,3,1,0.0,3
statsbomb,1,43,1,2022,30,28,788,31295,21.716666666666665,17,2,4,24.86569455103607,83.33333333333334,100.0,0.0,4.144282425172679,8.288564850345358,0.0,0.0,4.144282425172679,0.0,0.0,0.0,1,0,0.0,0
statsbomb,1,43,1,2022,30,28,788,3625,68.98333333333333,83,8,3,14.351292582749457,95.45454545454545,66.66666666666666,0.012048192771084338,9.132640734476928,11.741966658613192,0.0,0.0,1.3046629620681325,0.01369968,0.0,0.017873465088185554,14,6,0.0,3
statsbomb,1,43,1,2022,30,28,788,3634,26.85,15,0,1,3.35195530726257,83.33333333333334,0.0,0.0,13.40782122905028,0.0,0.0,3.35195530726257,0.0,0.0,0.0,0.0,2,0,0.0,0
statsbomb,1,43,1,2022,30,28,788,46258,77.98333333333333,85,1,4,5.77046377431075,90.0,0.0,0.023529411764705882,10.38683479375935,1.15409275486215,0.0,1.15409275486215,4.6163710194486,0.023304239,0.0,0.02689525338747596,5,2,0.0,1
statsbomb,1,43,1,2022,30,28,788,5219,94.98333333333333,97,3,14,16.10808913844534,84.61538461538461,0.0,0.0,9.475346552026672,1.8950693104053342,0.9475346552026671,0.0,1.8950693104053342,0.56495196,0.0,0.535311560624671,7,5,0.0,1
statsbomb,1,43,1,2022,30,28,788,5233,90.86666666666666,42,1,16,16.837857666911226,70.37037037037037,0.0,0.0,0.0,0.9904622157006604,0.0,0.0,4.9523110785033015,0.0,0.0,0.0,4,4,0.0,0
statsbomb,1,43,1,2022,30,28,788,5234,94.98333333333333,103,3,9,11.370415862432004,87.5,0.0,0.019417475728155338,18.950693104053343,2.842603965608001,0.0,0.9475346552026671,8.527811896824003,0.0,0.0,0.0,8,5,0.0,4
statsbomb,1,43,1,2022,30,28,788,5237,94.96666666666667,120,8,12,18.954018954018956,73.33333333333333,37.5,0.05,22.744822744822745,5.686205686205686,0.9477009477009477,0.0,2.843102843102843,0.040893083999999996,0.0,0.038754414461214456,18,7,0.0,4
statsbomb,1,43,1,2022,30,28,788,5245,64.98333333333333,101,3,13,22.159528084124133,81.57894736842105,0.0,0.009900990099009901,18.00461656835086,2.7699410105155167,0.0,0.0,2.7699410105155167,0.054164495,0.0,0.07501622800718133,14,7,0.0,4
statsbomb,1,43,1,2022,30,28,788,59493,20.983333333333334,22,3,1,17.15647339158062,75.0,0.0,0.045454545454545456,8.57823669579031,8.57823669579031,0.0,0.0,0.0,0.036752854,0.0,0.15763734042891184,2,3,0.0,0
statsbomb,1,43,1,2022,30,28,788,6301,71.91666666666667,28,0,2,2.5028968713789106,66.66666666666666,100.0,0.07142857142857142,33.78910776361529,0.0,0.0,0.0,2.5028968713789106,0.0,0.0,0.0,3,0,0.0,3
statsbomb,1,43,1,2022,30,28,788,7459,11.533333333333333,2,0,1,7.803468208092486,100.0,0.0,0.0,15.606936416184972,0.0,0.0,0.0,0.0,0.0,0.0,0.0,0,0,0.0,0
statsbomb,1,43,1,2022,31,16,770,,98.3,0,0,0,0.0,0.0,0.0,0.0,0.0,0.0,0.0,0.0,0.0,0.0,0.0,0.0,0,0,0.0,0
statsbomb,1,43,1,2022,31,16,770,10287,66.95,197,5,21,34.95145631067961,92.7536231884058,100.0,0.005076142131979695,4.032860343539955,5.37714712471994,0.0,0.0,10.75429424943988,1.1289538890000002,0.0,1.5176377895444364,23,11,0.0,0
statsbomb,1,43,1,2022,31,16,770,12034,94.98333333333333,191,2,15,16.10808913844534,80.26315789473685,50.0,0.015706806282722512,15.160554483242674,0.0,0.0,0.9475346552026671,2.842603965608001,0.0,0.0,0.0,40,8,0.0,6
statsbomb,1,43,1,2022,31,16,770,24118,98.98333333333333,306,14,33,42.734467082000336,92.43697478991596,0.0,0.006535947712418301,5.455463882808553,7.273951843744738,0.0,0.9092439804680923,7.273951843744738,0.0,0.0,0.0,26,21,0.0,2
statsbomb,1,43,1,2022,31,16,770,3167,96.98333333333333,309,0,25,23.19986251933322,93.80530973451327,0.0,0.0,3.711978003093315,0.9279945007733288,0.0,0.0,3.711978003093315,0.229369931,0.0,0.21285403461075786,6,5,0.0,2
statsbomb,1,43,1,2022,31,16,770,38837,1.0,4,0,0,0.0,100.0,0.0,0.0,0.0,0.0,0.0,0.0,0.0,0.0,0.0,0.0,1,0,0.0,0
statsbomb,1,43,1,2022,31,16,770,39565,77.96666666666667,161,2,7,10.389055151774262,86.36363636363636,33.33333333333333,0.024844720496894408,11.543394613082514,8.08037622915776,1.1543394613082514,0.0,8.08037622915776,0.26407773,0.0,0.30483534459170586,26,1,0.0,1
statsbomb,1,43,1,2022,31,16,770,5562,66.96666666666667,107,5,4,12.09556993529119,78.04878048780488,0.0,0.018691588785046728,12.09556993529119,2.687904430064709,0.0,0.0,2.687904430064709,0.0,0.0,0.0,23,5,0.0,3
statsbomb,1,43,1,2022,31,16,770,5570,95.96666666666667,130,0,31,29.07259465092046,92.72727272727272,0.0,0.0,0.0,0.0,0.0,0.0,2.81347690170198,0.0,0.0,0.0,1,0,0.0,0
statsbomb,1,43,1,2022,31,16,770,5579,97.98333333333333,256,6,24,27.555706752849122,84.5360824742268,0.0,0.01171875,8.266712025854737,6.429664908998129,0.0,0.9185235584283041,5.511141350569825,0.173883048,0.0,0.15971567599931963,39,14,0.0,1
statsbomb,1,43,1,2022,31,16,770,6322,97.98333333333333,262,7,24,28.474230311277427,94.11764705882352,0.0,0.0,0.9185235584283041,2.7555706752849125,0.0,0.0,3.6740942337132165,0.07610536,0.0,0.06990456608266711,28,11,0.0,0
statsbomb,1,43,1,2022,31,16,770,6324,28.966666666666665,26,1,4,15.535097813578826,77.77777777777779,0.0,0.0,12.428078250863061,3.1070195627157653,0.0,0.0,3.1070195627157653,0.088851534,0.0,0.27606345431530493,3,1,0.0,1
statsbomb,1,43,1,2022,31,16,770,8227,19.866666666666667,15,0,1,4.530201342281879,80.0,50.0,0.13333333333333333,9.060402684563758,0.0,0.0,0.0,4.530201342281879,0.0,0.0,0.0,5,1,0.0,0
statsbomb,1,43,1,2022,31,16,770,8400,88.96666666666667,144,7,2,9.104533533158488,78.0,0.0,0.006944444444444444,6.069689022105658,5.058074185088048,0.0,0.0,7.081303859123268,0.448605553,0.0,0.45381603338328963,28,5,0.0,0
statsbomb,1,43,1,2022,31,16,770,8546,12.833333333333334,14,0,0,0.0,75.0,0.0,0.14285714285714285,0.0,0.0,0.0,0.0,0.0,0.031593546,0.0,0.2215651277922078,4,0,0.0,0
statsbomb,1,43,1,2022,31,16,770,8804,30.983333333333334,56,1,2,8.714362560516406,83.33333333333334,100.0,0.0,5.809575040344271,2.9047875201721354,0.0,0.0,2.9047875201721354,0.32657883,0.0,0.9486421097364174,10,3,0.0,0
statsbomb,1,43,1,2022,31,16,770,8966,78.95,74,1,1,2.279924002533249,77.27272727272727,0.0,0.02702702702702703,15.959468017732743,1.1399620012666245,1.1399620012666245,0.0,1.1399620012666245,0.0,0.0,0.0,13,1,0.0,1
statsbomb,1,43,1,2022,31,3,778,,98.91666666666667,0,0,0,0.0,0.0,0.0,0.0,0.0,0.0,0.0,0.0,0.0,0.0,0.0,0.0,0,0,0.0,0
statsbomb,1,43,1,2022,31,3,778,23527,92.96666666666667,59,5,7,11.617067049121548,44.44444444444444,0.0,0.03389830508474576,8.712800286841162,3.8723556830405164,0.9680889207601291,0.9680889207601291,4.840444603800646,0.06845111,0.0,0.06626676120473288,9,6,0.0,0
statsbomb,1,43,1,2022,31,3,778,23721,97.98333333333333,72,0,10,9.185235584283042,77.41935483870968,50.0,0.027777777777777776,30.311277428134037,0.0,0.0,0.0,3.6740942337132165,0.0,0.0,0.0,9,3,0.0,5
statsbomb,1,43,1,2022,31,3,778,23730,49.93333333333333,47,0,7,12.616822429906543,94.73684210526315,0.0,0.0,3.6048064085447264,0.0,0.0,1.8024032042723632,1.8024032042723632,0.0,0.0,0.0,3,1,0.0,0
statsbomb,1,43,1,2022,31,3,778,25719,84.98333333333333,69,0,19,20.121592469111594,71.42857142857143,0.0,0.0,1.0590311825848207,0.0,0.0,0.0,1.0590311825848207,0.0,0.0,0.0,4,1,0.0,0
statsbomb,1,43,1,2022,31,3,778,29595,92.98333333333333,55,2,8,9.679153970245563,88.0,0.0,0.0,8.711238573221006,1.9358307940491126,0.0,0.9679153970245563,1.9358307940491126,0.034016185,0.0,0.03292478920953575,5,3,0.0,1
statsbomb,1,43,1,2022,31,3,778,30628,56.983333333333334,15,0,1,1.5794091839719215,40.0,0.0,0.06666666666666667,42.64404796724188,0.0,0.0,0.0,1.5794091839719215,0.07710243,0.0,0.1217762860485522,0,0,0.0,1
statsbomb,1,43,1,2022,31,3,778,31090,45.983333333333334,16,3,0,5.871692642261689,25.0,0.0,0.1875,23.486770569046755,5.871692642261689,1.9572308807538963,0.0,7.828923523015585,0.0,0.0,0.0,2,1,0.0,0
statsbomb,1,43,1,2022,31,3,778,3300,95.95,96,1,14,14.06982803543512,82.5,50.0,0.010416666666666666,1.8759770713913495,2.8139656070870243,0.0,1.8759770713913495,1.8759770713913495,0.0,0.0,0.0,4,4,0.0,0
statsbomb,1,43,1,2022,31,3,778,3530,72.98333333333333,62,2,12,17.264215574332038,75.0,50.0,0.04838709677419355,13.564740808403744,0.0,2.4663165106188627,1.2331582553094314,2.4663165106188627,0.28772855,0.0,0.3548148367207125,12,5,0.0,4
statsbomb,1,43,1,2022,31,3,778,37208,70.98333333333333,76,1,11,15.214839164123033,76.66666666666667,0.0,0.0,22.82225874618455,1.2679032636769194,0.0,0.0,0.0,0.0,0.0,0.0,8,4,0.0,2
statsbomb,1,43,1,2022,31,3,778,37211,38.983333333333334,31,3,5,18.469431380932022,76.47058823529412,0.0,0.0,32.32150491663104,9.234715690466011,4.6173578452330055,0.0,2.3086789226165028,0.0,0.0,0.0,5,2,0.0,0
statsbomb,1,43,1,2022,31,3,778,5690,55.88333333333333,27,0,8,12.883984491500149,85.71428571428571,0.0,0.0,8.052490307187593,0.0,0.0,1.6104980614375186,3.2209961228750372,0.0,0.0,0.0,4,3,0.0,2
statsbomb,1,43,1,2022,31,3,778,8361,24.95,12,0,1,3.6072144288577155,100.0,0.0,0.16666666666666666,25.250501002004007,0.0,0.0,3.6072144288577155,3.6072144288577155,0.4777511,0.0,1.7233506613226452,2,0,0.0,1
statsbomb,1,43,1,2022,31,3,778,8776,24.766666666666666,13,0,1,3.6339165545087484,33.33333333333333,0.0,0.07692307692307693,10.901749663526246,3.6339165545087484,0.0,0.0,0.0,0.013784891,0.0,0.05009314360699866,1,0,0.0,0
statsbomb,1,43,1,2022,31,3,778,8949,41.85,31,3,3,12.903225806451612,83.33333333333334,0.0,0.03225806451612903,17.204301075268816,4.301075268817204,0.0,0.0,4.301075268817204,0.225983355,0.0,0.48598570967741933,5,3,0.0,0
statsbomb,1,43,1,2022,31,3,778,9411,90.91666666666667,62,2,5,6.929422548120989,71.42857142857143,50.0,0.03225806451612903,22.76810265811182,2.969752520623281,0.989917506874427,0.0,0.0,0.06444196,0.0,0.06379222438130155,11,2,0.0,2
statsbomb,1,43,1,2022,32,21,787,,100.73333333333333,0,0,0,0.0,0.0,0.0,0.0,0.0,0.0,0.0,0.0,0.0,0.0,0.0,0.0,0,0,0.0,0
statsbomb,1,43,1,2022,32,21,787,15970,96.93333333333334,72,0,18,16.71251719394773,80.76923076923077,100.0,0.0,5.570839064649244,0.9284731774415406,0.0,0.9284731774415406,0.9284731774415406,0.0,0.0,0.0,4,3,0.0,0
statsbomb,1,43,1,2022,32,21,787,20611,68.95,53,2,1,3.9158810732414793,100.0,0.0,0.018867924528301886,3.9158810732414793,1.305293691080493,0.0,0.0,2.610587382160986,0.077079646,0.0,0.10061157563451777,8,2,0.0,1
statsbomb,1,43,1,2022,32,21,787,20758,72.98333333333333,115,7,7,17.264215574332038,88.88888888888889,0.0,0.034782608695652174,8.632107787166019,9.86526604247545,0.0,0.0,3.699474765928294,0.08950830700000001,0.0,0.11037790769582097,23,6,0.0,0
statsbomb,1,43,1,2022,32,21,787,21026,26.95,31,0,4,13.358070500927644,64.28571428571429,0.0,0.03225806451612903,6.679035250463822,0.0,0.0,3.339517625231911,3.339517625231911,0.008650101,0.0,0.02888716474953618,4,1,0.0,1
statsbomb,1,43,1,2022,32,21,787,2941,99.98333333333333,92,7,5,10.801800300050008,68.18181818181817,100.0,0.021739130434782608,5.400900150025004,6.301050175029171,0.9001500250041673,0.9001500250041673,1.8003000500083346,0.158767545,0.0,0.14291460960160027,20,5,0.0,1
statsbomb,1,43,1,2022,32,21,787,32915,37.81666666666667,30,1,3,9.519612163948874,90.9090909090909,0.0,0.0,9.519612163948874,2.3799030409872186,2.3799030409872186,2.3799030409872186,2.3799030409872186,0.014392905,0.0,0.03425371837814014,5,2,0.0,0
statsbomb,1,43,1,2022,32,21,787,3404,98.98333333333333,180,8,14,20.003367570298032,87.14285714285714,0.0,0.016666666666666666,7.273951843744738,6.364707863276646,0.9092439804680923,1.8184879609361846,4.546219902340462,0.0178921875,0.0,0.016268363781781446,33,9,0.0,0
statsbomb,1,43,1,2022,32,21,787,3436,99.98333333333333,122,1,5,5.400900150025004,84.0909090909091,0.0,0.0,18.003000500083346,2.700450075012502,0.0,0.0,9.001500250041673,0.090347755,0.0,0.08132653392232038,26,3,0.0,3
statsbomb,1,43,1,2022,32,21,787,3684,70.98333333333333,65,0,4,5.071613054707678,84.61538461538461,100.0,0.015384615384615385,12.679032636769193,0.0,0.0,1.2679032636769194,2.535806527353839,0.0,0.0,0.0,11,3,0.0,1
statsbomb,1,43,1,2022,32,21,787,4506,98.98333333333333,125,3,16,17.275635628893752,76.0,0.0,0.0,13.638659707021384,1.8184879609361846,0.0,0.0,6.364707863276646,0.0,0.0,0.0,24,6,0.0,3
statsbomb,1,43,1,2022,32,21,787,50497,23.9,33,1,2,11.297071129707113,90.0,0.0,0.030303030303030304,11.297071129707113,0.0,0.0,0.0,7.531380753138076,0.0,0.0,0.0,4,0,0.0,0
statsbomb,1,43,1,2022,32,21,787,5675,98.98333333333333,116,3,21,21.821855531234213,85.41666666666666,0.0,0.008620689655172414,10.001683785149016,2.7277319414042767,0.0,1.8184879609361846,3.636975921872369,0.0,0.0,0.0,11,7,0.0,5
statsbomb,1,43,1,2022,32,21,787,7379,95.93333333333334,66,1,14,14.072272411396803,87.5,0.0,0.0,0.0,0.9381514940931202,0.0,0.0,6.5670604586518415,0.0,0.0,0.0,2,1,0.0,0
statsbomb,1,43,1,2022,32,21,787,8553,60.96666666666667,71,2,15,25.095680699835977,51.85185185185185,0.0,0.028169014084507043,17.71459814106069,4.428649535265173,2.952433023510115,0.0,2.952433023510115,0.0,0.0,0.0,14,6,0.0,2
statsbomb,1,43,1,2022,32,21,787,88123,25.966666666666665,15,0,0,0.0,66.66666666666666,0.0,0.06666666666666667,17.32991014120668,0.0,0.0,0.0,0.0,0.23485426,0.0,0.8140006444159179,1,0,0.0,1
statsbomb,1,43,1,2022,32,27,941,,100.83333333333333,0,0,0,0.0,0.0,0.0,0.0,0.0,0.0,0.0,0.0,0.0,0.0,0.0,0.0,0,0,0.0,0
statsbomb,1,43,1,2022,32,27,941,20750,92.95,65,4,4,7.746100053792361,55.55555555555556,0.0,0.015384615384615385,3.8730500268961805,3.8730500268961805,0.0,1.9365250134480902,3.8730500268961805,0.28603274,0.0,0.2769547778375471,23,2,0.0,1
statsbomb,1,43,1,2022,32,27,941,2988,35.96666666666667,54,2,0,5.004633920296571,91.66666666666666,50.0,0.07407407407407407,12.511584800741426,2.5023169601482853,0.0,0.0,2.5023169601482853,0.102816984,0.0,0.2572806828544949,4,1,0.0,2
statsbomb,1,43,1,2022,32,27,941,3264,61.96666666666667,41,0,2,2.9047875201721354,75.0,100.0,0.04878048780487805,14.523937600860677,0.0,1.4523937600860677,0.0,2.9047875201721354,0.15551722,0.0,0.22587223991393224,9,2,0.0,1
statsbomb,1,43,1,2022,32,27,941,3306,90.98333333333333,175,5,24,28.68657263235025,89.0625,0.0,0.0,11.870305916834585,5.935152958417293,0.9891921597362154,1.9783843194724309,0.0,0.0,0.0,0.0,9,8,0.0,1
statsbomb,1,43,1,2022,32,27,941,3311,97.98333333333333,133,6,18,22.0445654022793,81.03448275862068,0.0,0.0,14.696376934852866,0.9185235584283041,0.9185235584283041,0.9185235584283041,1.8370471168566083,0.04866169,0.0,0.044696908657935026,23,8,0.0,2
statsbomb,1,43,1,2022,32,27,941,3669,96.98333333333333,154,1,23,22.271868018559893,81.9672131147541,0.0,0.006493506493506494,4.639972503866644,1.8559890015466576,0.0,1.8559890015466576,0.0,0.114081776,0.0,0.10586726076645472,9,9,0.0,0
statsbomb,1,43,1,2022,32,27,941,4318,19.783333333333335,14,0,0,0.0,75.0,0.0,0.0,18.197135636057286,0.0,0.0,0.0,4.549283909014322,0.34814927,0.0,1.5838298719460826,0,0,0.0,1
statsbomb,1,43,1,2022,32,27,941,6994,4.666666666666667,1,0,0,0.0,100.0,0.0,0.0,38.57142857142857,0.0,0.0,0.0,0.0,0.0,0.0,0.0,0,0,0.0,0
statsbomb,1,43,1,2022,32,27,941,7745,78.96666666666667,122,4,14,20.514985225833684,86.36363636363636,0.0,0.01639344262295082,12.536935415787251,3.4191642043056136,0.0,0.0,6.838328408611227,0.06862412000000001,0.0,0.07821237821865766,21,10,0.0,4
statsbomb,1,43,1,2022,32,27,941,7891,19.866666666666667,18,0,3,13.590604026845638,66.66666666666666,0.0,0.0,9.060402684563758,0.0,4.530201342281879,4.530201342281879,13.590604026845638,0.0,0.0,0.0,2,1,0.0,0
statsbomb,1,43,1,2022,32,27,941,8069,98.98333333333333,115,1,15,14.547903687489477,88.88888888888889,0.0,0.0,7.273951843744738,0.9092439804680923,0.0,0.9092439804680923,1.8184879609361846,0.0,0.0,0.0,11,7,0.0,1
statsbomb,1,43,1,2022,32,27,941,8118,97.98333333333333,180,8,15,21.126041843850995,86.56716417910447,80.0,0.011111111111111112,9.185235584283042,10.103759142711345,0.0,0.9185235584283041,6.429664908998129,0.0,0.0,0.0,25,8,0.0,3
statsbomb,1,43,1,2022,32,27,941,8125,96.96666666666667,117,5,10,13.922310072189756,60.46511627906976,0.0,0.02564102564102564,8.353386043313854,3.7126160192506017,0.0,0.9281540048126504,0.9281540048126504,0.0,0.0,0.0,18,6,0.0,0
statsbomb,1,43,1,2022,32,27,941,8259,77.91666666666667,63,1,4,5.775401069518717,84.21052631578947,0.0,0.047619047619047616,6.930481283422459,1.1550802139037433,0.0,0.0,1.1550802139037433,0.0,0.0,0.0,10,3,0.0,1
statsbomb,1,43,1,2022,32,27,941,8326,98.98333333333333,49,0,17,15.45714766795757,89.28571428571429,0.0,0.0,0.0,0.0,0.0,0.0,0.9092439804680923,0.0,0.0,0.0,0,0,0.0,0
statsbomb,1,43,1,2022,33,20,3565,,95.83333333333333,0,0,0,0.0,0.0,0.0,0.0,0.0,0.0,0.0,0.0,0.0,0.0,0.0,0.0,0,0,0.0,0
statsbomb,1,43,1,2022,33,20,3565,12803,62.9,52,3,2,7.154213036565978,78.57142857142857,100.0,0.038461538461538464,11.446740858505565,2.8616852146263914,0.0,0.0,7.154213036565978,0.136638454,0.0,0.19550812178060414,6,2,0.0,4
statsbomb,1,43,1,2022,33,20,3565,23830,92.95,206,1,14,14.523937600860677,98.71794871794873,0.0,0.0048543689320388345,8.714362560516406,0.9682625067240451,1.9365250134480902,0.0,4.841312533620226,0.0,0.0,0.0,7,3,0.0,1
statsbomb,1,43,1,2022,33,20,3565,24085,95.98333333333333,192,2,21,21.56624413960757,80.0,100.0,0.0,6.5636395207501295,0.93766278867859,0.93766278867859,0.93766278867859,5.62597673207154,0.0,0.0,0.0,23,9,0.0,2
statsbomb,1,43,1,2022,33,20,3565,28559,75.96666666666667,78,1,0,1.184730144800351,70.0,66.66666666666666,0.038461538461538464,16.586222027204915,1.184730144800351,0.0,0.0,3.554190434401053,0.8722808799999999,0.0,1.0334174532689775,10,0,0.0,0
statsbomb,1,43,1,2022,33,20,3565,30111,94.98333333333333,157,1,17,17.055623793648007,79.36507936507937,0.0,0.006369426751592357,3.7901386208106684,0.9475346552026671,0.0,0.9475346552026671,0.0,0.0,0.0,0.0,7,5,0.0,0
statsbomb,1,43,1,2022,33,20,3565,31152,92.98333333333333,108,4,3,6.7754077791718945,77.14285714285715,60.0,0.046296296296296294,30.973292704785802,3.8716615880982252,0.9679153970245563,1.9358307940491126,1.9358307940491126,0.0,0.0,0.0,13,1,0.0,3
statsbomb,1,43,1,2022,33,20,3565,34396,89.98333333333333,64,0,7,7.001296536395628,68.42105263157895,100.0,0.03125,16.002963511761436,0.0,0.0,0.0,1.0001852194850898,0.0,0.0,0.0,11,7,0.0,2
statsbomb,1,43,1,2022,33,20,3565,348757,4.9,2,0,0,0.0,0.0,0.0,0.0,73.46938775510203,0.0,0.0,0.0,0.0,0.13848205,0.0,2.543547857142857,0,0,0.0,1
statsbomb,1,43,1,2022,33,20,3565,36148,16.983333333333334,25,0,2,10.598626104023552,66.66666666666666,0.0,0.08,47.69381746810598,0.0,0.0,0.0,0.0,0.0,0.0,0.0,3,1,0.0,0
statsbomb,1,43,1,2022,33,20,3565,37522,80.91666666666667,34,0,15,16.68383110195674,52.63157894736842,0.0,0.0,0.0,0.0,0.0,0.0,1.1122554067971162,0.0,0.0,0.0,4,4,0.0,0
statsbomb,1,43,1,2022,33,20,3565,37726,88.98333333333333,122,3,10,13.148529687207343,91.83673469387756,0.0,0.00819672131147541,6.068552163326466,3.034276081663233,0.0,1.011425360554411,3.034276081663233,0.0,0.0,0.0,15,8,0.0,0
statsbomb,1,43,1,2022,33,20,3565,37737,93.96666666666667,117,2,19,20.1135154310039,79.24528301886792,0.0,0.0,12.45122383824051,0.9577864490954239,0.0,1.9155728981908478,5.746718694572543,0.0066099144,0.0,0.0063308864420007094,22,10,0.0,2
statsbomb,1,43,1,2022,33,20,3565,37945,3.6666666666666665,18,0,0,0.0,100.0,0.0,0.0,24.545454545454547,0.0,0.0,0.0,0.0,0.0,0.0,0.0,0,0,0.0,0
statsbomb,1,43,1,2022,33,20,3565,38004,93.98333333333333,199,1,18,18.1947153750665,97.22222222222221,0.0,0.0,2.8728497960631314,2.8728497960631314,0.0,0.9576165986877105,0.9576165986877105,0.0,0.0,0.0,10,3,0.0,1
statsbomb,1,43,1,2022,33,20,3565,40211,24.883333333333333,23,4,1,18.08439383791025,85.71428571428571,100.0,0.043478260869565216,28.935030140656398,14.467515070328199,7.2337575351640995,0.0,3.6168787675820497,0.0,0.0,0.0,4,2,0.0,1
statsbomb,1,43,1,2022,33,30,3566,,95.58333333333333,0,0,0,0.0,0.0,0.0,0.0,0.0,0.0,0.0,0.0,0.0,0.0,0.0,0.0,0,0,0.0,0
statsbomb,1,43,1,2022,33,30,3566,124488,71.95,84,0,3,3.7526059763724806,78.57142857142857,0.0,0.05952380952380952,16.26129256428075,0.0,0.0,0.0,0.0,0.0,0.0,0.0,5,1,0.0,1
statsbomb,1,43,1,2022,33,30,3566,124492,87.98333333333333,125,1,14,15.343815116499336,87.75510204081633,0.0,0.016,12.27505209319947,5.114605038833112,0.0,0.0,1.0229210077666224,0.0,0.0,0.0,10,9,0.0,1
statsbomb,1,43,1,2022,33,30,3566,124493,94.98333333333333,199,2,19,19.89822775925601,88.1578947368421,0.0,0.0,3.7901386208106684,1.8950693104053342,0.0,0.9475346552026671,4.737673276013336,0.0,0.0,0.0,3,2,0.0,3
statsbomb,1,43,1,2022,33,30,3566,124494,94.98333333333333,179,15,17,30.321108966485347,86.36363636363636,100.0,0.0,5.685207931216002,12.317950517634673,0.9475346552026671,0.9475346552026671,4.737673276013336,0.0062173195,0.0,0.005891125688717319,11,9,0.0,1
statsbomb,1,43,1,2022,33,30,3566,124495,71.98333333333333,37,0,1,1.2502894188469553,70.0,0.0,0.02702702702702703,16.25376244501042,0.0,0.0,0.0,0.0,0.21267414,0.0,0.26590422690437604,0,0,0.0,0
statsbomb,1,43,1,2022,33,30,3566,124496,92.95,44,0,10,9.682625067240451,85.71428571428571,0.0,0.0,0.9682625067240451,0.0,0.0,0.0,3.8730500268961805,0.0,0.0,0.0,2,0,0.0,0
statsbomb,1,43,1,2022,33,30,3566,124503,94.96666666666667,143,4,25,27.483327483327482,84.21052631578947,0.0,0.0,5.686205686205686,1.8954018954018954,0.0,1.8954018954018954,0.0,0.0,0.0,0.0,11,9,0.0,0
statsbomb,1,43,1,2022,33,30,3566,124506,92.85,95,2,7,8.723747980613894,79.41176470588235,66.66666666666666,0.021052631578947368,5.815831987075929,0.9693053311793215,0.0,0.0,4.846526655896607,0.030855335,0.0,0.02990824071082391,11,3,0.0,0
statsbomb,1,43,1,2022,33,30,3566,124514,94.96666666666667,126,3,17,18.954018954018956,70.45454545454545,0.0,0.0,10.424710424710424,0.9477009477009477,0.0,0.0,1.8954018954018954,0.0,0.0,0.0,16,9,0.0,2
statsbomb,1,43,1,2022,33,30,3566,124900,92.98333333333333,109,7,4,10.64706936727012,76.92307692307693,60.0,0.045871559633027525,10.64706936727012,5.807492382147338,0.9679153970245563,0.9679153970245563,5.807492382147338,0.0,0.0,0.0,7,2,0.0,1
statsbomb,1,43,1,2022,33,30,3566,124901,21.9,13,0,0,0.0,75.0,0.0,0.0,16.438356164383563,0.0,0.0,0.0,4.109589041095891,0.045332674,0.0,0.18629866027397263,0,0,0.0,0
statsbomb,1,43,1,2022,33,30,3566,124909,19.65,14,1,1,9.160305343511451,50.0,0.0,0.0,22.90076335877863,0.0,0.0,0.0,0.0,0.0,0.0,0.0,2,1,0.0,1
statsbomb,1,43,1,2022,33,30,3566,40784,95.96666666666667,134,1,5,5.62695380340396,91.66666666666666,40.0,0.029850746268656716,6.56477943730462,0.93782563390066,0.0,0.0,3.75130253560264,0.009109482,0.0,0.008543105731156653,9,2,0.0,2
statsbomb,1,43,1,2022,34,24,783,,97.91666666666667,0,0,0,0.0,0.0,0.0,0.0,0.0,0.0,0.0,0.0,0.0,0.0,0.0,0.0,0,0,0.0,0
statsbomb,1,43,1,2022,34,24,783,28729,11.766666666666667,36,0,0,0.0,83.33333333333334,0.0,0.027777777777777776,30.594900849858355,0.0,0.0,0.0,0.0,0.0,0.0,0.0,6,0,0.0,0
statsbomb,1,43,1,2022,34,24,783,32478,94.98333333333333,81,4,6,9.475346552026672,59.09090909090909,100.0,0.04938271604938271,7.580277241621337,2.842603965608001,0.9475346552026671,0.0,0.9475346552026671,0.028178101,0.0,0.02669972721530093,12,2,0.0,1
statsbomb,1,43,1,2022,34,24,783,34476,11.983333333333333,22,2,2,30.04172461752434,88.88888888888889,0.0,0.0,15.02086230876217,0.0,0.0,0.0,0.0,0.0,0.0,0.0,2,1,0.0,1
statsbomb,1,43,1,2022,34,24,783,36288,85.98333333333333,80,3,1,4.186857918201202,80.0,0.0,0.0625,8.373715836402404,2.093428959100601,1.0467144795503005,1.0467144795503005,4.186857918201202,0.0,0.0,0.0,12,1,0.0,0
statsbomb,1,43,1,2022,34,24,783,36710,92.93333333333334,46,0,15,14.52654232424677,82.6086956521739,0.0,0.0,0.0,0.0,0.0,0.0,0.9684361549497847,0.0,0.0,0.0,2,2,0.0,0
statsbomb,1,43,1,2022,34,24,783,4319,30.933333333333334,28,1,0,2.9094827586206895,100.0,0.0,0.03571428571428571,8.728448275862068,2.9094827586206895,0.0,0.0,2.9094827586206895,0.10494056,0.0,0.30532275,2,1,0.0,0
statsbomb,1,43,1,2022,34,24,783,5246,63.95,47,0,3,4.222048475371384,53.84615384615385,0.0,0.0851063829787234,7.036747458952306,1.4073494917904612,0.0,0.0,1.4073494917904612,0.0,0.0,0.0,6,0,0.0,0
statsbomb,1,43,1,2022,34,24,783,5248,92.98333333333333,193,2,26,27.101631116687578,85.18518518518519,100.0,0.0,8.711238573221006,0.9679153970245563,0.0,1.9358307940491126,2.903746191073669,0.0,0.0,0.0,16,10,0.0,1
statsbomb,1,43,1,2022,34,24,783,5249,91.98333333333333,202,2,16,17.611886211270157,88.0,0.0,0.0,6.849066859938395,0.9784381228483421,0.0,0.9784381228483421,1.9568762456966842,0.054689027,0.0,0.0535098289182823,11,11,0.0,3
statsbomb,1,43,1,2022,34,24,783,5255,77.98333333333333,108,2,11,15.00320581320795,82.5,0.0,0.027777777777777776,15.00320581320795,0.0,0.0,3.46227826458645,5.77046377431075,0.052239094,0.0,0.06028875990596281,10,6,0.0,2
statsbomb,1,43,1,2022,34,24,783,5259,95.98333333333333,212,6,35,38.44417433582219,86.07594936708861,0.0,0.0047169811320754715,3.75065115471436,3.75065115471436,0.93766278867859,1.87532557735718,2.81298836603577,0.046385217,0.0,0.04349369192568154,21,17,0.0,2
statsbomb,1,43,1,2022,34,24,783,5260,96.98333333333333,221,4,22,24.12785702010655,87.17948717948718,50.0,0.00904977375565611,11.135934009279946,3.711978003093315,0.9279945007733288,3.711978003093315,4.639972503866644,0.052523207,0.0,0.04874124725897921,15,9,0.0,2
statsbomb,1,43,1,2022,34,24,783,5264,8.383333333333333,9,1,2,32.20675944333996,100.0,0.0,0.0,0.0,10.735586481113321,0.0,0.0,0.0,0.0,0.0,0.0,3,1,0.0,0
statsbomb,1,43,1,2022,34,24,783,6773,94.98333333333333,171,6,19,23.68836638006668,83.60655737704919,50.0,0.005847953216374269,13.265485172837339,7.580277241621337,0.0,0.9475346552026671,6.6327425864186695,0.078339126,0.0,0.07422903674328829,22,13,0.0,1
statsbomb,1,43,1,2022,34,24,783,7104,78.96666666666667,112,3,13,18.235542422963274,83.33333333333334,0.0,0.017857142857142856,14.81637821865766,2.2794428028704092,0.0,3.4191642043056136,4.5588856057408185,0.0,0.0,0.0,21,6,0.0,2
statsbomb,1,43,1,2022,34,14,791,,97.91666666666667,0,0,0,0.0,0.0,0.0,0.0,0.0,0.0,0.0,0.0,0.0,0.0,0.0,0.0,0,0,0.0,0
statsbomb,1,43,1,2022,34,14,791,22740,22.983333333333334,33,2,3,19.579405366207396,88.88888888888889,100.0,0.0,15.663524292965917,7.8317621464829585,0.0,0.0,7.8317621464829585,0.023162797,0.0,0.09070275837563452,4,3,0.0,0
statsbomb,1,43,1,2022,34,14,791,23763,96.98333333333333,174,4,25,26.911840522426534,74.19354838709677,0.0,0.017241379310344827,9.279945007733287,3.711978003093315,0.0,1.8559890015466576,7.42395600618663,0.030101088999999998,0.0,0.027933645059288536,33,14,0.0,1
statsbomb,1,43,1,2022,34,14,791,29966,73.98333333333333,51,0,1,1.216490200495607,75.0,100.0,0.0784313725490196,10.948411804460463,0.0,0.0,0.0,2.432980400991214,0.323128,0.0,0.39308204550574455,3,0,0.0,1
statsbomb,1,43,1,2022,34,14,791,3083,95.96666666666667,108,3,5,7.50260507120528,63.33333333333333,33.33333333333333,0.046296296296296294,8.440430705105939,3.75130253560264,0.93782563390066,0.0,1.87565126780132,0.0335565,0.0,0.0314701458839875,24,3,0.0,1
statsbomb,1,43,1,2022,34,14,791,37641,95.93333333333334,61,2,22,22.515635858234884,63.63636363636363,0.0,0.0,0.0,0.0,0.0,0.0,2.8144544822793605,0.0,0.0,0.0,11,10,0.0,0
statsbomb,1,43,1,2022,34,14,791,40538,94.98333333333333,68,1,13,13.265485172837339,65.51724137931035,0.0,0.0,4.737673276013336,0.9475346552026671,0.9475346552026671,0.9475346552026671,0.0,0.0,0.0,0.0,13,4,0.0,0
statsbomb,1,43,1,2022,34,14,791,40542,21.916666666666668,30,1,1,8.212927756653992,57.14285714285714,0.0,0.03333333333333333,20.532319391634978,4.106463878326996,0.0,0.0,4.106463878326996,0.036145955,0.0,0.14843205855513306,6,2,0.0,1
statsbomb,1,43,1,2022,34,14,791,40558,22.883333333333333,33,0,4,15.7319737800437,76.92307692307693,0.0,0.0,3.932993445010925,0.0,0.0,0.0,0.0,0.0,0.0,0.0,5,3,0.0,0
statsbomb,1,43,1,2022,34,14,791,40672,95.96666666666667,139,6,17,21.56998957971518,82.53968253968253,0.0,0.02158273381294964,7.50260507120528,2.81347690170198,0.0,3.75130253560264,5.62695380340396,0.0,0.0,0.0,33,14,0.0,2
statsbomb,1,43,1,2022,34,14,791,41711,74.95,90,3,2,6.00400266844563,59.09090909090909,0.0,0.05555555555555555,19.212808539026017,3.6024016010673785,1.200800533689126,0.0,7.204803202134757,0.0,0.0,0.0,19,2,0.0,0
statsbomb,1,43,1,2022,34,14,791,43565,96.96666666666667,132,2,22,22.27569611550361,84.61538461538461,0.0,0.0,2.7844620144379513,1.8563080096253008,0.9281540048126504,0.9281540048126504,1.8563080096253008,0.046898182,0.0,0.04352873544173255,10,6,0.0,0
statsbomb,1,43,1,2022,34,14,791,5604,94.98333333333333,112,2,22,22.74083172486401,76.74418604651163,0.0,0.0,1.8950693104053342,1.8950693104053342,0.0,0.9475346552026671,1.8950693104053342,0.0,0.0,0.0,12,11,0.0,0
statsbomb,1,43,1,2022,34,14,791,5618,96.98333333333333,144,2,15,15.77590651314659,80.7017543859649,0.0,0.0,12.063928510053275,0.9279945007733288,0.9279945007733288,2.7839835023199866,4.639972503866644,0.0,0.0,0.0,19,8,0.0,3
statsbomb,1,43,1,2022,34,14,791,5623,71.98333333333333,97,2,4,7.501736513081732,91.42857142857143,0.0,0.010309278350515464,22.505209539245197,2.5005788376939106,0.0,1.2502894188469553,3.750868256540866,0.0,0.0,0.0,11,3,0.0,6
statsbomb,1,43,1,2022,35,2,777,,96.28333333333333,0,0,0,0.0,0.0,0.0,0.0,0.0,0.0,0.0,0.0,0.0,0.0,0.0,0.0,0,0,0.0,0
statsbomb,1,43,1,2022,35,2,777,105943,93.95,48,0,17,16.285258116019158,65.21739130434783,0.0,0.0,0.0,0.0,0.0,0.0,0.9579563597658328,0.0,0.0,0.0,2,2,0.0,0
statsbomb,1,43,1,2022,35,2,777,105944,21.966666666666665,38,3,4,28.679817905918057,72.22222222222221,0.0,0.0,0.0,8.19423368740516,0.0,0.0,4.09711684370258,0.0,0.0,0.0,6,3,0.0,0
statsbomb,1,43,1,2022,35,2,777,128793,19.933333333333334,11,1,0,4.51505016722408,100.0,0.0,0.0,13.545150501672241,4.51505016722408,0.0,0.0,13.545150501672241,0.012915949,0.0,0.05831615769230769,1,1,0.0,0
statsbomb,1,43,1,2022,35,2,777,16352,72.96666666666667,65,1,0,1.2334399269072636,73.33333333333333,50.0,0.046153846153846156,9.867519415258108,2.466879853814527,0.0,0.0,3.7003197807217907,0.0,0.0,0.0,8,1,0.0,1
statsbomb,1,43,1,2022,35,2,777,23910,95.98333333333333,147,8,12,18.7532557735718,71.11111111111111,50.0,0.02040816326530612,11.25195346414308,6.5636395207501295,0.0,0.0,4.68831394339295,0.502950957,0.0,0.47159839690918565,23,8,0.0,2
statsbomb,1,43,1,2022,35,2,777,30681,95.98333333333333,148,3,23,24.37923250564334,71.875,0.0,0.02702702702702703,11.25195346414308,1.87532557735718,0.0,2.81298836603577,7.50130230942872,0.0,0.0,0.0,21,6,0.0,3
statsbomb,1,43,1,2022,35,2,777,3196,28.766666666666666,34,1,4,15.643105446118193,40.0,0.0,0.029411764705882353,12.514484356894554,3.1286210892236386,0.0,0.0,6.257242178447277,0.114067132,0.0,0.35687283476245657,5,3,0.0,1
statsbomb,1,43,1,2022,35,2,777,32450,94.98333333333333,148,4,18,20.845762414458676,89.65517241379311,100.0,0.0,8.527811896824003,5.685207931216002,0.9475346552026671,0.0,8.527811896824003,0.012159805,0.0,0.011521836638006667,13,10,0.0,4
statsbomb,1,43,1,2022,35,2,777,3557,95.98333333333333,124,6,14,18.7532557735718,62.5,50.0,0.04838709677419355,14.06494183017885,5.62597673207154,0.93766278867859,0.0,3.75065115471436,0.1403044,0.0,0.13155821496787637,29,7,0.0,0
statsbomb,1,43,1,2022,35,2,777,3767,95.98333333333333,148,3,21,22.50390692828616,85.96491228070175,0.0,0.013513513513513514,13.127279041500259,2.81298836603577,0.0,1.87532557735718,9.3766278867859,0.0,0.0,0.0,14,7,0.0,3
statsbomb,1,43,1,2022,35,2,777,44955,66.98333333333333,84,0,11,14.779795969146553,77.41935483870968,0.0,0.011904761904761904,13.436178153769593,0.0,0.0,0.0,8.061706892261757,0.0,0.0,0.0,13,5,0.0,3
statsbomb,1,43,1,2022,35,2,777,5650,49.983333333333334,88,1,13,25.208402800933644,78.125,50.0,0.011363636363636364,19.80660220073358,3.601200400133378,1.800600200066689,0.0,9.003001000333445,0.020219443,0.0,0.036407133111037014,10,7,0.0,3
statsbomb,1,43,1,2022,35,2,777,5651,95.98333333333333,207,4,25,27.19222087167911,78.75,50.0,0.00966183574879227,8.43896509810731,2.81298836603577,0.0,0.0,9.3766278867859,0.0,0.0,0.0,18,14,0.0,4
statsbomb,1,43,1,2022,35,2,777,5655,72.98333333333333,134,2,16,22.196848595569765,83.33333333333334,0.0,0.0,9.86526604247545,2.4663165106188627,0.0,1.2331582553094314,4.932633021237725,0.0,0.0,0.0,10,6,0.0,1
statsbomb,1,43,1,2022,35,2,777,9236,49.93333333333333,53,1,7,14.419225634178906,60.0,100.0,0.018867924528301886,10.814419225634179,1.8024032042723632,0.0,3.6048064085447264,3.6048064085447264,0.249552659,0.0,0.4497945122162884,8,1,0.0,1
statsbomb,1,43,1,2022,35,7,792,,96.61666666666666,0,0,0,0.0,0.0,0.0,0.0,0.0,0.0,0.0,0.0,0.0,0.0,0.0,0.0,0,0,0.0,0
statsbomb,1,43,1,2022,35,7,792,15957,17.966666666666665,10,0,5,25.046382189239335,71.42857142857143,0.0,0.0,10.018552875695734,0.0,0.0,0.0,0.0,0.0,0.0,0.0,3,1,0.0,0
statsbomb,1,43,1,2022,35,7,792,22293,93.95,73,0,20,19.159127195316657,73.52941176470588,0.0,0.0,4.789781798829164,0.9579563597658328,0.0,0.0,0.9579563597658328,0.0,0.0,0.0,11,10,0.0,3
statsbomb,1,43,1,2022,35,7,792,24475,10.95,9,1,0,8.219178082191782,100.0,0.0,0.2222222222222222,8.219178082191782,8.219178082191782,0.0,8.219178082191782,0.0,0.0,0.0,0.0,0,1,0.0,0
statsbomb,1,43,1,2022,35,7,792,28370,74.96666666666667,82,2,18,24.01067140951534,58.97435897435898,0.0,0.012195121951219513,9.604268563806135,2.401067140951534,1.200533570475767,1.200533570475767,7.203201422854601,0.05547327569999999,0.0,0.06659752974210759,19,7,0.0,2
statsbomb,1,43,1,2022,35,7,792,3240,84.95,68,1,32,34.96174220129488,50.0,0.0,0.0,0.0,2.1188934667451442,0.0,0.0,6.356680400235433,0.0,0.0,0.0,13,12,0.0,0
statsbomb,1,43,1,2022,35,7,792,3281,92.98333333333333,120,5,22,26.13371571966302,74.50980392156863,0.0,0.008333333333333333,12.582900161319232,2.903746191073669,0.9679153970245563,0.9679153970245563,8.711238573221006,0.039191317,0.0,0.03793387915397024,21,13,0.0,2
statsbomb,1,43,1,2022,35,7,792,33477,63.93333333333333,71,1,2,4.223149113660063,70.0,0.0,0.014084507042253521,18.30031282586027,0.0,0.0,1.407716371220021,1.407716371220021,0.0,0.0,0.0,13,1,0.0,0
statsbomb,1,43,1,2022,35,7,792,33488,10.983333333333333,14,1,2,24.582701062215477,60.0,0.0,0.0,24.582701062215477,16.38846737481032,0.0,0.0,8.19423368740516,0.0,0.0,0.0,4,2,0.0,1
statsbomb,1,43,1,2022,35,7,792,33492,63.983333333333334,74,3,4,9.846314144308414,55.55555555555556,100.0,0.02702702702702703,8.43969783797864,4.21984891898932,0.0,0.0,5.626465225319094,0.188942116,0.0,0.26576906131805156,10,2,0.0,1
statsbomb,1,43,1,2022,35,7,792,33495,86.96666666666667,67,0,13,13.453430433116136,78.78787878787878,0.0,0.0,12.41855116903028,0.0,0.0,1.0348792640858566,1.0348792640858566,0.0,0.0,0.0,3,2,0.0,0
statsbomb,1,43,1,2022,35,7,792,5479,95.96666666666667,107,1,17,16.880861410211878,66.66666666666666,100.0,0.018691588785046728,4.6891281695033,2.81347690170198,0.93782563390066,0.93782563390066,5.62695380340396,0.0,0.0,0.0,17,9,0.0,0
statsbomb,1,43,1,2022,35,7,792,5481,84.96666666666667,110,4,7,11.651628089446842,71.42857142857143,0.0,0.045454545454545456,20.12553942722636,4.2369556688897605,1.0592389172224401,0.0,3.1777167516673206,0.0,0.0,0.0,17,5,0.0,3
statsbomb,1,43,1,2022,35,7,792,5490,95.98333333333333,71,1,8,8.43896509810731,93.75,0.0,0.014084507042253521,13.127279041500259,0.93766278867859,0.93766278867859,2.81298836603577,1.87532557735718,0.07543106,0.0,0.07072889807258204,8,4,0.0,2
statsbomb,1,43,1,2022,35,7,792,8346,82.96666666666667,101,4,10,15.186822016874247,63.63636363636363,0.0,0.009900990099009901,9.76295701084773,3.25431900361591,0.0,1.0847730012053034,3.25431900361591,0.0,0.0,0.0,17,6,0.0,1
statsbomb,1,43,1,2022,35,7,792,8859,30.966666666666665,49,1,2,8.719052744886977,84.61538461538461,0.0,0.061224489795918366,29.06350914962325,5.8127018299246505,0.0,0.0,5.8127018299246505,0.0,0.0,0.0,4,1,0.0,2
statsbomb,1,43,1,2022,35,7,792,9980,29.933333333333334,29,1,1,6.013363028953229,50.0,0.0,0.0,21.046770601336302,3.0066815144766146,0.0,3.0066815144766146,0.0,0.0,0.0,0.0,6,1,0.0,0
statsbomb,1,43,1,2022,36,18,779,,96.6,0,0,0,0.0,0.0,0.0,0.0,0.0,0.0,0.0,0.0,0.0,0.0,0.0,0.0,0,0,0.0,0
statsbomb,1,43,1,2022,36,18,779,11456,62.983333333333334,42,0,1,1.4289494575284467,42.857142857142854,100.0,0.09523809523809523,8.57369674517068,1.4289494575284467,0.0,0.0,1.4289494575284467,0.13799548,0.0,0.19718856628737763,2,1,0.0,1
statsbomb,1,43,1,2022,36,18,779,19597,96.98333333333333,95,4,7,10.207939508506616,75.67567567567568,0.0,0.021052631578947368,11.135934009279946,4.639972503866644,0.0,0.9279945007733288,2.7839835023199866,0.0,0.0,0.0,11,1,0.0,2
statsbomb,1,43,1,2022,36,18,779,20572,23.933333333333334,10,0,1,3.7604456824512535,100.0,0.0,0.0,7.520891364902507,0.0,0.0,3.7604456824512535,3.7604456824512535,0.0,0.0,0.0,1,1,0.0,0
statsbomb,1,43,1,2022,36,18,779,26404,55.983333333333334,165,3,21,38.58291158082763,87.09677419354838,0.0,0.0,9.645727895206907,4.822863947603453,0.0,0.0,1.6076213158678179,0.0,0.0,0.0,8,4,0.0,1
statsbomb,1,43,1,2022,36,18,779,27768,96.98333333333333,147,4,24,25.983846021653207,87.5,0.0,0.0,5.567967004639973,1.8559890015466576,0.0,0.9279945007733288,0.9279945007733288,0.0,0.0,0.0,11,11,0.0,0
statsbomb,1,43,1,2022,36,18,779,27886,67.95,112,4,6,13.24503311258278,89.47368421052632,100.0,0.0,9.271523178807946,6.62251655629139,0.0,1.324503311258278,1.324503311258278,0.0,0.0,0.0,15,7,0.0,0
statsbomb,1,43,1,2022,36,18,779,28263,62.983333333333334,141,4,8,17.14739349034136,92.45283018867924,0.0,0.02127659574468085,14.289494575284467,2.8578989150568934,0.0,0.0,1.4289494575284467,0.0,0.0,0.0,8,2,0.0,0
statsbomb,1,43,1,2022,36,18,779,28268,26.95,16,0,1,3.339517625231911,100.0,0.0,0.0,10.018552875695732,0.0,0.0,0.0,10.018552875695732,0.0,0.0,0.0,2,0,0.0,0
statsbomb,1,43,1,2022,36,18,779,29201,32.86666666666667,30,0,4,10.953346855983773,76.92307692307693,0.0,0.0,2.738336713995943,0.0,0.0,0.0,5.476673427991886,0.050896797,0.0,0.13937256784989857,4,0,0.0,0
statsbomb,1,43,1,2022,36,18,779,29560,30.983333333333334,30,3,1,11.619150080688541,75.0,0.0,0.03333333333333333,20.333512641204948,5.809575040344271,0.0,0.0,2.9047875201721354,0.0,0.0,0.0,6,2,0.0,0
statsbomb,1,43,1,2022,36,18,779,2995,68.98333333333333,111,10,3,16.960618506885723,72.41379310344827,57.14285714285714,0.036036036036036036,7.827977772408795,9.132640734476928,0.0,0.0,1.3046629620681325,0.0,0.0,0.0,18,4,0.0,0
statsbomb,1,43,1,2022,36,18,779,3090,95.98333333333333,216,1,30,29.06754644903629,90.47619047619048,0.0,0.0,11.25195346414308,2.81298836603577,0.93766278867859,0.93766278867859,1.87532557735718,0.0,0.0,0.0,9,6,0.0,2
statsbomb,1,43,1,2022,36,18,779,38718,39.983333333333334,70,0,12,27.011254689453942,82.14285714285714,100.0,0.0,13.505627344726971,2.2509378907878284,0.0,0.0,6.7528136723634855,0.035064373,0.0,0.07892772580241768,11,4,0.0,0
statsbomb,1,43,1,2022,36,18,779,5503,94.98333333333333,159,7,8,14.213019828040007,84.44444444444444,66.66666666666666,0.018867924528301886,11.370415862432004,5.685207931216002,0.0,0.0,3.7901386208106684,0.101247489,0.0,0.09593550457975082,23,9,0.0,1
statsbomb,1,43,1,2022,36,18,779,6909,96.98333333333333,52,1,17,16.703901013919918,66.66666666666666,0.0,0.0,0.0,0.0,0.0,0.0,2.7839835023199866,0.0,0.0,0.0,6,6,0.0,0
statsbomb,1,43,1,2022,36,18,779,7797,93.98333333333333,189,10,12,21.067565171129633,87.14285714285714,0.0,0.031746031746031744,12.449015782940236,9.576165986877106,0.9576165986877105,0.0,5.745699592126263,0.0,0.0,0.0,21,9,0.0,1
statsbomb,1,43,1,2022,36,11,794,,96.6,0,0,0,0.0,0.0,0.0,0.0,0.0,0.0,0.0,0.0,0.0,0.0,0.0,0.0,0,0,0.0,0
statsbomb,1,43,1,2022,36,11,794,11388,92.96666666666667,134,2,24,25.170311939763355,83.92857142857143,0.0,0.0,4.840444603800646,2.904266762280387,0.0,1.9361778415202582,5.808533524560774,0.0,0.0,0.0,18,13,0.0,1
statsbomb,1,43,1,2022,36,11,794,15452,29.933333333333334,27,1,0,3.0066815144766146,50.0,100.0,0.037037037037037035,6.013363028953229,0.0,0.0,0.0,0.0,0.0,0.0,0.0,4,0,0.0,2
statsbomb,1,43,1,2022,36,11,794,15872,53.983333333333334,80,0,7,11.670268601420192,83.33333333333334,100.0,0.0,21.67335597406607,3.334362457548626,0.0,3.334362457548626,1.667181228774313,0.0,0.0,0.0,7,3,0.0,1
statsbomb,1,43,1,2022,36,11,794,26301,63.95,50,2,3,7.036747458952306,44.44444444444444,0.0,0.06,19.702892885066458,4.222048475371384,0.0,1.4073494917904612,7.036747458952306,0.0671939257,0.0,0.09456533718530101,6,3,0.0,0
statsbomb,1,43,1,2022,36,11,794,26368,85.98333333333333,154,3,18,21.98100407055631,86.20689655172413,100.0,0.006493506493506494,3.1401434386509015,3.1401434386509015,1.0467144795503005,0.0,1.0467144795503005,0.0988946,0.0,0.10351440976933515,8,6,0.0,1
statsbomb,1,43,1,2022,36,11,794,26375,23.983333333333334,38,4,3,26.268241834607366,54.54545454545454,0.0,0.02631578947368421,26.268241834607366,3.7526059763724806,0.0,0.0,3.7526059763724806,0.0,0.0,0.0,7,5,0.0,1
statsbomb,1,43,1,2022,36,11,794,28825,93.93333333333334,86,3,8,10.539389638041163,70.0,0.0,0.0,15.330021291696237,1.9162526614620297,0.0,1.9162526614620297,0.9581263307310148,0.0,0.0,0.0,13,4,0.0,2
statsbomb,1,43,1,2022,36,11,794,30500,65.96666666666667,52,0,2,2.7286508337544215,88.23529411764706,0.0,0.057692307692307696,8.185952501263264,0.0,0.0,5.457301667508843,1.3643254168772108,0.0,0.0,0.0,9,0,0.0,1
statsbomb,1,43,1,2022,36,11,794,5563,40.96666666666667,39,1,7,17.57526444263629,68.75,0.0,0.0,19.772172497965826,2.196908055329536,2.196908055329536,0.0,2.196908055329536,0.0,0.0,0.0,3,2,0.0,0
statsbomb,1,43,1,2022,36,11,794,5568,29.8,40,0,3,9.060402684563758,64.28571428571429,0.0,0.025,0.0,0.0,0.0,3.0201342281879193,0.0,0.0,0.0,0.0,10,1,0.0,0
statsbomb,1,43,1,2022,36,11,794,5571,72.98333333333333,58,5,3,9.86526604247545,42.857142857142854,0.0,0.06896551724137931,23.430006850879195,4.932633021237725,0.0,0.0,4.932633021237725,0.040303126,0.0,0.049700132541676184,6,6,0.0,6
statsbomb,1,43,1,2022,36,11,794,5573,92.96666666666667,121,4,20,23.234134098243096,81.25,0.0,0.0,4.840444603800646,0.9680889207601291,0.0,1.9361778415202582,3.8723556830405164,0.0,0.0,0.0,10,9,0.0,1
statsbomb,1,43,1,2022,36,11,794,5575,96.98333333333333,102,2,7,8.351950506959959,88.09523809523809,0.0,0.0196078431372549,18.559890015466575,1.8559890015466576,0.0,1.8559890015466576,5.567967004639973,0.0,0.0,0.0,10,3,0.0,4
statsbomb,1,43,1,2022,36,11,794,5576,95.98333333333333,67,1,11,11.25195346414308,71.42857142857143,0.0,0.0,26.254558083000518,0.93766278867859,0.0,0.0,1.87532557735718,0.0,0.0,0.0,5,4,0.0,5
statsbomb,1,43,1,2022,36,11,794,5577,90.96666666666667,63,1,18,18.798094540124588,70.96774193548387,0.0,0.0,0.0,0.9893733968486625,0.0,0.0,0.9893733968486625,0.0,0.0,0.0,4,2,0.0,0
statsbomb,1,43,1,2022,37,9,2722,,96.83333333333333,0,0,0,0.0,0.0,0.0,0.0,0.0,0.0,0.0,0.0,0.0,0.0,0.0,0.0,0,0,0.0,0
statsbomb,1,43,1,2022,37,9,2722,11174,19.783333333333335,23,0,1,4.549283909014322,75.0,100.0,0.0,0.0,0.0,0.0,0.0,4.549283909014322,0.0,0.0,0.0,6,1,0.0,0
statsbomb,1,43,1,2022,37,9,2722,13454,94.93333333333334,108,4,10,13.272471910112358,89.13043478260869,0.0,0.009259259259259259,14.220505617977528,3.792134831460674,0.0,2.8441011235955056,3.792134831460674,0.0,0.0,0.0,17,3,0.0,3
statsbomb,1,43,1,2022,37,9,2722,16015,6.55,9,1,1,27.480916030534353,66.66666666666666,0.0,0.1111111111111111,27.480916030534353,0.0,0.0,0.0,0.0,0.0,0.0,0.0,2,1,0.0,0
statsbomb,1,43,1,2022,37,9,2722,16346,95.98333333333333,149,5,31,33.75586039242924,66.66666666666666,0.0,0.006711409395973154,8.43896509810731,2.81298836603577,0.0,2.81298836603577,2.81298836603577,0.009452554,0.0,0.008863308143774961,26,14,0.0,1
statsbomb,1,43,1,2022,37,9,2722,28966,18.966666666666665,20,0,2,9.490333919156416,77.77777777777779,0.0,0.0,28.47100175746925,0.0,0.0,4.745166959578208,18.980667838312833,0.0,0.0,0.0,4,1,0.0,1
statsbomb,1,43,1,2022,37,9,2722,30016,67.98333333333333,100,2,11,17.210100514832067,85.71428571428571,100.0,0.0,19.857808286344692,2.647707771512626,0.0,1.323853885756313,1.323853885756313,0.08237888,0.0,0.10905760039225301,14,8,0.0,0
statsbomb,1,43,1,2022,37,9,2722,3141,92.98333333333333,168,6,17,22.262054131564796,93.33333333333333,100.0,0.011904761904761904,19.358307940491127,6.7754077791718945,0.0,2.903746191073669,1.9358307940491126,0.046351306,0.0,0.0448641427495967,21,9,0.0,2
statsbomb,1,43,1,2022,37,9,2722,3499,73.96666666666667,55,3,5,9.734114465975665,78.94736842105263,100.0,0.03636363636363636,12.167643082469581,2.4335286164939163,0.0,1.2167643082469581,6.083821541234791,0.0541181275,0.0,0.06584900597115818,11,4,0.0,1
statsbomb,1,43,1,2022,37,9,2722,3551,73.95,89,4,5,10.95334685598377,87.09677419354838,0.0,0.011235955056179775,12.170385395537524,7.3022312373225144,0.0,0.0,8.519269776876268,0.15900026,0.0,0.19350944421906693,10,4,0.0,2
statsbomb,1,43,1,2022,37,9,2722,3639,21.983333333333334,19,2,1,12.282031842304775,100.0,50.0,0.10526315789473684,57.316148597422284,8.188021228203183,0.0,0.0,4.094010614101592,0.0,0.0,0.0,2,1,0.0,1
statsbomb,1,43,1,2022,37,9,2722,4935,80.98333333333333,119,1,6,7.779378472936819,72.09302325581395,66.66666666666666,0.03361344537815126,13.336077382177404,1.111339781848117,0.0,0.0,2.222679563696234,0.016072592,0.0,0.01786211088701379,26,1,0.0,2
statsbomb,1,43,1,2022,37,9,2722,7426,90.98333333333333,130,6,17,22.751419673932954,86.66666666666667,100.0,0.007692307692307693,9.891921597362154,4.945960798681077,0.0,1.9783843194724309,3.9567686389448617,0.0,0.0,0.0,11,8,0.0,3
statsbomb,1,43,1,2022,37,9,2722,7472,94.98333333333333,166,1,20,19.89822775925601,88.33333333333333,100.0,0.0,9.475346552026672,0.9475346552026671,0.0,0.9475346552026671,5.685207931216002,0.24569963,0.0,0.2328089141954729,3,2,0.0,1
statsbomb,1,43,1,2022,37,9,2722,8064,94.93333333333334,136,8,29,35.07724719101123,73.33333333333333,0.0,0.0,0.0,5.688202247191011,0.0,0.0,2.8441011235955056,0.0,0.0,0.0,10,10,0.0,0
statsbomb,1,43,1,2022,37,9,2722,8591,93.98333333333333,128,1,12,12.449015782940236,94.11764705882352,0.0,0.0,11.491399184252526,0.0,0.0,0.0,8.618549388189395,0.0,0.0,0.0,8,4,0.0,4
statsbomb,1,43,1,2022,37,6,773,,96.83333333333333,0,0,0,0.0,0.0,0.0,0.0,0.0,0.0,0.0,0.0,0.0,0.0,0.0,0.0,0,0,0.0,0
statsbomb,1,43,1,2022,37,6,773,16026,70.98333333333333,101,4,7,13.946935900446114,91.17647058823529,0.0,0.009900990099009901,17.750645691476873,3.8037097910307582,0.0,0.0,1.2679032636769194,0.0,0.0,0.0,12,4,0.0,0
statsbomb,1,43,1,2022,37,6,773,29006,20.95,39,0,1,4.2959427207637235,81.81818181818183,0.0,0.05128205128205128,4.2959427207637235,0.0,0.0,0.0,4.2959427207637235,0.0,0.0,0.0,3,1,0.0,1
statsbomb,1,43,1,2022,37,6,773,29012,4.933333333333334,6,0,2,36.486486486486484,66.66666666666666,0.0,0.0,0.0,0.0,0.0,0.0,0.0,0.0,0.0,0.0,2,2,0.0,0
statsbomb,1,43,1,2022,37,6,773,30401,80.98333333333333,106,5,4,10.002058036633052,66.66666666666666,100.0,0.009433962264150943,17.781436509569872,7.779378472936819,0.0,0.0,4.445359127392468,0.1977995,0.0,0.21982245317966662,22,3,0.0,2
statsbomb,1,43,1,2022,37,6,773,3500,95.98333333333333,128,7,13,18.7532557735718,88.37209302325581,0.0,0.0078125,8.43896509810731,3.75065115471436,0.93766278867859,0.0,0.0,0.060987956,0.0,0.05718613689876715,17,9,0.0,1
statsbomb,1,43,1,2022,37,6,773,3533,71.98333333333333,116,5,13,22.505209539245197,60.97560975609756,0.0,0.0,8.752025931928687,3.750868256540866,0.0,1.2502894188469553,5.001157675387821,0.0,0.0,0.0,28,7,0.0,0
statsbomb,1,43,1,2022,37,6,773,50436,14.816666666666666,24,2,3,30.371203599550057,55.55555555555556,0.0,0.041666666666666664,24.296962879640045,12.148481439820022,6.074240719910011,0.0,6.074240719910011,0.0,0.0,0.0,7,2,0.0,0
statsbomb,1,43,1,2022,37,6,773,5543,20.966666666666665,22,1,1,8.585055643879175,80.0,0.0,0.045454545454545456,17.17011128775835,4.292527821939587,0.0,0.0,0.0,0.27028984,0.0,1.1602266581875995,2,0,0.0,0
statsbomb,1,43,1,2022,37,6,773,5544,89.98333333333333,141,3,20,23.004260048157064,85.96491228070175,0.0,0.014184397163120567,12.002222633821077,1.0001852194850898,0.0,0.0,3.0005556584552693,0.0,0.0,0.0,21,11,0.0,1
statsbomb,1,43,1,2022,37,6,773,5545,71.96666666666667,73,4,3,8.754052802223251,83.33333333333334,0.0,0.0547945205479452,18.75868457619268,5.002315886984715,0.0,1.2505789717461788,1.2505789717461788,0.55189455,0.0,0.69018771885132,10,2,0.0,2
statsbomb,1,43,1,2022,37,6,773,5549,95.96666666666667,170,10,28,35.63737408822508,89.23076923076924,0.0,0.0,8.440430705105939,12.19173324070858,0.0,0.93782563390066,2.81347690170198,0.15555824,0.0,0.145886505036471,12,10,0.0,1
statsbomb,1,43,1,2022,37,6,773,5550,88.96666666666667,73,0,16,16.185837392281755,91.17647058823529,0.0,0.0,0.0,0.0,0.0,0.0,3.034844511052829,0.0,0.0,0.0,3,0,0.0,0
statsbomb,1,43,1,2022,37,6,773,6983,92.98333333333333,166,2,15,16.454561749417458,92.1875,0.0,0.006024096385542169,20.326223337515682,2.903746191073669,0.0,0.9679153970245563,4.839576985122782,0.0,0.0,0.0,18,11,0.0,1
statsbomb,1,43,1,2022,37,6,773,7796,94.98333333333333,125,3,15,17.055623793648007,84.0,0.0,0.0,13.265485172837339,2.842603965608001,0.0,1.8950693104053342,1.8950693104053342,0.0,0.0,0.0,16,5,0.0,4
statsbomb,1,43,1,2022,37,6,773,8561,21.983333333333334,27,0,1,4.094010614101592,70.0,0.0,0.0,20.47005307050796,0.0,0.0,4.094010614101592,4.094010614101592,0.0,0.0,0.0,0,0,0.0,0
statsbomb,1,43,1,2022,37,6,773,8814,93.98333333333333,173,7,13,19.15233197375421,94.20289855072464,0.0,0.0,11.491399184252526,10.533782585564817,0.0,0.9576165986877105,3.830466394750842,0.19001445,0.0,0.18196099131051605,4,3,0.0,1
statsbomb,1,43,1,2022,38,4,772,,98.76666666666667,0,0,0,0.0,0.0,0.0,0.0,0.0,0.0,0.0,0.0,0.0,0.0,0.0,0.0,0,0,0.0,0
statsbomb,1,43,1,2022,38,4,772,11748,91.95,101,0,15,14.681892332789559,91.66666666666666,0.0,0.0,0.0,0.0,0.0,0.0,2.936378466557912,0.0,0.0,0.0,1,0,0.0,0
statsbomb,1,43,1,2022,38,4,772,133353,98.98333333333333,228,7,10,15.45714766795757,90.41095890410958,33.33333333333333,0.013157894736842105,12.729415726553292,6.364707863276646,0.0,0.0,4.546219902340462,0.056229107,0.0,0.051125977066846275,30,9,0.0,3
statsbomb,1,43,1,2022,38,4,772,16532,96.98333333333333,232,7,7,12.991923010826604,83.09859154929578,0.0,0.021551724137931036,5.567967004639973,6.495961505413302,0.0,0.0,3.711978003093315,0.748379587,0.0,0.694492141227015,37,6,0.0,1
statsbomb,1,43,1,2022,38,4,772,30486,55.95,253,5,22,43.43163538873995,97.70114942528735,0.0,0.007905138339920948,9.651474530831099,6.434316353887399,1.6085790884718498,0.0,4.825737265415549,0.0,0.0,0.0,33,15,0.0,1
statsbomb,1,43,1,2022,38,4,772,3477,32.78333333333333,43,2,2,10.981189628876463,77.77777777777779,0.0,0.023255813953488372,10.981189628876463,5.490594814438231,0.0,0.0,2.7452974072191156,0.22854048999999999,0.0,0.6274116146415862,7,3,0.0,1
statsbomb,1,43,1,2022,38,4,772,39161,33.983333333333334,97,6,8,37.07699852869053,96.875,0.0,0.0,5.296714075527219,13.241785188818048,0.0,0.0,5.296714075527219,0.0,0.0,0.0,11,4,0.0,1
statsbomb,1,43,1,2022,38,4,772,3957,98.98333333333333,286,7,21,25.458831453106583,93.39622641509435,100.0,0.006993006993006993,6.364707863276646,5.455463882808553,0.0,1.8184879609361846,1.8184879609361846,0.0,0.0,0.0,28,14,0.0,1
statsbomb,1,43,1,2022,38,4,772,4353,94.98333333333333,420,13,51,60.642217932970695,94.70198675496688,100.0,0.002380952380952381,2.842603965608001,10.422881207229338,0.0,0.0,1.8950693104053342,0.0,0.0,0.0,11,10,0.0,1
statsbomb,1,43,1,2022,38,4,772,5199,33.983333333333334,138,0,7,18.538499264345266,98.0,0.0,0.007246376811594203,5.296714075527219,5.296714075527219,0.0,2.6483570377636094,0.0,0.0,0.0,0.0,10,4,0.0,0
statsbomb,1,43,1,2022,38,4,772,5203,62.983333333333334,239,1,17,25.72109023551204,91.66666666666666,0.0,0.0,14.289494575284467,1.4289494575284467,1.4289494575284467,2.8578989150568934,1.4289494575284467,0.0,0.0,0.0,22,5,0.0,1
statsbomb,1,43,1,2022,38,4,772,5211,63.983333333333334,310,8,24,45.01172180255275,93.27731092436974,100.0,0.0,5.626465225319094,5.626465225319094,0.0,2.813232612659547,5.626465225319094,0.0,0.0,0.0,32,11,0.0,0
statsbomb,1,43,1,2022,38,4,772,5719,67.98333333333333,139,3,2,6.619269428781564,85.0,66.66666666666666,0.02877697841726619,11.914684971806816,5.295415543025252,0.0,0.0,5.295415543025252,0.391805705,0.0,0.5186935050257416,24,1,0.0,2
statsbomb,1,43,1,2022,38,4,772,6583,40.983333333333334,131,5,8,28.54819032126881,97.72727272727273,0.0,0.007633587786259542,2.1960146400976006,8.784058560390402,0.0,0.0,8.784058560390402,0.448478854,0.0,0.9848661291581944,10,5,0.0,0
statsbomb,1,43,1,2022,38,4,772,6748,56.93333333333333,93,2,1,4.742388758782202,76.0,0.0,0.03225806451612903,9.484777517564403,1.5807962529274007,0.0,0.0,6.323185011709603,0.88848973,0.0,1.404521235948478,13,0,0.0,2
statsbomb,1,43,1,2022,38,4,772,6765,97.98333333333333,383,14,40,49.60027215512842,97.88732394366197,0.0,0.0,1.8370471168566083,8.266712025854737,0.0,0.0,2.7555706752849125,0.0,0.0,0.0,14,13,0.0,1
statsbomb,1,43,1,2022,38,4,772,68574,25.95,39,2,1,10.404624277456648,77.77777777777779,66.66666666666666,0.05128205128205128,13.872832369942197,3.468208092485549,0.0,0.0,10.404624277456648,0.0,0.0,0.0,5,0,0.0,0
statsbomb,1,43,1,2022,38,31,795,,98.98333333333333,0,0,0,0.0,0.0,0.0,0.0,0.0,0.0,0.0,0.0,0.0,0.0,0.0,0.0,0,0,0.0,0
statsbomb,1,43,1,2022,38,31,795,108340,25.983333333333334,19,0,2,6.927517639512508,100.0,0.0,0.0,38.101347017318794,0.0,0.0,0.0,6.927517639512508,0.0,0.0,0.0,0,0,0.0,0
statsbomb,1,43,1,2022,38,31,795,130185,91.88333333333334,43,2,5,6.856520950480681,66.66666666666666,0.0,0.023255813953488372,17.63105387266461,1.9590059858516233,0.0,3.9180119717032467,0.9795029929258117,0.0,0.0,0.0,7,3,0.0,1
statsbomb,1,43,1,2022,38,31,795,132271,42.983333333333334,26,0,7,14.6568437378829,71.42857142857143,0.0,0.038461538461538464,25.126017836370686,0.0,0.0,0.0,4.187669639395114,0.0,0.0,0.0,2,1,0.0,1
statsbomb,1,43,1,2022,38,31,795,132296,58.983333333333334,20,0,1,1.5258547612319864,71.42857142857143,0.0,0.05,21.36196665724781,1.5258547612319864,1.5258547612319864,1.5258547612319864,3.0517095224639728,0.0,0.0,0.0,2,1,0.0,0
statsbomb,1,43,1,2022,38,31,795,132728,58.85,28,4,1,7.646559048428207,80.0,50.0,0.10714285714285714,22.939677145284623,6.117247238742566,0.0,0.0,3.058623619371283,0.0,0.0,0.0,5,2,0.0,0
statsbomb,1,43,1,2022,38,31,795,15477,12.883333333333333,30,0,4,27.94307891332471,75.0,0.0,0.0,20.957309184993534,0.0,0.0,0.0,0.0,0.0,0.0,0.0,3,3,0.0,0
statsbomb,1,43,1,2022,38,31,795,184468,33.95,20,0,1,2.6509572901325478,100.0,0.0,0.05,15.905743740795288,0.0,0.0,0.0,0.0,0.0,0.0,0.0,2,1,0.0,0
statsbomb,1,43,1,2022,38,31,795,5581,93.96666666666667,74,2,6,7.662291592763391,75.0,0.0,0.05405405405405406,12.45122383824051,2.8733593472862715,0.0,0.0,2.8733593472862715,0.0,0.0,0.0,10,6,0.0,1
statsbomb,1,43,1,2022,38,31,795,5582,69.96666666666667,42,0,7,9.004287756074321,84.21052631578947,0.0,0.0,11.576941400666984,1.2863268222963316,0.0,1.2863268222963316,3.858980466888995,0.0,0.0,0.0,6,2,0.0,0
statsbomb,1,43,1,2022,38,31,795,5592,36.95,34,0,4,9.742895805142084,84.61538461538461,100.0,0.0,7.307171853856563,2.435723951285521,2.435723951285521,0.0,2.435723951285521,0.0,0.0,0.0,2,2,0.0,0
statsbomb,1,43,1,2022,38,31,795,5597,93.96666666666667,40,0,18,17.24015608371763,56.00000000000001,0.0,0.0,0.9577864490954239,0.0,0.0,0.0,3.8311457963816955,0.0,0.0,0.0,4,3,0.0,0
statsbomb,1,43,1,2022,38,31,795,5598,91.98333333333333,58,0,14,13.69813371987679,74.07407407407408,0.0,0.0,10.762819351331762,0.0,0.0,0.9784381228483421,1.9568762456966842,0.0,0.0,0.0,7,6,0.0,1
statsbomb,1,43,1,2022,38,31,795,5600,93.98333333333333,64,2,16,17.23709877637879,69.23076923076923,100.0,0.03125,10.533782585564817,1.915233197375421,2.8728497960631314,0.0,2.8728497960631314,0.0,0.0,0.0,4,4,0.0,0
statsbomb,1,43,1,2022,38,31,795,5836,81.98333333333333,48,1,7,8.782272819678797,68.42105263157895,0.0,0.0625,8.782272819678797,1.0977841024598496,0.0,1.0977841024598496,1.0977841024598496,0.0,0.0,0.0,3,1,0.0,2
statsbomb,1,43,1,2022,38,31,795,5839,93.98333333333333,36,0,5,4.788082993438553,63.1578947368421,0.0,0.027777777777777776,12.449015782940236,0.0,0.0,0.0,1.915233197375421,0.0,0.0,0.0,4,2,0.0,1
statsbomb,1,43,1,2022,38,31,795,6328,45.96666666666667,28,0,5,9.789702683103698,78.57142857142857,0.0,0.0,1.9579405366207396,0.0,1.9579405366207396,1.9579405366207396,1.9579405366207396,0.0,0.0,0.0,2,2,0.0,0
statsbomb,1,43,1,2022,39,16,770,,100.96666666666667,0,0,0,0.0,0.0,0.0,0.0,0.0,0.0,0.0,0.0,0.0,0.0,0.0,0.0,0,0,0.0,0
statsbomb,1,43,1,2022,39,16,770,10287,52.983333333333334,206,7,20,45.86347908147216,92.20779220779221,0.0,0.0,10.191884240327147,1.6986473733878578,0.0,0.0,6.794589493551431,0.0,0.0,0.0,31,15,0.0,0
statsbomb,1,43,1,2022,39,16,770,12034,64.98333333333333,163,4,7,15.234675557835342,81.69014084507043,0.0,0.0,18.00461656835086,4.154911515773275,0.0,0.0,6.924852526288792,0.0,0.0,0.0,39,6,0.0,3
statsbomb,1,43,1,2022,39,16,770,3053,93.96666666666667,145,3,11,13.409010287335935,87.2340425531915,50.0,0.013793103448275862,12.45122383824051,4.7889322454771195,0.9577864490954239,0.9577864490954239,2.8733593472862715,0.18344244999999998,0.0,0.17569869279886483,32,8,0.0,0
statsbomb,1,43,1,2022,39,16,770,3167,98.98333333333333,225,4,41,40.915979121064154,93.02325581395348,0.0,0.0,7.273951843744738,5.455463882808553,0.0,0.0,9.092439804680923,0.41498688,0.0,0.37732432261323456,26,21,0.0,1
statsbomb,1,43,1,2022,39,16,770,39565,99.98333333333333,219,15,9,21.603600600100016,77.35849056603774,72.22222222222221,0.0410958904109589,14.402400400066677,9.001500250041673,0.0,0.9001500250041673,9.001500250041673,0.598476109,0.0,0.5387182844807468,51,12,0.0,3
statsbomb,1,43,1,2022,39,16,770,5562,65.98333333333333,66,0,4,5.455923212932559,73.68421052631578,0.0,0.030303030303030304,24.551654458196516,0.0,0.0,1.3639808032331397,1.3639808032331397,0.270048914,0.0,0.36834153462995706,13,0,0.0,1
statsbomb,1,43,1,2022,39,16,770,5570,97.96666666666667,64,0,24,22.048315753657707,100.0,0.0,0.0,0.0,0.0,0.0,0.0,2.7560394692072134,0.0,0.0,0.0,2,0,0.0,0
statsbomb,1,43,1,2022,39,16,770,5579,99.98333333333333,343,14,37,45.90765127521253,86.66666666666667,0.0,0.0,7.201200200033338,10.801800300050008,0.0,4.500750125020836,7.201200200033338,0.011488004,0.0,0.010340927087847973,63,28,0.0,1
statsbomb,1,43,1,2022,39,16,770,6322,93.98333333333333,272,8,43,48.83844653307324,94.1747572815534,0.0,0.0,9.576165986877106,3.830466394750842,0.0,0.0,0.9576165986877105,0.0,0.0,0.0,30,24,0.0,0
statsbomb,1,43,1,2022,39,16,770,6324,42.983333333333334,68,1,5,12.563008918185343,83.33333333333334,0.0,0.0,8.375339278790229,2.093834819697557,0.0,0.0,0.0,0.33539641,0.0,0.7022646816595579,12,4,0.0,0
statsbomb,1,43,1,2022,39,16,770,8227,32.96666666666667,34,2,1,8.190091001011123,100.0,0.0,0.029411764705882353,38.22042467138524,0.0,0.0,0.0,2.730030333670374,0.066507556,0.0,0.1815676452982811,7,1,0.0,4
statsbomb,1,43,1,2022,39,16,770,8400,96.98333333333333,142,3,6,8.351950506959959,77.77777777777779,33.33333333333333,0.02112676056338028,12.063928510053275,2.7839835023199866,0.0,1.8559890015466576,7.42395600618663,0.22596979700000003,0.0,0.20969872895686548,33,0,0.0,0
statsbomb,1,43,1,2022,39,16,770,8507,53.95,95,2,7,15.013901760889713,100.0,0.0,0.0,15.013901760889713,1.6682113067655235,0.0,0.0,0.0,0.0,0.0,0.0,10,5,0.0,1
statsbomb,1,43,1,2022,39,16,770,8546,42.95,40,2,1,6.286379511059371,57.14285714285714,0.0,0.0,4.190919674039581,4.190919674039581,0.0,0.0,0.0,1.054489313,0.0,2.2096400039580906,7,2,0.0,1
statsbomb,1,43,1,2022,39,16,770,8808,5.833333333333333,9,1,2,46.285714285714285,100.0,0.0,0.0,15.428571428571429,15.428571428571429,0.0,0.0,0.0,0.0,0.0,0.0,0,0,0.0,0
statsbomb,1,43,1,2022,39,16,770,8966,33.95,45,2,3,13.254786450662738,81.81818181818183,0.0,0.022222222222222223,13.254786450662738,5.3019145802650955,0.0,2.6509572901325478,7.952871870397644,1.155300964,0.0,3.06265351281296,7,3,0.0,0
statsbomb,1,43,1,2022,39,31,795,,100.71666666666667,0,0,0,0.0,0.0,0.0,0.0,0.0,0.0,0.0,0.0,0.0,0.0,0.0,0.0,0,0,0.0,0
statsbomb,1,43,1,2022,39,31,795,108340,45.95,61,1,5,11.751904243743198,78.94736842105263,100.0,0.01639344262295082,13.710554951033732,3.917301414581066,0.0,0.0,11.751904243743198,0.0,0.0,0.0,4,3,0.0,2
statsbomb,1,43,1,2022,39,31,795,130185,71.98333333333333,67,1,6,8.752025931928687,68.18181818181817,100.0,0.029850746268656716,5.001157675387821,1.2502894188469553,0.0,0.0,5.001157675387821,0.191305855,0.0,0.2391876862699699,4,1,0.0,0
statsbomb,1,43,1,2022,39,31,795,132296,7.983333333333333,18,0,0,0.0,83.33333333333334,0.0,0.0,0.0,0.0,0.0,0.0,11.273486430062631,0.0,0.0,0.0,0,0,0.0,0
statsbomb,1,43,1,2022,39,31,795,132728,26.966666666666665,39,3,0,10.012360939431396,85.71428571428571,0.0,0.1282051282051282,36.711990111248454,13.349814585908529,0.0,0.0,6.6749072929542645,0.037811525,0.0,0.12619421199011124,3,3,0.0,1
statsbomb,1,43,1,2022,39,31,795,132756,51.983333333333334,38,2,9,19.0445655658865,83.33333333333334,100.0,0.0,20.77588970823982,3.4626482847066367,3.4626482847066367,1.7313241423533183,5.193972427059955,0.0,0.0,0.0,5,2,0.0,0
statsbomb,1,43,1,2022,39,31,795,135271,7.983333333333333,20,1,0,11.273486430062631,100.0,0.0,0.05,33.82045929018789,11.273486430062631,0.0,0.0,11.273486430062631,0.0,0.0,0.0,0,0,0.0,1
statsbomb,1,43,1,2022,39,31,795,15477,25.783333333333335,41,2,6,27.925016160310275,64.70588235294117,0.0,0.024390243902439025,13.962508080155137,6.981254040077569,0.0,0.0,6.981254040077569,0.0,0.0,0.0,5,2,0.0,0
statsbomb,1,43,1,2022,39,31,795,27163,96.98333333333333,63,0,16,14.84791201237326,78.57142857142857,0.0,0.015873015873015872,12.063928510053275,0.0,0.0,3.711978003093315,3.711978003093315,0.18427365,0.0,0.17100493383742912,3,3,0.0,3
statsbomb,1,43,1,2022,39,31,795,5581,98.98333333333333,211,2,15,15.45714766795757,79.1044776119403,50.0,0.037914691943127965,12.729415726553292,2.7277319414042767,0.0,0.0,4.546219902340462,0.0,0.0,0.0,22,8,0.0,2
statsbomb,1,43,1,2022,39,31,795,5582,98.98333333333333,85,2,11,11.8201717460852,88.88888888888889,0.0,0.0,8.18319582421283,0.0,0.0,0.9092439804680923,1.8184879609361846,0.0,0.0,0.0,3,2,0.0,0
statsbomb,1,43,1,2022,39,31,795,5595,73.96666666666667,57,2,2,4.8670572329878325,78.57142857142857,0.0,0.03508771929824561,18.251464623704372,1.2167643082469581,0.0,1.2167643082469581,2.4335286164939163,0.0,0.0,0.0,4,2,0.0,1
statsbomb,1,43,1,2022,39,31,795,5597,99.98333333333333,54,0,26,23.40390065010835,67.64705882352942,0.0,0.0,0.0,0.0,0.0,0.0,4.500750125020836,0.0,0.0,0.0,8,8,0.0,0
statsbomb,1,43,1,2022,39,31,795,5598,90.98333333333333,53,0,11,10.881113757098369,59.09090909090909,0.0,0.0,4.945960798681077,0.0,0.0,0.9891921597362154,2.9675764792086463,0.0,0.0,0.0,6,4,0.0,1
statsbomb,1,43,1,2022,39,31,795,5836,85.95,71,7,6,13.612565445026178,92.5925925925926,0.0,0.0,7.329842931937173,3.141361256544503,0.0,1.0471204188481675,3.141361256544503,0.0,0.0,0.0,10,6,0.0,1
statsbomb,1,43,1,2022,39,31,795,5839,89.93333333333334,86,1,14,15.011119347664936,80.0,0.0,0.0,12.008895478131949,1.000741289844329,0.0,4.002965159377316,4.002965159377316,0.522077037,0.0,0.5224640474054855,7,4,0.0,3
statsbomb,1,43,1,2022,39,31,795,6328,94.96666666666667,45,0,12,11.372411372411372,76.19047619047619,0.0,0.0,8.52930852930853,0.0,0.0,1.8954018954018954,0.9477009477009477,0.099276,0.0,0.09408395928395928,4,2,0.0,1
statsbomb,1,43,1,2022,40,32,4885,,100.8,0,0,0,0.0,0.0,0.0,0.0,0.0,0.0,0.0,0.0,0.0,0.0,0.0,0.0,0,0,0.0,0
statsbomb,1,43,1,2022,40,32,4885,12325,97.98333333333333,141,2,19,19.288994726994385,70.49180327868852,25.0,0.02127659574468085,12.859329817996258,0.9185235584283041,1.8370471168566083,0.0,0.9185235584283041,0.0,0.0,0.0,31,8,0.0,4
statsbomb,1,43,1,2022,40,32,4885,136306,1.0,3,0,0,0.0,0.0,0.0,0.3333333333333333,0.0,0.0,0.0,0.0,0.0,0.0,0.0,0.0,0,0,0.0,0
statsbomb,1,43,1,2022,40,32,4885,17033,97.98333333333333,136,5,5,9.185235584283042,82.35294117647058,80.0,0.04411764705882353,12.859329817996258,2.7555706752849125,0.0,0.0,10.103759142711345,0.251843197,0.0,0.23132390947440043,23,4,0.0,3
statsbomb,1,43,1,2022,40,32,4885,28616,23.883333333333333,53,4,6,37.68318213538032,77.77777777777779,100.0,0.0,15.073272854152128,7.536636427076064,0.0,0.0,7.536636427076064,0.0,0.0,0.0,12,5,0.0,3
statsbomb,1,43,1,2022,40,32,4885,30519,98.98333333333333,140,6,29,31.82353931638323,71.1864406779661,0.0,0.0,7.273951843744738,4.546219902340462,0.0,0.9092439804680923,3.636975921872369,0.0,0.0,0.0,16,15,0.0,3
statsbomb,1,43,1,2022,40,32,4885,31029,71.98333333333333,152,2,13,18.75434128270433,92.15686274509804,100.0,0.006578947368421052,16.25376244501042,6.251447094234777,0.0,3.750868256540866,5.001157675387821,0.0,0.0,0.0,12,3,0.0,1
statsbomb,1,43,1,2022,40,32,4885,3347,52.983333333333334,36,0,1,1.6986473733878578,75.0,0.0,0.08333333333333333,16.986473733878576,0.0,3.3972947467757155,0.0,1.6986473733878578,0.7835,0.0,1.3308902170493866,2,0,0.0,1
statsbomb,1,43,1,2022,40,32,4885,3450,50.95,36,2,0,3.5328753680078506,66.66666666666666,0.0,0.05555555555555555,19.43081452404318,5.299313052011776,0.0,0.0,3.5328753680078506,0.07146578,0.0,0.12623984690873405,4,0,0.0,0
statsbomb,1,43,1,2022,40,32,4885,35658,50.983333333333334,69,5,2,12.356979405034325,56.25,75.0,0.043478260869565216,5.295848316443282,7.0611310885910425,0.0,0.0,0.0,0.081227794,0.0,0.14339002536776724,16,3,0.0,0
statsbomb,1,43,1,2022,40,32,4885,3709,93.98333333333333,132,2,17,18.1947153750665,92.15686274509804,0.0,0.0,6.703316190813974,1.915233197375421,0.0,0.0,4.788082993438553,0.0,0.0,0.0,5,4,0.0,1
statsbomb,1,43,1,2022,40,32,4885,44225,53.88333333333333,51,3,0,5.010825858335911,76.92307692307693,0.0,0.0196078431372549,11.691927002783792,5.010825858335911,0.0,0.0,5.010825858335911,0.08441304,0.0,0.14099301453758117,9,1,0.0,0
statsbomb,1,43,1,2022,40,32,4885,45047,98.98333333333333,124,6,15,19.094123589829938,78.84615384615384,100.0,0.008064516129032258,20.912611550766123,4.546219902340462,0.0,0.0,6.364707863276646,0.0,0.0,0.0,20,8,0.0,4
statsbomb,1,43,1,2022,40,32,4885,6383,95.98333333333333,202,7,32,36.56884875846501,82.05128205128204,75.0,0.009900990099009901,15.00260461885744,5.62597673207154,0.0,1.87532557735718,9.3766278867859,0.0,0.0,0.0,34,23,0.0,4
statsbomb,1,43,1,2022,40,32,4885,6393,71.98333333333333,53,2,2,5.001157675387821,71.42857142857143,100.0,0.018867924528301886,11.252604769622598,1.2502894188469553,0.0,0.0,5.001157675387821,0.0,0.0,0.0,9,2,0.0,0
statsbomb,1,43,1,2022,40,32,4885,8108,97.95,42,2,20,20.21439509954058,76.92307692307693,0.0,0.0,0.0,0.9188361408882082,0.0,0.0,4.594180704441041,0.0,0.0,0.0,0,0,0.0,0
statsbomb,1,43,1,2022,40,32,4885,9286,25.85,20,0,2,6.963249516441006,33.33333333333333,0.0,0.0,24.37137330754352,0.0,0.0,0.0,6.963249516441006,0.12024433,0.0,0.41864563636363633,2,2,0.0,0
statsbomb,1,43,1,2022,40,24,783,,100.9,0,0,0,0.0,0.0,0.0,0.0,0.0,0.0,0.0,0.0,0.0,0.0,0.0,0.0,0,0,0.0,0
statsbomb,1,43,1,2022,40,24,783,28729,34.983333333333334,37,2,3,12.863268222963315,91.66666666666666,0.0,0.02702702702702703,25.72653644592663,0.0,0.0,0.0,7.71796093377799,0.0429242,0.0,0.11042909957122439,8,1,0.0,2
statsbomb,1,43,1,2022,40,24,783,32478,79.98333333333333,71,5,2,7.876640966868098,80.0,50.0,0.056338028169014086,16.878516357574494,5.626172119191498,1.1252344238382996,1.1252344238382996,4.5009376953531985,0.15781382,0.0,0.17757754282142113,9,2,0.0,1
statsbomb,1,43,1,2022,40,24,783,36288,65.95,61,0,1,1.3646702047005306,71.42857142857143,0.0,0.04918032786885246,19.105382865807428,0.0,0.0,0.0,1.3646702047005306,0.099497445,0.0,0.13578119863532978,7,1,0.0,0
statsbomb,1,43,1,2022,40,24,783,36666,15.933333333333334,20,1,3,22.594142259414227,71.42857142857143,0.0,0.05,22.594142259414227,0.0,0.0,0.0,5.648535564853557,0.0,0.0,0.0,5,1,0.0,0
statsbomb,1,43,1,2022,40,24,783,36710,96.96666666666667,52,0,21,19.491234101065658,70.37037037037037,0.0,0.019230769230769232,0.9281540048126504,1.8563080096253008,0.0,0.0,8.353386043313854,0.0,0.0,0.0,4,4,0.0,0
statsbomb,1,43,1,2022,40,24,783,4319,34.916666666666664,38,1,3,10.310262529832936,76.92307692307693,100.0,0.02631578947368421,2.577565632458234,2.577565632458234,0.0,2.577565632458234,2.577565632458234,0.0,0.0,0.0,7,1,0.0,0
statsbomb,1,43,1,2022,40,24,783,5246,65.96666666666667,76,0,3,4.092976250631632,75.0,100.0,0.0,9.550277918140475,2.7286508337544215,0.0,0.0,2.7286508337544215,0.2733873,0.0,0.3729892420414351,14,2,0.0,1
statsbomb,1,43,1,2022,40,24,783,5255,63.983333333333334,116,2,18,28.13232612659547,82.6086956521739,0.0,0.0,16.87939567595728,0.0,1.4066163063297734,2.813232612659547,7.033081531648867,0.0,0.0,0.0,14,10,0.0,2
statsbomb,1,43,1,2022,40,24,783,5258,79.96666666666667,89,2,8,11.254689453939141,53.84615384615385,0.0,0.0449438202247191,25.885785744060026,1.1254689453939142,0.0,0.0,4.501875781575657,0.87843627,0.0,0.9886527423926637,17,5,0.0,5
statsbomb,1,43,1,2022,40,24,783,5259,100.98333333333333,84,0,11,9.803597953457666,89.1891891891892,100.0,0.0,3.564944710348242,0.0,0.0,1.782472355174121,0.8912361775870605,0.03238874,0.0,0.02886601683446113,6,3,0.0,1
statsbomb,1,43,1,2022,40,24,783,5260,30.983333333333334,45,3,5,23.238300161377083,89.47368421052632,100.0,0.0,26.14308768154922,5.809575040344271,2.9047875201721354,2.9047875201721354,11.619150080688541,0.0,0.0,0.0,1,2,0.0,0
statsbomb,1,43,1,2022,40,24,783,5264,97.98333333333333,137,3,25,25.718659635992516,69.0909090909091,0.0,0.021897810218978103,9.185235584283042,0.9185235584283041,0.9185235584283041,0.9185235584283041,0.9185235584283041,0.0,0.0,0.0,19,7,0.0,0
statsbomb,1,43,1,2022,40,24,783,6297,18.883333333333333,12,0,0,0.0,66.66666666666666,0.0,0.0,19.064430714916153,0.0,0.0,0.0,0.0,0.030132728,0.0,0.1436158263018535,2,0,0.0,0
statsbomb,1,43,1,2022,40,24,783,6300,95.93333333333334,111,2,14,15.010423905489922,85.1063829787234,0.0,0.0,2.8144544822793605,1.8763029881862403,0.0,0.0,2.8144544822793605,0.103292696,0.0,0.09690419708130646,10,6,0.0,0
statsbomb,1,43,1,2022,40,24,783,6773,98.98333333333333,194,9,34,39.097491160127966,84.21052631578947,0.0,0.005154639175257732,12.729415726553292,7.273951843744738,0.0,1.8184879609361846,4.546219902340462,0.0186852516,0.0,0.01698945254083179,32,21,0.0,2
statsbomb,1,43,1,2022,40,24,783,7104,98.98333333333333,115,3,11,12.729415726553292,78.84615384615384,0.0,0.017391304347826087,14.547903687489477,1.8184879609361846,0.0,0.0,4.546219902340462,0.0,0.0,0.0,11,4,0.0,2
statsbomb,1,43,1,2022,41,30,3566,,96.41666666666667,0,0,0,0.0,0.0,0.0,0.0,0.0,0.0,0.0,0.0,0.0,0.0,0.0,0.0,0,0,0.0,0
statsbomb,1,43,1,2022,41,30,3566,124488,62.983333333333334,86,4,7,15.718444032812913,83.33333333333334,40.0,0.046511627906976744,28.578989150568933,5.715797830113787,0.0,1.4289494575284467,15.718444032812913,0.015712837,0.0,0.022452849907382905,8,4,0.0,2
statsbomb,1,43,1,2022,41,30,3566,124490,8.733333333333333,6,0,0,0.0,0.0,0.0,0.0,20.610687022900766,0.0,0.0,0.0,0.0,0.0,0.0,0.0,1,0,0.0,0
statsbomb,1,43,1,2022,41,30,3566,124492,31.966666666666665,64,2,8,28.154327424400417,91.30434782608695,50.0,0.015625,11.261730969760167,0.0,0.0,0.0,8.446298227320126,0.0,0.0,0.0,3,2,0.0,0
statsbomb,1,43,1,2022,41,30,3566,124493,95.93333333333334,142,3,23,24.391938846421123,83.33333333333334,0.0,0.0,4.6907574704656,1.8763029881862403,0.0,1.8763029881862403,5.628908964558721,0.0,0.0,0.0,8,5,0.0,1
statsbomb,1,43,1,2022,41,30,3566,124494,88.98333333333333,118,9,11,20.22850721108822,77.77777777777779,50.0,0.00847457627118644,11.125678966098521,7.079977523880877,1.011425360554411,2.022850721108822,3.034276081663233,0.067132466,0.0,0.06789947862895675,16,8,0.0,2
statsbomb,1,43,1,2022,41,30,3566,124495,64.98333333333333,63,0,1,1.3849705052577583,92.85714285714286,50.0,0.047619047619047616,11.079764042062067,1.3849705052577583,0.0,0.0,2.7699410105155167,0.0,0.0,0.0,6,0,0.0,3
statsbomb,1,43,1,2022,41,30,3566,124500,62.983333333333334,66,0,8,11.431595660227574,86.66666666666667,0.0,0.0,32.865837523154276,0.0,0.0,2.8578989150568934,8.57369674517068,0.0,0.0,0.0,8,4,0.0,5
statsbomb,1,43,1,2022,41,30,3566,124506,95.98333333333333,115,5,20,23.44156971696475,75.55555555555556,0.0,0.008695652173913044,12.18961625282167,4.68831394339295,0.0,1.87532557735718,1.87532557735718,0.00621196,0.0,0.005824723736759854,11,10,0.0,2
statsbomb,1,43,1,2022,41,30,3566,124510,93.96666666666667,58,0,18,17.24015608371763,58.06451612903226,0.0,0.0,0.0,0.0,0.0,0.0,3.8311457963816955,0.0,0.0,0.0,1,0,0.0,0
statsbomb,1,43,1,2022,41,30,3566,124512,10.8,8,0,0,0.0,100.0,0.0,0.125,24.999999999999996,0.0,0.0,0.0,0.0,0.0,0.0,0.0,0,0,0.0,2
statsbomb,1,43,1,2022,41,30,3566,124514,83.96666666666667,118,4,5,9.64668519253672,89.74358974358975,100.0,0.0,8.574831282254863,5.359269551409289,0.0,1.0718539102818578,0.0,0.024495702,0.0,0.026255813973799128,2,2,0.0,2
statsbomb,1,43,1,2022,41,30,3566,124899,81.98333333333333,88,4,3,7.684488717218947,86.20689655172413,100.0,0.011363636363636364,4.391136409839398,7.684488717218947,0.0,2.195568204919699,1.0977841024598496,0.03016361,0.0,0.033113131530798944,12,4,0.0,1
statsbomb,1,43,1,2022,41,30,3566,124900,89.98333333333333,76,3,4,7.001296536395628,83.33333333333334,0.0,0.013157894736842105,10.001852194850898,3.0005556584552693,0.0,0.0,0.0,0.0,0.0,0.0,13,0,0.0,3
statsbomb,1,43,1,2022,41,30,3566,124901,30.95,45,1,1,5.815831987075929,92.3076923076923,0.0,0.0,11.631663974151857,0.0,0.0,0.0,2.9079159935379644,0.0,0.0,0.0,0,1,0.0,0
statsbomb,1,43,1,2022,41,30,3566,149463,29.983333333333334,65,5,2,21.011673151750973,95.65217391304348,100.0,0.0,12.006670372429127,12.006670372429127,0.0,0.0,3.001667593107282,0.0,0.0,0.0,7,4,0.0,0
statsbomb,1,43,1,2022,41,30,3566,40784,90.98333333333333,224,3,18,20.773035354460525,85.18518518518519,0.0,0.008928571428571428,7.9135372778897235,3.9567686389448617,0.0,0.0,7.9135372778897235,0.0,0.0,0.0,31,6,0.0,0
statsbomb,1,43,1,2022,41,27,941,,96.98333333333333,0,0,0,0.0,0.0,0.0,0.0,0.0,0.0,0.0,0.0,0.0,0.0,0.0,0.0,0,0,0.0,0
statsbomb,1,43,1,2022,41,27,941,20750,82.98333333333333,127,3,5,8.676441052420165,72.5,0.0,0.015748031496062992,6.507330789315123,4.338220526210082,0.0,1.0845551315525206,1.0845551315525206,0.16396834200000002,0.0,0.1778327067282587,27,4,0.0,0
statsbomb,1,43,1,2022,41,27,941,21809,96.98333333333333,317,9,26,32.479807527066505,93.04347826086956,100.0,0.0,20.415879017013232,4.639972503866644,0.9279945007733288,0.0,4.639972503866644,0.0,0.0,0.0,26,18,0.0,1
statsbomb,1,43,1,2022,41,27,941,21879,9.9,25,1,1,18.18181818181818,100.0,0.0,0.0,9.09090909090909,0.0,0.0,0.0,0.0,0.0,0.0,0.0,2,1,0.0,0
statsbomb,1,43,1,2022,41,27,941,2988,65.98333333333333,126,2,5,9.547865622631978,90.9090909090909,0.0,0.015873015873015872,13.639808032331398,1.3639808032331397,0.0,0.0,4.091942409699419,0.585236477,0.0,0.7982513199797929,18,5,0.0,2
statsbomb,1,43,1,2022,41,27,941,3264,29.95,34,0,0,0.0,87.5,0.0,0.029411764705882353,21.035058430717864,0.0,0.0,0.0,3.005008347245409,0.0,0.0,0.0,6,0,0.0,1
statsbomb,1,43,1,2022,41,27,941,3306,95.98333333333333,278,7,29,33.75586039242924,97.97979797979798,0.0,0.0,7.50130230942872,4.68831394339295,0.0,0.0,2.81298836603577,0.0,0.0,0.0,20,18,0.0,0
statsbomb,1,43,1,2022,41,27,941,3311,95.98333333333333,294,4,24,26.254558083000518,92.72727272727272,0.0,0.0,11.25195346414308,1.87532557735718,0.0,0.0,3.75065115471436,0.149410705,0.0,0.14009685830873414,50,21,0.0,0
statsbomb,1,43,1,2022,41,27,941,3669,96.98333333333333,225,1,30,28.76782952397319,94.18604651162791,0.0,0.0,3.711978003093315,0.9279945007733288,0.0,0.0,1.8559890015466576,0.0,0.0,0.0,13,12,0.0,0
statsbomb,1,43,1,2022,41,27,941,4318,65.95,101,1,5,8.188021228203183,77.14285714285715,0.0,0.019801980198019802,5.458680818802122,0.0,1.3646702047005306,1.3646702047005306,1.3646702047005306,0.08364612,0.0,0.11414936770280515,14,3,0.0,0
statsbomb,1,43,1,2022,41,27,941,6994,82.98333333333333,178,1,19,21.691102631050413,85.5072463768116,0.0,0.0,24.944768025707972,0.0,0.0,1.0845551315525206,2.169110263105041,0.0,0.0,0.0,18,6,0.0,4
statsbomb,1,43,1,2022,41,27,941,7745,29.966666666666665,97,1,5,18.020022246941046,84.84848484848484,100.0,0.0,21.02335928809789,3.003337041156841,0.0,0.0,0.0,0.010698183,0.0,0.03213024927697442,15,4,0.0,1
statsbomb,1,43,1,2022,41,27,941,7829,12.833333333333334,12,0,0,0.0,100.0,0.0,0.08333333333333333,42.07792207792208,0.0,0.0,0.0,0.0,0.0,0.0,0.0,2,0,0.0,0
statsbomb,1,43,1,2022,41,27,941,7891,13.916666666666666,44,0,2,12.934131736526947,100.0,0.0,0.0,45.26946107784431,0.0,0.0,0.0,0.0,0.0,0.0,0.0,2,1,0.0,0
statsbomb,1,43,1,2022,41,27,941,8118,85.98333333333333,272,6,18,25.121147509207212,92.5531914893617,50.0,0.007352941176470588,8.373715836402404,4.186857918201202,1.0467144795503005,1.0467144795503005,3.1401434386509015,0.720993446,0.0,0.7546742795890677,32,12,0.0,1
statsbomb,1,43,1,2022,41,27,941,8125,91.98333333333333,157,3,10,12.719695597028448,85.71428571428571,0.0,0.012738853503184714,11.741257474180106,0.0,0.0,0.0,2.9353143685450265,0.0,0.0,0.0,24,6,0.0,0
statsbomb,1,43,1,2022,41,27,941,8326,92.93333333333334,52,0,22,21.305595408895265,96.42857142857143,0.0,0.0,0.0,0.0,0.0,0.0,4.842180774748924,0.0,0.0,0.0,0,0,0.0,0
statsbomb,1,43,1,2022,42,3,778,,96.98333333333333,0,0,0,0.0,0.0,0.0,0.0,0.0,0.0,0.0,0.0,0.0,0.0,0.0,0.0,0,0,0.0,0
statsbomb,1,43,1,2022,42,3,778,23527,27.866666666666667,28,0,3,9.688995215311005,28.57142857142857,100.0,0.03571428571428571,6.45933014354067,3.229665071770335,0.0,0.0,6.45933014354067,0.0,0.0,0.0,6,1,0.0,0
statsbomb,1,43,1,2022,42,3,778,23721,96.98333333333333,250,7,26,30.62381852551985,80.89887640449437,0.0,0.004,14.84791201237326,2.7839835023199866,0.9279945007733288,1.8559890015466576,7.42395600618663,0.11480468599999999,0.0,0.10653811727100876,28,19,0.0,1
statsbomb,1,43,1,2022,42,3,778,25719,90.85,42,0,7,6.93450742982939,100.0,0.0,0.0,0.0,0.0,0.0,0.0,2.971931755641167,0.0,0.0,0.0,1,1,0.0,0
statsbomb,1,43,1,2022,42,3,778,29595,93.98333333333333,196,5,17,21.067565171129633,95.58823529411765,0.0,0.01020408163265306,9.576165986877106,2.8728497960631314,0.9576165986877105,1.915233197375421,2.8728497960631314,0.07774679,0.0,0.07445161659868771,8,9,0.0,1
statsbomb,1,43,1,2022,42,3,778,3300,90.98333333333333,320,3,33,35.61091775050376,95.72649572649573,0.0,0.0,4.945960798681077,3.9567686389448617,0.0,0.0,3.9567686389448617,0.0,0.0,0.0,13,12,0.0,2
statsbomb,1,43,1,2022,42,3,778,37122,81.96666666666667,67,0,5,5.490036600244002,65.0,50.0,0.04477611940298507,14.274095160634404,2.1960146400976006,0.0,0.0,3.294021960146401,0.13489698,0.0,0.14811787149247663,16,0,0.0,2
statsbomb,1,43,1,2022,42,3,778,37209,57.916666666666664,65,3,11,21.755395683453237,75.75757575757575,100.0,0.0,12.431654676258994,4.661870503597123,0.0,1.5539568345323742,4.661870503597123,0.0,0.0,0.0,18,8,0.0,1
statsbomb,1,43,1,2022,42,3,778,37211,30.983333333333334,47,4,1,14.523937600860677,78.57142857142857,100.0,0.02127659574468085,8.714362560516406,5.809575040344271,0.0,0.0,0.0,0.0,0.0,0.0,6,1,0.0,1
statsbomb,1,43,1,2022,42,3,778,37221,93.96666666666667,194,3,20,22.02908832919475,88.23529411764706,0.0,0.015463917525773196,15.324583185526782,3.8311457963816955,0.0,0.0,6.7045051436679675,0.09737273,0.0,0.09326228130542746,23,12,0.0,3
statsbomb,1,43,1,2022,42,3,778,38285,45.983333333333334,47,0,2,3.9144617615077926,63.63636363636363,0.0,0.1276595744680851,31.31569409206234,1.9572308807538963,0.0,0.0,5.871692642261689,0.0,0.0,0.0,6,1,0.0,2
statsbomb,1,43,1,2022,42,3,778,5690,45.983333333333334,122,4,19,45.01631025733961,87.5,100.0,0.0,15.65784704603117,3.9144617615077926,0.0,1.9572308807538963,1.9572308807538963,0.0,0.0,0.0,18,9,0.0,1
statsbomb,1,43,1,2022,42,3,778,8361,66.98333333333333,65,3,1,5.374471261507837,66.66666666666666,75.0,0.015384615384615385,24.185120676785267,1.3436178153769593,1.3436178153769593,1.3436178153769593,4.0308534461308785,0.015573137,0.0,0.020924344314506096,13,2,0.0,3
statsbomb,1,43,1,2022,42,3,778,8776,14.6,19,0,2,12.32876712328767,57.14285714285714,0.0,0.05263157894736842,30.821917808219176,0.0,0.0,0.0,6.164383561643835,0.0,0.0,0.0,2,1,0.0,2
statsbomb,1,43,1,2022,42,3,778,8949,47.93333333333333,32,1,0,1.8776077885952713,83.33333333333334,0.0,0.03125,9.388038942976356,1.8776077885952713,0.0,1.8776077885952713,3.7552155771905427,0.138847712,0.0,0.26070154547983315,6,1,0.0,3
statsbomb,1,43,1,2022,42,3,778,9411,93.96666666666667,118,5,6,10.535650940049663,76.47058823529412,0.0,0.03389830508474576,18.197942532813055,0.9577864490954239,0.9577864490954239,0.0,2.8733593472862715,0.19429146,0.0,0.18608972756296557,17,6,0.0,1
statsbomb,1,43,1,2022,42,3,778,95272,49.96666666666667,159,4,17,37.82521681120747,92.06349206349206,0.0,0.0,3.602401601067378,5.403602401601067,0.0,0.0,1.801200800533689,0.0,0.0,0.0,13,7,0.0,0
statsbomb,1,43,1,2022,42,31,795,,96.98333333333333,0,0,0,0.0,0.0,0.0,0.0,0.0,0.0,0.0,0.0,0.0,0.0,0.0,0.0,0,0,0.0,0
statsbomb,1,43,1,2022,42,31,795,108340,31.883333333333333,30,0,2,5.645582854155776,60.0,0.0,0.03333333333333333,19.759539989545218,0.0,0.0,0.0,2.822791427077888,0.0,0.0,0.0,2,1,0.0,1
statsbomb,1,43,1,2022,42,31,795,130185,93.98333333333333,69,2,5,6.703316190813974,79.16666666666666,0.0,0.014492753623188406,17.23709877637879,1.915233197375421,0.0,0.9576165986877105,2.8728497960631314,0.120298475,0.0,0.11519981645681858,3,2,0.0,2
statsbomb,1,43,1,2022,42,31,795,132296,64.95,49,1,0,1.3856812933025404,66.66666666666666,100.0,0.04081632653061224,19.399538106235568,1.3856812933025404,1.3856812933025404,0.0,4.157043879907621,0.0,0.0,0.0,4,1,0.0,1
statsbomb,1,43,1,2022,42,31,795,132497,64.98333333333333,65,2,0,2.7699410105155167,100.0,100.0,0.046153846153846156,22.159528084124133,2.7699410105155167,0.0,0.0,5.539882021031033,0.01353695,0.0,0.018748276481149014,1,1,0.0,2
statsbomb,1,43,1,2022,42,31,795,132728,30.8,15,1,0,2.922077922077922,66.66666666666666,0.0,0.0,37.98701298701298,2.922077922077922,0.0,0.0,5.844155844155844,0.0,0.0,0.0,0,1,0.0,3
statsbomb,1,43,1,2022,42,31,795,132756,5.516666666666667,0,0,0,0.0,0.0,0.0,0.0,48.942598187311184,0.0,0.0,0.0,0.0,0.0,0.0,0.0,0,0,0.0,0
statsbomb,1,43,1,2022,42,31,795,132772,1.5,2,0,0,0.0,100.0,0.0,0.0,0.0,0.0,0.0,0.0,0.0,0.0,0.0,0.0,0,0,0.0,0
statsbomb,1,43,1,2022,42,31,795,5581,94.98333333333333,161,6,11,16.10808913844534,82.6086956521739,57.14285714285714,0.024844720496894408,16.10808913844534,2.842603965608001,0.9475346552026671,0.0,7.580277241621337,0.051288527,0.0,0.04859765674679768,12,9,0.0,4
statsbomb,1,43,1,2022,42,31,795,5582,87.98333333333333,150,1,17,18.412578139799205,86.20689655172413,100.0,0.0,15.343815116499336,0.0,1.0229210077666224,1.0229210077666224,5.114605038833112,0.0,0.0,0.0,9,6,0.0,2
statsbomb,1,43,1,2022,42,31,795,5597,92.98333333333333,77,0,26,25.165800322638464,50.0,0.0,0.0,0.0,0.0,0.0,0.0,9.679153970245563,0.0,0.0,0.0,9,8,0.0,0
statsbomb,1,43,1,2022,42,31,795,5598,92.98333333333333,119,1,14,14.518730955368344,83.33333333333334,0.0,0.0,10.64706936727012,1.9358307940491126,0.0,1.9358307940491126,5.807492382147338,0.0,0.0,0.0,5,3,0.0,3
statsbomb,1,43,1,2022,42,31,795,5600,96.98333333333333,198,6,26,29.69582402474652,89.33333333333333,100.0,0.005050505050505051,12.063928510053275,4.639972503866644,0.0,3.711978003093315,6.495961505413302,0.014244432,0.0,0.013218754562639629,8,5,0.0,3
statsbomb,1,43,1,2022,42,31,795,5836,93.96666666666667,102,1,10,10.535650940049663,72.09302325581395,0.0,0.0,9.577864490954239,0.9577864490954239,0.0,1.9155728981908478,2.8733593472862715,0.0,0.0,0.0,6,0,0.0,1
statsbomb,1,43,1,2022,42,31,795,5839,92.98333333333333,123,0,8,7.7433231761964505,89.79591836734694,0.0,0.0,13.550815558343789,0.0,0.0,0.0,3.8716615880982252,0.0,0.0,0.0,8,3,0.0,3
statsbomb,1,43,1,2022,42,31,795,6328,92.98333333333333,113,1,7,7.7433231761964505,90.47619047619048,0.0,0.008849557522123894,9.679153970245563,2.903746191073669,0.0,1.9358307940491126,0.0,0.0,0.0,0.0,7,3,0.0,5
statsbomb,1,43,1,2022,43,22,782,,93.98333333333333,0,0,0,0.0,0.0,0.0,0.0,0.0,0.0,0.0,0.0,0.0,0.0,0.0,0.0,0,0,0.0,0
statsbomb,1,43,1,2022,43,22,782,16559,57.96666666666667,102,2,6,12.42093156986774,73.33333333333333,100.0,0.0196078431372549,13.973548016101208,7.7630822311673375,0.0,0.0,4.6578493387004025,0.0,0.0,0.0,9,6,0.0,3
statsbomb,1,43,1,2022,43,22,782,20005,93.98333333333333,249,6,33,37.34704734882071,89.13043478260869,0.0,0.004016064257028112,8.618549388189395,4.788082993438553,0.0,0.9576165986877105,3.830466394750842,0.0,0.0,0.0,11,10,0.0,1
statsbomb,1,43,1,2022,43,22,782,23650,16.9,49,5,0,26.627218934911244,57.14285714285714,66.66666666666666,0.04081632653061224,10.650887573964498,31.952662721893496,0.0,0.0,15.976331360946748,0.0,0.0,0.0,12,3,0.0,0
statsbomb,1,43,1,2022,43,22,782,2954,19.983333333333334,29,1,1,9.007506255212677,83.33333333333334,0.0,0.0,18.015012510425354,4.5037531276063385,0.0,9.007506255212677,4.5037531276063385,0.0,0.0,0.0,3,1,0.0,0
statsbomb,1,43,1,2022,43,22,782,3077,91.98333333333333,236,2,20,21.525638702663525,95.50561797752809,0.0,0.0,7.827504982786737,0.9784381228483421,0.0,2.9353143685450265,2.9353143685450265,0.07045005,0.0,0.06893101467657184,1,1,0.0,0
statsbomb,1,43,1,2022,43,22,782,3089,90.98333333333333,107,4,10,13.848690236307016,68.42105263157895,100.0,0.009345794392523364,8.90272943762594,2.9675764792086463,0.0,0.0,2.9675764792086463,0.0549966988,0.0,0.05440230326433413,24,5,0.0,2
statsbomb,1,43,1,2022,43,22,782,3176,86.96666666666667,181,5,23,28.976619394403986,76.81159420289855,100.0,0.0,17.59294748945956,4.1395170563434265,0.0,1.0348792640858566,5.174396320429283,0.04308796,0.0,0.04459083633576083,22,10,0.0,2
statsbomb,1,43,1,2022,43,22,782,3289,47.95,34,0,2,3.753910323253389,75.0,100.0,0.0,15.015641293013555,0.0,0.0,0.0,3.753910323253389,1.68415473,0.0,3.1610829134515117,4,1,0.0,1
statsbomb,1,43,1,2022,43,22,782,3509,81.98333333333333,77,1,15,17.564545639357593,91.66666666666666,0.0,0.0,0.0,0.0,0.0,0.0,4.391136409839398,0.0,0.0,0.0,1,1,0.0,0
statsbomb,1,43,1,2022,43,22,782,3621,2.2,8,0,1,40.90909090909091,50.0,100.0,0.0,0.0,0.0,0.0,0.0,0.0,0.0,0.0,0.0,1,0,0.0,0
statsbomb,1,43,1,2022,43,22,782,5630,46.93333333333333,56,0,5,9.588068181818182,72.22222222222221,0.0,0.0,9.588068181818182,1.9176136363636365,0.0,0.0,0.0,0.301500266,0.0,0.5781610214488637,8,2,0.0,1
statsbomb,1,43,1,2022,43,22,782,5632,32.96666666666667,29,2,3,13.65015166835187,100.0,0.0,0.034482758620689655,27.30030333670374,2.730030333670374,0.0,0.0,2.730030333670374,0.0,0.0,0.0,7,1,0.0,1
statsbomb,1,43,1,2022,43,22,782,5633,71.91666666666667,114,5,3,10.011587485515642,81.25,50.0,0.008771929824561403,3.754345307068366,6.257242178447276,0.0,1.2514484356894553,3.754345307068366,0.202310031,0.0,0.2531805718192352,15,4,0.0,0
statsbomb,1,43,1,2022,43,22,782,5642,92.98333333333333,138,3,9,11.614984764294675,94.0,0.0,0.0,13.550815558343789,2.903746191073669,0.0,2.903746191073669,0.9679153970245563,0.025340356,0.0,0.0245273207384836,10,6,0.0,2
statsbomb,1,43,1,2022,43,22,782,6331,69.96666666666667,125,3,12,19.294902334444973,97.82608695652173,0.0,0.008,14.149595045259646,2.572653644592663,0.0,1.2863268222963316,3.858980466888995,0.0,0.0,0.0,8,6,0.0,1
statsbomb,1,43,1,2022,43,22,782,6989,92.98333333333333,210,2,28,29.03746191073669,93.97590361445783,0.0,0.004761904761904762,9.679153970245563,2.903746191073669,0.0,0.0,0.9679153970245563,0.0,0.0,0.0,19,12,0.0,1
statsbomb,1,43,1,2022,43,29,785,,93.98333333333333,0,0,0,0.0,0.0,0.0,0.0,0.0,0.0,0.0,0.0,0.0,0.0,0.0,0.0,0,0,0.0,0
statsbomb,1,43,1,2022,43,29,785,11603,28.883333333333333,22,1,1,6.23196768609348,80.0,0.0,0.0,40.50778995960762,3.11598384304674,0.0,0.0,3.11598384304674,0.0,0.0,0.0,2,0,0.0,1
statsbomb,1,43,1,2022,43,29,785,12625,93.98333333333333,228,15,21,34.47419755275758,89.28571428571429,25.0,0.013157894736842105,11.491399184252526,9.576165986877106,0.0,0.9576165986877105,5.745699592126263,0.048374664,0.0,0.046324381202340836,38,9,0.0,5
statsbomb,1,43,1,2022,43,29,785,16531,92.98333333333333,65,0,16,15.486646352392901,82.35294117647058,0.0,0.0,0.0,0.0,0.0,0.0,4.839576985122782,0.0,0.0,0.0,4,3,0.0,0
statsbomb,1,43,1,2022,43,29,785,22041,63.983333333333334,59,0,4,5.626465225319094,64.28571428571429,0.0,0.01694915254237288,21.0992445949466,0.0,0.0,0.0,1.4066163063297734,0.104244776,0.0,0.1466324017712946,10,3,0.0,1
statsbomb,1,43,1,2022,43,29,785,28914,2.4833333333333334,8,0,0,0.0,50.0,0.0,0.0,36.241610738255034,36.241610738255034,0.0,0.0,0.0,0.0,0.0,0.0,0,0,0.0,1
statsbomb,1,43,1,2022,43,29,785,29163,91.98333333333333,145,7,21,27.39626743975358,72.41379310344827,0.0,0.013793103448275862,12.719695597028448,5.870628737090053,0.0,1.9568762456966842,6.849066859938395,0.041306578,0.0,0.04041593063960862,21,7,0.0,2
statsbomb,1,43,1,2022,43,29,785,33018,90.98333333333333,159,2,16,17.80545887525188,96.72131147540983,100.0,0.0,13.848690236307016,2.9675764792086463,0.9891921597362154,1.9783843194724309,4.945960798681077,0.0,0.0,0.0,11,6,0.0,4
statsbomb,1,43,1,2022,43,29,785,3471,93.98333333333333,130,3,21,22.98279836850505,84.0,0.0,0.0,4.788082993438553,2.8728497960631314,0.0,0.9576165986877105,1.915233197375421,0.0,0.0,0.0,4,4,0.0,0
statsbomb,1,43,1,2022,43,29,785,5456,90.98333333333333,178,8,9,16.816266715515663,92.1875,0.0,0.0,15.827074555779447,8.90272943762594,0.0,0.9891921597362154,1.9783843194724309,0.07960723,0.0,0.07874684777431765,30,10,0.0,3
statsbomb,1,43,1,2022,43,29,785,5460,62.96666666666667,99,1,3,5.717310746426681,90.625,0.0,0.010101010101010102,8.575966119640022,4.287983059820011,0.0,0.0,1.4293276866066702,0.0,0.0,0.0,14,1,0.0,0
statsbomb,1,43,1,2022,43,29,785,5463,93.96666666666667,158,4,16,19.155728981908478,82.45614035087719,50.0,0.012658227848101266,17.24015608371763,3.8311457963816955,0.0,1.9155728981908478,4.7889322454771195,0.143307925,0.0,0.1372583886129833,23,9,0.0,3
statsbomb,1,43,1,2022,43,29,785,5469,93.98333333333333,230,4,21,23.940414967192762,91.95402298850574,0.0,0.0,14.364248980315658,3.830466394750842,0.0,1.915233197375421,7.660932789501684,0.156492993,0.0,0.1498602876751197,32,9,0.0,3
statsbomb,1,43,1,2022,43,29,785,5474,93.96666666666667,150,5,5,9.577864490954239,78.57142857142857,37.5,0.06,31.606952820148987,4.7889322454771195,0.0,0.9577864490954239,4.7889322454771195,0.12168773,0.0,0.11655085881518268,21,5,0.0,2
statsbomb,1,43,1,2022,43,29,785,7693,29.933333333333334,63,1,2,9.020044543429844,68.42105263157895,0.0,0.015873015873015872,9.020044543429844,3.0066815144766146,0.0,0.0,3.0066815144766146,0.0,0.0,0.0,10,1,0.0,0
statsbomb,1,43,1,2022,44,17,789,,97.85,0,0,0,0.0,0.0,0.0,0.0,0.0,0.0,0.0,0.0,0.0,0.0,0.0,0.0,0,0,0.0,0
statsbomb,1,43,1,2022,44,17,789,11737,94.98333333333333,67,1,5,5.685207931216002,93.33333333333333,0.0,0.014925373134328358,13.265485172837339,0.9475346552026671,0.0,1.8950693104053342,2.842603965608001,0.075333446,0.0,0.07138105078083874,4,1,0.0,2
statsbomb,1,43,1,2022,44,17,789,12493,26.95,24,0,1,3.339517625231911,50.0,0.0,0.08333333333333333,40.07421150278293,0.0,0.0,0.0,3.339517625231911,0.02819521,0.0,0.09415840074211503,2,1,0.0,3
statsbomb,1,43,1,2022,44,17,789,3034,93.98333333333333,67,0,4,3.830466394750842,93.10344827586206,0.0,0.0,2.8728497960631314,0.9576165986877105,0.0,0.9576165986877105,0.9576165986877105,0.0,0.0,0.0,2,1,0.0,0
statsbomb,1,43,1,2022,44,17,789,31955,34.983333333333334,39,2,3,12.863268222963315,76.92307692307693,0.0,0.05128205128205128,7.71796093377799,0.0,0.0,2.572653644592663,7.71796093377799,0.0,0.0,0.0,9,2,0.0,1
statsbomb,1,43,1,2022,44,17,789,3637,88.96666666666667,59,2,12,14.162607718246536,76.92307692307693,0.0,0.0,9.104533533158488,1.0116148370176097,1.0116148370176097,2.0232296740352194,4.046459348070439,0.0,0.0,0.0,12,9,0.0,1
statsbomb,1,43,1,2022,44,17,789,44166,96.96666666666667,90,1,11,11.137848057751805,83.33333333333334,0.0,0.0,2.7844620144379513,0.9281540048126504,0.0,1.8563080096253008,0.9281540048126504,0.0,0.0,0.0,6,6,0.0,1
statsbomb,1,43,1,2022,44,17,789,4734,96.98333333333333,94,3,13,14.84791201237326,75.0,0.0,0.010638297872340425,10.207939508506616,2.7839835023199866,0.0,0.9279945007733288,0.9279945007733288,0.0,0.0,0.0,16,5,0.0,1
statsbomb,1,43,1,2022,44,17,789,5660,62.96666666666667,57,1,4,7.146638433033351,80.0,0.0,0.017543859649122806,11.434621492853362,1.4293276866066702,0.0,1.4293276866066702,0.0,0.23496674,0.0,0.33584446691371095,11,2,0.0,0
statsbomb,1,43,1,2022,44,17,789,5665,69.96666666666667,52,2,3,6.4316341114816575,86.66666666666667,0.0,0.019230769230769232,9.004287756074321,0.0,1.2863268222963316,0.0,1.2863268222963316,0.13519733,0.0,0.1739079518818485,8,4,0.0,0
statsbomb,1,43,1,2022,44,17,789,5668,96.93333333333334,101,3,7,9.284731774415405,76.19047619047619,60.0,0.06930693069306931,6.499312242090784,3.7138927097661623,0.9284731774415406,0.0,4.642365887207703,1.2604797589999999,0.0,1.1703216469394773,16,6,0.0,1
statsbomb,1,43,1,2022,44,17,789,5669,95.98333333333333,76,1,31,30.00520923771488,65.85365853658537,0.0,0.0,0.0,0.93766278867859,0.0,0.0,4.68831394339295,0.0,0.0,0.0,6,5,0.0,0
statsbomb,1,43,1,2022,44,17,789,5673,90.98333333333333,68,1,13,13.848690236307016,71.875,0.0,0.014705882352941176,13.848690236307016,0.0,0.0,0.9891921597362154,2.9675764792086463,0.0,0.0,0.0,17,6,0.0,1
statsbomb,1,43,1,2022,44,17,789,7979,93.96666666666667,77,1,10,10.535650940049663,66.66666666666666,0.0,0.0,11.493437389145086,0.9577864490954239,0.0,0.9577864490954239,3.8311457963816955,0.0,0.0,0.0,18,3,0.0,0
statsbomb,1,43,1,2022,44,10,799,,97.98333333333333,0,0,0,0.0,0.0,0.0,0.0,0.0,0.0,0.0,0.0,0.0,0.0,0.0,0.0,0,0,0.0,0
statsbomb,1,43,1,2022,44,10,799,51094,96.96666666666667,149,8,26,31.557236163630115,89.83050847457628,0.0,0.006711409395973154,10.209694052939154,5.5689240288759025,0.9281540048126504,0.9281540048126504,6.4970780336885525,0.0,0.0,0.0,17,12,0.0,0
statsbomb,1,43,1,2022,44,10,799,51099,95.96666666666667,92,6,4,9.3782563390066,82.14285714285714,100.0,0.010869565217391304,10.31608197290726,4.6891281695033,0.0,0.93782563390066,1.87565126780132,0.11089649,0.0,0.1040015710316082,18,4,0.0,2
statsbomb,1,43,1,2022,44,10,799,51469,85.98333333333333,61,2,3,5.2335723977515025,80.0,50.0,0.04918032786885246,13.607288234153906,3.1401434386509015,1.0467144795503005,0.0,2.093428959100601,0.044610713,0.0,0.04669467924016283,8,2,0.0,3
statsbomb,1,43,1,2022,44,10,799,51632,53.916666666666664,60,2,5,11.684698608964453,71.42857142857143,0.0,0.016666666666666666,11.684698608964453,1.6692426584234932,0.0,0.0,5.0077279752704795,0.0,0.0,0.0,15,3,0.0,2
statsbomb,1,43,1,2022,44,10,799,51705,11.966666666666667,23,0,1,7.520891364902507,33.33333333333333,0.0,0.08695652173913043,22.56267409470752,7.520891364902507,0.0,0.0,7.520891364902507,0.041744728,0.0,0.3139575643454039,5,0,0.0,0
statsbomb,1,43,1,2022,44,10,799,51710,97.98333333333333,175,8,23,28.474230311277427,86.15384615384616,100.0,0.005714285714285714,12.859329817996258,5.511141350569825,0.0,0.0,4.592617792141521,0.005913877,0.0,0.0054320353461473035,31,12,0.0,2
statsbomb,1,43,1,2022,44,10,799,5187,96.98333333333333,217,13,16,26.911840522426534,85.71428571428571,66.66666666666666,0.013824884792626729,9.279945007733287,5.567967004639973,0.0,0.0,4.639972503866644,0.995616369,0.0,0.9239265153119093,42,15,0.0,1
statsbomb,1,43,1,2022,44,10,799,5188,1.0,3,0,0,0.0,100.0,0.0,0.0,0.0,0.0,0.0,0.0,0.0,0.0,0.0,0.0,0,0,0.0,0
statsbomb,1,43,1,2022,44,10,799,5191,64.98333333333333,126,2,20,30.469351115670683,80.85106382978722,100.0,0.0,9.694793536804308,4.154911515773275,0.0,0.0,6.924852526288792,0.36966906099999997,0.0,0.511980746191331,19,7,0.0,1
statsbomb,1,43,1,2022,44,10,799,54144,49.96666666666667,105,4,3,12.608405603735823,87.5,50.0,0.0380952380952381,7.204803202134756,1.801200800533689,0.0,0.0,3.602401601067378,0.0660456,0.0,0.11896138759172781,18,5,0.0,0
statsbomb,1,43,1,2022,44,10,799,56755,84.98333333333333,125,1,16,18.00353010394195,87.75510204081633,0.0,0.016,20.121592469111594,1.0590311825848207,0.0,0.0,5.295155912924104,0.13939861,0.0,0.14762747479898022,15,6,0.0,3
statsbomb,1,43,1,2022,44,10,799,5713,96.98333333333333,214,5,29,31.55181302629318,85.0,100.0,0.004672897196261682,9.279945007733287,3.711978003093315,0.0,0.9279945007733288,2.7839835023199866,0.198081036,0.0,0.18381811211548377,34,11,0.0,3
statsbomb,1,43,1,2022,44,10,799,5714,92.98333333333333,47,0,11,10.64706936727012,76.0,0.0,0.0,0.0,0.0,0.0,0.0,3.8716615880982252,0.0,0.0,0.0,3,1,0.0,0
statsbomb,1,43,1,2022,44,10,799,5715,96.98333333333333,155,8,15,21.343873517786562,86.4406779661017,0.0,0.0064516129032258064,8.351950506959959,8.351950506959959,0.0,0.9279945007733288,4.639972503866644,0.0,0.0,0.0,6,4,0.0,1
statsbomb,1,43,1,2022,44,10,799,57620,27.933333333333334,42,1,2,9.665871121718377,86.66666666666667,100.0,0.047619047619047616,0.0,0.0,0.0,3.2219570405727924,6.443914081145585,0.0,0.0,0.0,9,2,0.0,0
statsbomb,1,43,1,2022,44,10,799,74623,12.933333333333334,28,2,0,13.917525773195877,100.0,0.0,0.0,34.79381443298969,13.917525773195877,0.0,0.0,6.958762886597938,0.0,0.0,0.0,5,2,0.0,1
statsbomb,1,43,1,2022,45,32,4885,,100.96666666666667,0,0,0,0.0,0.0,0.0,0.0,0.0,0.0,0.0,0.0,0.0,0.0,0.0,0.0,0,0,0.0,0
statsbomb,1,43,1,2022,45,32,4885,12325,98.98333333333333,122,4,18,20.003367570298032,66.66666666666666,0.0,0.02459016393442623,10.001683785149016,1.8184879609361846,0.9092439804680923,0.9092439804680923,4.546219902340462,0.0,0.0,0.0,18,11,0.0,4
statsbomb,1,43,1,2022,45,32,4885,17033,72.98333333333333,107,3,7,12.331582553094314,62.96296296296296,100.0,0.009345794392523364,24.66316510618863,3.699474765928294,1.2331582553094314,0.0,7.398949531856588,0.051729251000000004,0.0,0.06379035291162366,11,5,0.0,4
statsbomb,1,43,1,2022,45,32,4885,28616,6.816666666666666,12,0,1,13.202933985330073,100.0,100.0,0.0,13.202933985330073,0.0,0.0,0.0,0.0,0.0,0.0,0.0,0,0,0.0,0
statsbomb,1,43,1,2022,45,32,4885,2989,89.95,63,1,9,10.00555864369094,88.46153846153845,100.0,0.0,5.00277932184547,3.001667593107282,0.0,4.002223457476376,3.001667593107282,0.0,0.0,0.0,0,0,0.0,1
statsbomb,1,43,1,2022,45,32,4885,30519,97.98333333333333,119,4,25,26.63718319442082,70.2127659574468,0.0,0.0,8.266712025854737,0.9185235584283041,1.8370471168566083,1.8370471168566083,2.7555706752849125,0.02431712,0.0,0.022335847593128084,10,9,0.0,2
statsbomb,1,43,1,2022,45,32,4885,31029,87.98333333333333,133,2,7,9.206289069899602,95.91836734693877,0.0,0.0,17.389657132032582,2.045842015533245,1.0229210077666224,2.045842015533245,5.114605038833112,0.0,0.0,0.0,7,4,0.0,3
statsbomb,1,43,1,2022,45,32,4885,3347,76.98333333333333,57,1,1,2.338168434726131,92.85714285714286,0.0,0.017543859649122806,17.536263260445985,1.1690842173630656,1.1690842173630656,0.0,2.338168434726131,0.48524466,0.0,0.5672918735657069,3,2,0.0,0
statsbomb,1,43,1,2022,45,32,4885,33602,32.95,31,0,4,10.925644916540211,71.42857142857143,0.0,0.0,21.851289833080422,0.0,0.0,2.7314112291350527,2.7314112291350527,0.0,0.0,0.0,2,0,0.0,1
statsbomb,1,43,1,2022,45,32,4885,3450,22.95,42,1,2,11.764705882352942,92.3076923076923,0.0,0.047619047619047616,7.843137254901961,11.764705882352942,0.0,0.0,3.9215686274509807,0.0,0.0,0.0,2,2,0.0,1
statsbomb,1,43,1,2022,45,32,4885,3709,96.98333333333333,138,3,21,22.271868018559893,90.38461538461539,0.0,0.0,8.351950506959959,2.7839835023199866,0.0,0.9279945007733288,4.639972503866644,0.0,0.0,0.0,7,6,0.0,1
statsbomb,1,43,1,2022,45,32,4885,44225,19.883333333333333,26,0,2,9.052808046940486,87.5,0.0,0.038461538461538464,13.57921207041073,0.0,0.0,4.526404023470243,18.105616093880972,0.1618494647,0.0,0.7325960682145851,2,1,0.0,0
statsbomb,1,43,1,2022,45,32,4885,45047,62.983333333333334,68,4,3,10.002646202699127,86.95652173913044,100.0,0.014705882352941176,20.005292405398254,5.715797830113787,0.0,0.0,4.28684837258534,0.015372672,0.0,0.021966771315162743,5,3,0.0,0
statsbomb,1,43,1,2022,45,32,4885,6383,95.98333333333333,151,1,16,15.94026740753603,87.03703703703704,0.0,0.019867549668874173,14.06494183017885,1.87532557735718,0.0,0.0,1.87532557735718,0.021057075,0.0,0.01974443566591422,7,6,0.0,4
statsbomb,1,43,1,2022,45,32,4885,6393,97.98333333333333,72,1,1,1.8370471168566083,87.5,100.0,0.027777777777777776,8.266712025854737,0.9185235584283041,0.0,0.0,3.6740942337132165,0.020453067,0.0,0.018786623881612518,5,1,0.0,0
statsbomb,1,43,1,2022,45,32,4885,8108,96.86666666666666,46,0,14,13.007570543702684,75.0,0.0,0.0,0.0,0.0,0.0,0.0,1.8582243633860978,0.0,0.0,0.0,4,4,0.0,0
statsbomb,1,43,1,2022,45,32,4885,9286,2.5166666666666666,3,0,0,0.0,0.0,0.0,0.0,71.52317880794702,0.0,0.0,0.0,0.0,0.0,0.0,0.0,0,0,0.0,0
statsbomb,1,43,1,2022,45,15,780,,100.96666666666667,0,0,0,0.0,0.0,0.0,0.0,0.0,0.0,0.0,0.0,0.0,0.0,0.0,0.0,0,0,0.0,0
statsbomb,1,43,1,2022,45,15,780,11184,54.983333333333334,112,3,10,21.279175507729615,73.17073170731707,0.0,0.0,27.826614125492576,1.6368596544407397,1.6368596544407397,0.0,8.184298272203698,0.071025217,0.0,0.11625831215519855,20,4,0.0,1
statsbomb,1,43,1,2022,45,15,780,12041,87.98333333333333,116,4,6,10.229210077666224,78.125,66.66666666666666,0.02586206896551724,12.27505209319947,2.045842015533245,0.0,0.0,2.045842015533245,0.29352822,0.0,0.30025618261034287,18,4,0.0,3
statsbomb,1,43,1,2022,45,15,780,12169,10.983333333333333,10,0,0,0.0,100.0,0.0,0.1,24.582701062215477,0.0,0.0,0.0,0.0,0.0,0.0,0.0,3,0,0.0,1
statsbomb,1,43,1,2022,45,15,780,13621,99.98333333333333,215,2,32,30.60510085014169,90.0,100.0,0.0,8.101350225037505,3.600600100016669,0.9001500250041673,0.9001500250041673,5.400900150025004,0.0,0.0,0.0,7,5,0.0,0
statsbomb,1,43,1,2022,45,15,780,18360,23.983333333333334,35,2,1,11.257817929117442,77.77777777777779,0.0,0.02857142857142857,7.505211952744961,11.257817929117442,0.0,0.0,7.505211952744961,0.181461744,0.0,0.6809544250173731,2,0,0.0,0
statsbomb,1,43,1,2022,45,15,780,3193,87.98333333333333,200,11,10,21.48134116309907,94.52054794520548,0.0,0.015,15.343815116499336,7.160447054366357,2.045842015533245,1.0229210077666224,2.045842015533245,0.0,0.0,0.0,25,10,0.0,0
statsbomb,1,43,1,2022,45,15,780,32975,99.93333333333334,55,0,14,12.608405603735823,86.20689655172413,0.0,0.01818181818181818,0.9006004002668445,0.0,0.0,0.0,5.403602401601067,0.0,0.0,0.0,0,0,0.0,0
statsbomb,1,43,1,2022,45,15,780,38803,10.983333333333333,18,0,1,8.19423368740516,85.71428571428571,0.0,0.0,8.19423368740516,0.0,0.0,0.0,0.0,0.0,0.0,0.0,2,1,0.0,0
statsbomb,1,43,1,2022,45,15,780,4272,7.966666666666667,8,1,0,11.297071129707113,100.0,0.0,0.0,33.89121338912134,11.297071129707113,0.0,0.0,11.297071129707113,0.0,0.0,0.0,1,1,0.0,0
statsbomb,1,43,1,2022,45,15,780,5204,95.98333333333333,168,4,15,17.81559298489321,85.96491228070175,0.0,0.005952380952380952,12.18961625282167,4.68831394339295,0.0,0.0,1.87532557735718,0.0,0.0,0.0,33,13,0.0,3
statsbomb,1,43,1,2022,45,15,780,5206,99.98333333333333,181,2,19,18.903150525087515,95.45454545454545,0.0,0.0,3.600600100016669,2.700450075012502,0.9001500250041673,0.0,2.700450075012502,0.0,0.0,0.0,4,2,0.0,1
statsbomb,1,43,1,2022,45,15,780,5207,87.95,78,2,2,4.093234792495736,84.21052631578947,0.0,0.02564102564102564,4.093234792495736,0.0,0.0,0.0,1.023308698123934,1.479147692,0.0,1.5136246990335418,7,2,0.0,0
statsbomb,1,43,1,2022,45,15,780,5209,100.98333333333333,212,13,12,22.28090443967651,86.58536585365853,0.0,0.0047169811320754715,3.564944710348242,7.129889420696484,0.0,0.8912361775870605,0.8912361775870605,0.0,0.0,0.0,40,13,0.0,1
statsbomb,1,43,1,2022,45,15,780,5214,44.983333333333334,78,0,12,24.008892182289735,93.10344827586206,100.0,0.0,6.002223045572434,0.0,0.0,0.0,2.0007410151908114,0.0,0.0,0.0,10,6,0.0,0
statsbomb,1,43,1,2022,45,15,780,7005,97.98333333333333,197,4,12,14.696376934852866,85.91549295774648,0.0,0.02030456852791878,5.511141350569825,0.9185235584283041,0.0,0.0,3.6740942337132165,0.0,0.0,0.0,25,6,0.0,2
statsbomb,1,43,1,2022,45,15,780,9927,76.98333333333333,166,0,21,24.550768564624377,92.1875,0.0,0.0,15.198094825719853,1.1690842173630656,1.1690842173630656,0.0,3.5072526520891967,0.07171052,0.0,0.08383563715089846,16,9,0.0,0
statsbomb,1,43,1,2022,46,32,4885,,100.91666666666667,0,0,0,0.0,0.0,0.0,0.0,0.0,0.0,0.0,0.0,0.0,0.0,0.0,0.0,0,0,0.0,0
statsbomb,1,43,1,2022,46,32,4885,12259,21.9,5,0,1,4.109589041095891,100.0,0.0,0.0,12.328767123287673,0.0,0.0,0.0,0.0,0.0,0.0,0.0,1,1,0.0,0
statsbomb,1,43,1,2022,46,32,4885,12325,11.783333333333333,1,0,0,0.0,0.0,0.0,0.0,22.91371994342291,0.0,0.0,0.0,0.0,0.0,0.0,0.0,0,0,0.0,2
statsbomb,1,43,1,2022,46,32,4885,17033,82.96666666666667,71,4,5,9.76295701084773,80.95238095238095,0.0,0.04225352112676056,17.356368019284854,5.423865006026517,1.0847730012053034,1.0847730012053034,11.932503013258337,0.35499835999999996,0.0,0.38509263640016067,11,2,0.0,3
statsbomb,1,43,1,2022,46,32,4885,23615,86.96666666666667,103,1,15,16.558068225373706,77.77777777777779,0.0,0.009708737864077669,9.31391337677271,3.10463779225757,0.0,2.0697585281717132,7.244154848600997,0.0,0.0,0.0,13,4,0.0,1
statsbomb,1,43,1,2022,46,32,4885,28616,22.8,11,0,1,3.9473684210526314,50.0,0.0,0.09090909090909091,11.842105263157894,0.0,0.0,0.0,0.0,0.0,0.0,0.0,3,1,0.0,1
statsbomb,1,43,1,2022,46,32,4885,2989,11.616666666666667,3,0,1,7.747489239598278,100.0,0.0,0.0,0.0,0.0,0.0,0.0,0.0,0.0,0.0,0.0,1,1,0.0,0
statsbomb,1,43,1,2022,46,32,4885,30519,98.96666666666667,113,3,14,15.45975075783092,74.4186046511628,0.0,0.0,2.7281913102054562,2.7281913102054562,0.0,0.0,0.9093971034018188,0.4040968,0.0,0.3674844594139441,7,5,0.0,0
statsbomb,1,43,1,2022,46,32,4885,31029,100.98333333333333,115,4,8,10.694834131044725,90.47619047619048,100.0,0.008695652173913044,12.477306486218847,1.782472355174121,0.0,1.782472355174121,5.347417065522363,0.026676558,0.0,0.02377511358309952,13,5,0.0,1
statsbomb,1,43,1,2022,46,32,4885,3347,77.98333333333333,55,1,2,3.46227826458645,80.0,0.0,0.03636363636363636,6.9245565291729,1.15409275486215,0.0,0.0,2.3081855097243,0.0,0.0,0.0,5,2,0.0,2
statsbomb,1,43,1,2022,46,32,4885,33602,75.96666666666667,54,6,7,15.401491882404564,57.89473684210527,50.0,0.037037037037037035,11.847301448003511,7.108380868802106,2.369460289600702,1.184730144800351,4.738920579201404,0.07450179,0.0,0.08826451645458534,9,5,0.0,2
statsbomb,1,43,1,2022,46,32,4885,3450,76.98333333333333,80,3,4,8.183589521541458,72.72727272727273,40.0,0.075,25.71985278198744,3.5072526520891967,2.338168434726131,1.1690842173630656,3.5072526520891967,0.0,0.0,0.0,13,2,0.0,3
statsbomb,1,43,1,2022,46,32,4885,35658,21.933333333333334,12,0,1,4.103343465045593,50.0,0.0,0.0,28.72340425531915,0.0,0.0,0.0,0.0,0.0,0.0,0.0,3,1,0.0,0
statsbomb,1,43,1,2022,46,32,4885,3709,94.98333333333333,99,2,7,8.527811896824003,100.0,100.0,0.0,6.6327425864186695,1.8950693104053342,0.0,0.9475346552026671,1.8950693104053342,0.0,0.0,0.0,5,2,0.0,3
statsbomb,1,43,1,2022,46,32,4885,6383,99.95,130,4,15,17.10855427713857,87.75510204081633,100.0,0.0,8.104052026013006,1.8009004502251125,0.0,0.9004502251125562,1.8009004502251125,0.21468838,0.0,0.19331620010005002,13,8,0.0,1
statsbomb,1,43,1,2022,46,32,4885,6393,99.98333333333333,56,3,0,2.700450075012502,64.28571428571429,0.0,0.017857142857142856,12.602100350058342,2.700450075012502,0.0,0.0,2.700450075012502,0.10557394,0.0,0.09503238473078847,8,1,0.0,0
statsbomb,1,43,1,2022,46,32,4885,8108,100.98333333333333,36,0,13,11.586070308631786,59.09090909090909,0.0,0.0,0.0,0.0,0.0,0.0,0.8912361775870605,0.0,0.0,0.0,4,4,0.0,0
statsbomb,1,43,1,2022,46,14,791,,100.91666666666667,0,0,0,0.0,0.0,0.0,0.0,0.0,0.0,0.0,0.0,0.0,0.0,0.0,0.0,0,0,0.0,0
statsbomb,1,43,1,2022,46,14,791,22067,47.93333333333333,51,0,4,7.510431154381085,87.5,0.0,0.0392156862745098,26.286509040333797,1.8776077885952713,0.0,0.0,3.7552155771905427,0.03008143,0.0,0.056481127260083454,10,2,0.0,2
statsbomb,1,43,1,2022,46,14,791,22740,44.93333333333333,84,2,11,26.03857566765579,72.72727272727273,0.0,0.0,12.017804154302672,6.008902077151336,2.0029673590504453,0.0,6.008902077151336,0.071088331,0.0,0.1423876066023739,20,3,0.0,1
statsbomb,1,43,1,2022,46,14,791,23763,97.98333333333333,249,6,30,33.06684810341895,87.09677419354838,0.0,0.012048192771084338,12.859329817996258,3.6740942337132165,0.0,0.9185235584283041,11.02228270113965,0.019586006,0.0,0.017990207926518113,46,18,0.0,3
statsbomb,1,43,1,2022,46,14,791,29966,21.683333333333334,6,0,0,0.0,0.0,0.0,0.0,4.15065334358186,0.0,0.0,0.0,0.0,0.0,0.0,0.0,1,0,0.0,0
statsbomb,1,43,1,2022,46,14,791,3083,98.98333333333333,119,5,7,10.910927765617107,71.05263157894737,50.0,0.025210084033613446,6.364707863276646,5.455463882808553,0.0,0.0,2.7277319414042767,0.125500534,0.0,0.11411060508503115,29,5,0.0,2
statsbomb,1,43,1,2022,46,14,791,3135,53.95,70,1,3,6.672845227062094,82.6086956521739,0.0,0.0,18.350324374420758,1.6682113067655235,0.0,0.0,5.004633920296571,0.0,0.0,0.0,15,1,0.0,2
statsbomb,1,43,1,2022,46,14,791,37641,97.98333333333333,59,0,12,11.02228270113965,91.66666666666666,0.0,0.0,0.0,0.0,0.0,0.0,2.7555706752849125,0.0,0.0,0.0,3,2,0.0,0
statsbomb,1,43,1,2022,46,14,791,40538,98.96666666666667,133,3,12,13.640956551027282,72.0,0.0,0.015037593984962405,7.27517682721455,1.8187942068036376,0.0,0.9093971034018188,5.4563826204109125,0.285274066,0.0,0.2594274092960593,29,5,0.0,4
statsbomb,1,43,1,2022,46,14,791,40542,99.98333333333333,80,1,4,4.500750125020836,66.66666666666666,100.0,0.0,20.703450575095847,1.8003000500083346,0.0,0.0,3.600600100016669,0.635906938,0.0,0.5724116461410235,9,2,0.0,6
statsbomb,1,43,1,2022,46,14,791,40564,8.833333333333334,24,1,2,30.56603773584905,88.88888888888889,0.0,0.0,0.0,10.188679245283017,0.0,0.0,10.188679245283017,0.005484339,0.0,0.05587817094339622,1,1,0.0,0
statsbomb,1,43,1,2022,46,14,791,40672,100.96666666666667,222,5,21,23.17596566523605,85.39325842696628,0.0,0.009009009009009009,10.696599537801253,3.5655331792670846,0.8913832948167711,0.8913832948167711,6.239683063717398,0.0,0.0,0.0,30,9,0.0,2
statsbomb,1,43,1,2022,46,14,791,41711,54.983333333333334,51,2,2,6.547438617762959,75.0,0.0,0.0196078431372549,14.731736889966657,3.2737193088814793,0.0,0.0,4.910578963322219,0.05996953,0.0,0.09816170415277357,13,2,0.0,3
statsbomb,1,43,1,2022,46,14,791,43565,90.98333333333333,175,5,24,28.68657263235025,84.28571428571429,100.0,0.0,6.924345118153508,5.935152958417293,0.0,0.0,5.935152958417293,0.059008703,0.0,0.0583709463638029,22,11,0.0,1
statsbomb,1,43,1,2022,46,14,791,5604,100.96666666666667,177,6,30,32.08979861340376,89.39393939393939,0.0,0.0,2.6741498844503133,5.348299768900627,0.0,0.8913832948167711,1.7827665896335423,0.064945966,0.0,0.05789174915813799,20,11,0.0,1
statsbomb,1,43,1,2022,46,14,791,5618,78.98333333333333,161,1,23,27.34754167545896,91.52542372881356,0.0,0.0,12.534289934585356,1.1394809031441233,0.0,1.1394809031441233,4.557923612576493,0.010946972,0.0,0.01247386554125343,23,15,0.0,5
statsbomb,1,43,1,2022,47,18,779,,103.95,0,0,0,0.0,0.0,0.0,0.0,0.0,0.0,0.0,0.0,0.0,0.0,0.0,0.0,0,0,0.0,0
statsbomb,1,43,1,2022,47,18,779,11456,102.98333333333333,67,0,0,0.0,81.25,0.0,0.014925373134328358,5.243566920213627,0.0,0.0,0.0,1.7478556400712089,0.164921135,0.0,0.14412916798834763,5,0,0.0,4
statsbomb,1,43,1,2022,47,18,779,16308,58.983333333333334,159,2,12,21.36196665724781,98.24561403508771,0.0,0.006289308176100629,19.836111896015822,1.5258547612319864,0.0,3.0517095224639728,0.0,0.0,0.0,0.0,8,3,0.0,3
statsbomb,1,43,1,2022,47,18,779,19597,33.96666666666667,40,1,4,13.24828263002944,82.6086956521739,0.0,0.0,5.299313052011776,2.649656526005888,0.0,2.649656526005888,5.299313052011776,0.0,0.0,0.0,13,0,0.0,0
statsbomb,1,43,1,2022,47,18,779,20572,58.95,168,2,12,21.374045801526716,90.1639344262295,100.0,0.0,9.16030534351145,4.580152671755725,0.0,1.5267175572519083,3.0534351145038165,0.0,0.0,0.0,7,4,0.0,1
statsbomb,1,43,1,2022,47,18,779,27768,45.96666666666667,84,2,4,11.747643219724438,93.75,0.0,0.0,5.873821609862219,1.9579405366207396,0.0,0.0,5.873821609862219,0.33156127,0.0,0.649177250906454,7,3,0.0,0
statsbomb,1,43,1,2022,47,18,779,29201,102.98333333333333,156,2,20,19.2264120407833,86.76470588235294,100.0,0.0,8.739278200356043,2.6217834601068133,0.8739278200356044,0.0,2.6217834601068133,0.0,0.0,0.0,17,7,0.0,0
statsbomb,1,43,1,2022,47,18,779,29560,41.85,26,0,2,4.301075268817204,12.5,0.0,0.0,15.053763440860214,0.0,2.150537634408602,0.0,0.0,0.061390053,0.0,0.1320216193548387,6,1,0.0,0
statsbomb,1,43,1,2022,47,18,779,2995,102.98333333333333,158,10,10,17.478556400712087,75.60975609756098,33.33333333333333,0.02531645569620253,8.739278200356043,12.234989480498463,0.0,0.0,2.6217834601068133,0.079152665,0.0,0.06917371597345848,27,5,0.0,1
statsbomb,1,43,1,2022,47,18,779,3090,102.96666666666667,245,5,15,17.481385561670443,94.3820224719101,0.0,0.0,3.4962771123340888,4.370346390417611,0.0,1.7481385561670444,2.622207834250567,0.048093256,0.0,0.042036837552606024,7,3,0.0,0
statsbomb,1,43,1,2022,47,18,779,38718,43.983333333333334,107,2,13,30.693444486547932,86.8421052631579,0.0,0.0,8.184918529746115,2.046229632436529,0.0,0.0,6.138688897309587,0.036932193,0.0,0.07557174770746494,13,9,0.0,0
statsbomb,1,43,1,2022,47,18,779,5503,102.98333333333333,153,4,18,19.2264120407833,78.26086956521739,50.0,0.026143790849673203,6.1174947402492315,4.369639100178022,0.0,0.0,2.6217834601068133,1.070924102,0.0,0.9359103658844473,28,12,0.0,0
statsbomb,1,43,1,2022,47,18,779,5507,70.98333333333333,89,0,6,7.6074195820615165,82.35294117647058,0.0,0.02247191011235955,15.214839164123033,0.0,1.2679032636769194,2.535806527353839,3.8037097910307582,0.63619345,0.0,0.8066317515848791,5,1,0.0,1
statsbomb,1,43,1,2022,47,18,779,6909,103.96666666666667,50,0,7,6.059634498236614,95.45454545454545,0.0,0.0,0.0,0.0,0.0,0.0,5.193972427059955,0.0,0.0,0.0,0,0,0.0,0
statsbomb,1,43,1,2022,47,18,779,7006,57.983333333333334,85,3,5,12.417361310721471,92.0,0.0,0.011764705882352941,6.208680655360736,6.208680655360736,0.0,3.104340327680368,4.656510491520551,0.011924569,0.0,0.018508960218453576,9,6,0.0,0
statsbomb,1,43,1,2022,47,18,779,7797,103.98333333333333,228,2,28,25.96569963135118,79.06976744186046,50.0,0.008771929824561403,16.444943099855745,2.596569963135118,0.8655233210450393,0.8655233210450393,6.924186568360314,0.050540753,0.0,0.04374420038467703,29,14,0.0,11
statsbomb,1,43,1,2022,47,10,799,,103.93333333333334,0,0,0,0.0,0.0,0.0,0.0,0.0,0.0,0.0,0.0,0.0,0.0,0.0,0.0,0,0,0.0,0
statsbomb,1,43,1,2022,47,10,799,121539,14.7,8,0,0,0.0,50.0,0.0,0.0,24.48979591836735,0.0,0.0,0.0,0.0,0.0,0.0,0.0,1,0,0.0,0
statsbomb,1,43,1,2022,47,10,799,51094,1.05,2,0,1,85.71428571428571,0.0,0.0,0.0,0.0,0.0,0.0,0.0,85.71428571428571,0.0,0.0,0.0,1,1,0.0,0
statsbomb,1,43,1,2022,47,10,799,51099,87.98333333333333,59,1,2,3.0687630232998675,73.33333333333333,33.33333333333333,0.1016949152542373,10.229210077666224,2.045842015533245,0.0,1.0229210077666224,7.160447054366357,0.0,0.0,0.0,11,2,0.0,1
statsbomb,1,43,1,2022,47,10,799,51469,77.98333333333333,61,3,3,6.9245565291729,66.66666666666666,50.0,0.08196721311475409,28.85231887155375,2.3081855097243,0.0,0.0,2.3081855097243,0.080592275,0.0,0.09301096067535798,5,3,0.0,6
statsbomb,1,43,1,2022,47,10,799,51546,102.98333333333333,71,2,12,12.234989480498463,75.86206896551724,0.0,0.0,6.1174947402492315,2.6217834601068133,1.7478556400712089,3.4957112801424177,2.6217834601068133,0.0,0.0,0.0,6,5,0.0,1
statsbomb,1,43,1,2022,47,10,799,51710,97.96666666666667,73,4,9,11.942837699897925,75.0,0.0,0.0410958904109589,11.942837699897925,2.7560394692072134,0.0,0.9186798230690711,2.7560394692072134,0.0,0.0,0.0,17,6,0.0,2
statsbomb,1,43,1,2022,47,10,799,5178,47.983333333333334,46,0,3,5.62695380340396,66.66666666666666,0.0,0.06521739130434782,11.25390760680792,0.0,0.0,0.0,5.62695380340396,0.0,0.0,0.0,8,2,0.0,0
statsbomb,1,43,1,2022,47,10,799,5183,94.98333333333333,59,0,15,14.213019828040007,50.0,0.0,0.01694915254237288,15.160554483242674,0.0,0.0,7.580277241621337,1.8950693104053342,0.0,0.0,0.0,14,7,0.0,4
statsbomb,1,43,1,2022,47,10,799,5187,100.98333333333333,82,2,8,8.912361775870606,75.0,66.66666666666666,0.04878048780487805,15.15101501898003,0.8912361775870605,0.0,0.0,7.129889420696484,0.03280492,0.0,0.029236931506849313,16,3,0.0,5
statsbomb,1,43,1,2022,47,10,799,5191,4.866666666666666,3,0,0,0.0,100.0,0.0,0.0,18.493150684931507,0.0,0.0,18.493150684931507,0.0,0.0,0.0,0.0,0,0,0.0,0
statsbomb,1,43,1,2022,47,10,799,54144,42.96666666666667,34,2,1,6.283941039565554,100.0,0.0,0.058823529411764705,18.85182311869666,2.094647013188518,0.0,2.094647013188518,4.189294026377036,0.040064447,0.0,0.08392087424359969,4,2,0.0,2
statsbomb,1,43,1,2022,47,10,799,56755,102.98333333333333,87,0,10,8.739278200356043,78.37837837837837,0.0,0.011494252873563218,15.730700760640879,0.0,0.0,2.6217834601068133,5.243566920213627,0.0,0.0,0.0,8,3,0.0,1
statsbomb,1,43,1,2022,47,10,799,5713,102.98333333333333,110,3,11,12.234989480498463,78.94736842105263,50.0,0.02727272727272727,9.61320602039165,4.369639100178022,0.0,0.8739278200356044,6.1174947402492315,0.0,0.0,0.0,17,7,0.0,2
statsbomb,1,43,1,2022,47,10,799,5714,100.98333333333333,47,0,21,18.715959729328272,58.620689655172406,0.0,0.0,0.0,0.0,0.0,0.0,3.564944710348242,0.0,0.0,0.0,9,6,0.0,0
statsbomb,1,43,1,2022,47,10,799,5715,97.93333333333334,36,3,6,8.270932607215792,75.0,0.0,0.0,2.7569775357385975,1.8379850238257318,0.0,0.0,0.9189925119128659,0.0,0.0,0.0,1,1,0.0,0
statsbomb,1,43,1,2022,47,10,799,57620,21.583333333333332,13,0,1,4.16988416988417,25.0,0.0,0.07692307692307693,4.16988416988417,0.0,0.0,4.16988416988417,0.0,0.0,0.0,0.0,3,0,0.0,0
statsbomb,1,43,1,2022,48,30,3566,,96.65,0,0,0,0.0,0.0,0.0,0.0,0.0,0.0,0.0,0.0,0.0,0.0,0.0,0.0,0,0,0.0,0
statsbomb,1,43,1,2022,48,30,3566,124488,72.96666666666667,75,5,8,16.034719049794425,84.0,0.0,0.0,20.96847875742348,6.167199634536318,0.0,0.0,1.2334399269072636,0.0,0.0,0.0,12,7,0.0,4
statsbomb,1,43,1,2022,48,30,3566,124492,68.96666666666667,105,2,10,15.659739004349927,88.57142857142857,0.0,0.02857142857142857,16.96471725471242,5.219913001449975,0.0,0.0,3.9149347510874817,0.0,0.0,0.0,10,7,0.0,1
statsbomb,1,43,1,2022,48,30,3566,124493,95.98333333333333,157,4,27,29.06754644903629,89.0625,0.0,0.006369426751592357,7.50130230942872,4.68831394339295,1.87532557735718,0.0,4.68831394339295,0.0,0.0,0.0,6,1,0.0,2
statsbomb,1,43,1,2022,48,30,3566,124494,94.98333333333333,147,8,22,28.426039656080015,74.46808510638297,0.0,0.006802721088435374,11.370415862432004,8.527811896824003,0.0,0.0,3.7901386208106684,0.201564839,0.0,0.1909896702228461,13,10,0.0,4
statsbomb,1,43,1,2022,48,30,3566,124495,92.96666666666667,93,2,5,6.776622445320903,72.72727272727273,100.0,0.053763440860215055,20.32986733596271,2.904266762280387,0.0,0.0,3.8723556830405164,0.271142308,0.0,0.2624898643241305,6,2,0.0,3
statsbomb,1,43,1,2022,48,30,3566,124500,91.98333333333333,108,1,13,13.69813371987679,92.6829268292683,0.0,0.027777777777777776,25.439391194056896,0.9784381228483421,0.9784381228483421,0.9784381228483421,3.9137524913933683,0.0,0.0,0.0,3,3,0.0,7
statsbomb,1,43,1,2022,48,30,3566,124504,11.95,27,1,4,37.65690376569038,63.63636363636363,0.0,0.0,7.531380753138076,0.0,0.0,7.531380753138076,0.0,0.0,0.0,0.0,4,3,0.0,0
statsbomb,1,43,1,2022,48,30,3566,124506,82.95,88,0,13,14.104882459312838,66.66666666666666,0.0,0.022727272727272728,9.764918625678119,0.0,1.0849909584086799,4.3399638336347195,3.2549728752260396,0.0,0.0,0.0,11,9,0.0,0
statsbomb,1,43,1,2022,48,30,3566,124510,92.96666666666667,65,1,15,15.489422732162065,87.5,0.0,0.0,0.0,1.9361778415202582,0.0,0.0,3.8723556830405164,0.0,0.0,0.0,1,1,0.0,0
statsbomb,1,43,1,2022,48,30,3566,124514,24.933333333333334,23,2,1,10.828877005347593,100.0,0.0,0.043478260869565216,3.6096256684491976,3.6096256684491976,0.0,3.6096256684491976,3.6096256684491976,0.0,0.0,0.0,3,1,0.0,1
statsbomb,1,43,1,2022,48,30,3566,124899,93.98333333333333,104,4,5,8.618549388189395,76.31578947368422,0.0,0.019230769230769232,12.449015782940236,4.788082993438553,0.0,0.9576165986877105,2.8728497960631314,0.3277431,0.0,0.3138522326653662,14,2,0.0,0
statsbomb,1,43,1,2022,48,30,3566,124900,82.98333333333333,84,1,9,10.845551315525206,73.52941176470588,0.0,0.0,9.760996183972685,1.0845551315525206,0.0,1.0845551315525206,3.2536653946575615,0.0,0.0,0.0,12,5,0.0,0
statsbomb,1,43,1,2022,48,30,3566,124901,17.916666666666668,10,0,0,0.0,100.0,0.0,0.0,35.16279069767442,0.0,0.0,0.0,5.023255813953488,0.13964503499999997,0.0,0.7014727339534882,0,0,0.0,2
statsbomb,1,43,1,2022,48,30,3566,124909,12.95,24,2,1,20.849420849420852,87.5,0.0,0.0,27.7992277992278,6.94980694980695,0.0,6.94980694980695,0.0,0.0,0.0,0.0,2,1,0.0,0
statsbomb,1,43,1,2022,48,30,3566,40784,93.98333333333333,148,9,15,22.98279836850505,83.6734693877551,50.0,0.013513513513513514,7.660932789501684,9.576165986877106,0.0,0.0,4.788082993438553,0.019990891,0.0,0.019143609044156764,21,10,0.0,1
statsbomb,1,43,1,2022,48,21,787,,96.65,0,0,0,0.0,0.0,0.0,0.0,0.0,0.0,0.0,0.0,0.0,0.0,0.0,0.0,0,0,0.0,0
statsbomb,1,43,1,2022,48,21,787,13314,73.98333333333333,62,0,1,1.216490200495607,66.66666666666666,0.0,0.04838709677419355,18.247353007434107,0.0,0.0,0.0,3.6494706014868212,0.23812019599999998,0.0,0.2896708849740932,4,1,0.0,1
statsbomb,1,43,1,2022,48,21,787,15970,16.8,32,0,5,26.785714285714285,75.0,0.0,0.0,5.357142857142857,0.0,0.0,0.0,0.0,0.0,0.0,0.0,2,0,0.0,0
statsbomb,1,43,1,2022,48,21,787,20611,91.96666666666667,87,3,0,2.9358463211308443,72.72727272727273,100.0,0.011494252873563218,9.786154403769482,1.9572308807538963,0.0,0.9786154403769481,2.9358463211308443,0.28297590499999997,0.0,0.2769245898876404,11,2,0.0,1
statsbomb,1,43,1,2022,48,21,787,20758,63.96666666666667,94,4,5,12.662845231891609,77.77777777777779,33.33333333333333,0.0425531914893617,33.76758728504429,2.8139656070870243,0.0,0.0,9.848879624804585,0.039485876,0.0,0.05555594851485148,17,5,0.0,6
statsbomb,1,43,1,2022,48,21,787,2941,73.95,77,2,2,4.86815415821501,68.75,50.0,0.06493506493506493,12.170385395537524,1.2170385395537524,0.0,1.2170385395537524,4.86815415821501,0.103602664,0.0,0.12608843488843813,14,2,0.0,3
statsbomb,1,43,1,2022,48,21,787,31751,30.866666666666667,34,2,0,5.831533477321814,91.66666666666666,0.0,0.029411764705882353,20.41036717062635,2.915766738660907,2.915766738660907,0.0,2.915766738660907,0.0,0.0,0.0,1,1,0.0,2
statsbomb,1,43,1,2022,48,21,787,32915,75.98333333333333,149,5,21,30.796227242816407,80.95238095238095,0.0,0.006711409395973154,8.291291949989033,2.3689405571397235,0.0,0.0,5.922351392849309,0.0,0.0,0.0,23,11,0.0,1
statsbomb,1,43,1,2022,48,21,787,3404,94.96666666666667,215,10,22,30.326430326430327,89.87341772151899,100.0,0.004651162790697674,9.477009477009478,8.52930852930853,0.0,0.0,7.581607581607582,0.0,0.0,0.0,31,16,0.0,0
statsbomb,1,43,1,2022,48,21,787,3436,92.98333333333333,155,6,17,22.262054131564796,87.5,0.0,0.0064516129032258064,22.262054131564796,3.8716615880982252,0.0,1.9358307940491126,1.9358307940491126,0.029332913,0.0,0.02839177813228177,25,14,0.0,7
statsbomb,1,43,1,2022,48,21,787,4506,75.93333333333334,131,4,7,13.037752414398593,95.83333333333334,66.66666666666666,0.007633587786259542,10.667251975417031,1.1852502194907812,0.0,0.0,7.111501316944688,0.09337050799999999,0.0,0.11066741510096574,12,4,0.0,2
statsbomb,1,43,1,2022,48,21,787,50498,17.8,35,0,4,20.224719101123593,86.66666666666667,0.0,0.0,10.112359550561797,0.0,0.0,0.0,0.0,0.0,0.0,0.0,6,2,0.0,0
statsbomb,1,43,1,2022,48,21,787,5675,94.98333333333333,179,1,30,29.37357431128268,89.55223880597015,0.0,0.0,5.685207931216002,0.0,0.0,0.9475346552026671,5.685207931216002,0.0,0.0,0.0,12,10,0.0,1
statsbomb,1,43,1,2022,48,21,787,7379,92.95,66,0,21,20.333512641204948,78.125,0.0,0.0,0.0,0.0,0.0,0.0,0.0,0.0,0.0,0.0,6,5,0.0,0
statsbomb,1,43,1,2022,48,21,787,80484,20.983333333333334,36,2,0,8.57823669579031,90.0,66.66666666666666,0.027777777777777776,8.57823669579031,4.289118347895155,0.0,0.0,4.289118347895155,0.0,0.0,0.0,8,2,0.0,0
statsbomb,1,43,1,2022,48,21,787,8553,93.98333333333333,196,8,37,43.092746940946974,88.0,0.0,0.0,1.915233197375421,6.703316190813974,0.0,0.9576165986877105,2.8728497960631314,0.0,0.0,0.0,21,13,0.0,0
statsbomb,1,43,1,2022,48,21,787,88123,21.983333333333334,20,0,0,0.0,75.0,0.0,0.1,36.846095526914326,0.0,0.0,0.0,4.094010614101592,0.11607656,0.0,0.47521866868840024,1,0,0.0,1
statsbomb,1,43,1,2022,49,26,1839,,96.65,0,0,0,0.0,0.0,0.0,0.0,0.0,0.0,0.0,0.0,0.0,0.0,0.0,0.0,0,0,0.0,0
statsbomb,1,43,1,2022,49,26,1839,12352,91.96666666666667,54,0,16,15.65784704603117,75.0,0.0,0.0,0.0,0.0,0.0,0.0,1.9572308807538963,0.0,0.0,0.0,4,4,0.0,0
statsbomb,1,43,1,2022,49,26,1839,12524,94.98333333333333,199,3,23,24.635901035269345,88.0,0.0,0.0,6.6327425864186695,5.685207931216002,0.0,3.7901386208106684,4.737673276013336,0.05674074,0.0,0.05376381751184418,14,8,0.0,2
statsbomb,1,43,1,2022,49,26,1839,12751,95.98333333333333,216,6,34,37.5065115471436,94.18604651162791,0.0,0.0,14.06494183017885,3.75065115471436,0.93766278867859,2.81298836603577,6.5636395207501295,0.0,0.0,0.0,23,13,0.0,1
statsbomb,1,43,1,2022,49,26,1839,18242,94.98333333333333,209,13,29,39.79645551851202,85.71428571428571,0.0,0.0,7.580277241621337,13.265485172837339,0.0,1.8950693104053342,10.422881207229338,0.2582279,0.0,0.2446798841902088,13,12,0.0,2
statsbomb,1,43,1,2022,49,26,1839,21881,74.98333333333333,129,15,6,25.20560124472105,86.8421052631579,40.0,0.03875968992248062,9.60213380751278,14.403200711269172,0.0,1.2002667259390976,3.600800177817293,0.09027378,0.0,0.10835261435874638,21,9,0.0,2
statsbomb,1,43,1,2022,49,26,1839,22008,28.95,32,0,1,3.1088082901554404,100.0,0.0,0.0,12.435233160621761,0.0,0.0,0.0,6.217616580310881,0.48272233200000003,0.0,1.5006911875647668,3,1,0.0,1
statsbomb,1,43,1,2022,49,26,1839,22433,45.96666666666667,59,1,1,3.9158810732414793,85.0,0.0,0.01694915254237288,13.705583756345177,0.0,0.0,0.0,3.9158810732414793,0.0,0.0,0.0,7,1,0.0,1
statsbomb,1,43,1,2022,49,26,1839,23789,5.716666666666667,2,0,0,0.0,0.0,0.0,0.0,0.0,0.0,0.0,0.0,0.0,0.0,0.0,0.0,0,0,0.0,0
statsbomb,1,43,1,2022,49,26,1839,24243,29.916666666666668,41,1,1,6.016713091922005,88.88888888888889,0.0,0.07317073170731707,9.025069637883007,3.0083565459610027,0.0,0.0,6.016713091922005,0.0,0.0,0.0,4,1,0.0,0
statsbomb,1,43,1,2022,49,26,1839,3377,66.95,76,3,2,6.721433905899925,87.5,0.0,0.0,2.68857356235997,5.37714712471994,0.0,0.0,4.032860343539955,0.071712936,0.0,0.09640275190440628,15,3,0.0,0
statsbomb,1,43,1,2022,49,26,1839,34339,49.983333333333334,97,2,5,12.604201400466822,80.64516129032258,100.0,0.041237113402061855,7.202400800266756,7.202400800266756,0.0,0.0,5.401800600200067,0.08602206000000001,0.0,0.15489133844614875,19,3,0.0,0
statsbomb,1,43,1,2022,49,26,1839,3658,19.933333333333334,25,1,3,18.06020066889632,66.66666666666666,0.0,0.0,22.575250836120404,4.51505016722408,4.51505016722408,0.0,4.51505016722408,0.0,0.0,0.0,6,0,0.0,1
statsbomb,1,43,1,2022,49,26,1839,38792,93.98333333333333,149,7,14,20.109948572441922,75.0,50.0,0.013422818791946308,11.491399184252526,7.660932789501684,0.0,1.915233197375421,4.788082993438553,0.054460905,0.0,0.05215266660755453,23,9,0.0,2
statsbomb,1,43,1,2022,49,26,1839,4614,90.98333333333333,200,6,26,31.654149111558894,75.64102564102564,66.66666666666666,0.025,10.881113757098369,4.945960798681077,0.0,1.9783843194724309,11.870305916834585,0.0,0.0,0.0,32,15,0.0,1
statsbomb,1,43,1,2022,49,26,1839,8246,91.98333333333333,131,8,11,18.5903243341185,52.77777777777778,25.0,0.04580152671755725,10.762819351331762,4.89219061424171,0.0,0.0,3.9137524913933683,0.391275537,0.0,0.382838901938757,32,10,0.0,2
statsbomb,1,43,1,2022,49,26,1839,8526,65.98333333333333,122,5,13,24.551654458196516,75.0,0.0,0.02459016393442623,8.183884819398838,8.183884819398838,0.0,1.3639808032331397,6.819904016165699,0.160661354,0.0,0.21913900267744382,20,7,0.0,0
statsbomb,1,43,1,2022,49,27,941,,96.88333333333334,0,0,0,0.0,0.0,0.0,0.0,0.0,0.0,0.0,0.0,0.0,0.0,0.0,0.0,0,0,0.0,0
statsbomb,1,43,1,2022,49,27,941,20750,92.96666666666667,94,9,10,18.39368949444245,75.86206896551724,60.0,0.031914893617021274,8.712800286841162,8.712800286841162,0.9680889207601291,0.9680889207601291,3.8723556830405164,0.053106464,0.0,0.051411779419146646,21,10,0.0,0
statsbomb,1,43,1,2022,49,27,941,21809,94.95,115,1,17,17.061611374407583,81.81818181818183,0.0,0.017391304347826087,10.42654028436019,0.9478672985781991,2.843601895734597,0.9478672985781991,1.8957345971563981,0.0,0.0,0.0,1,1,0.0,3
statsbomb,1,43,1,2022,49,27,941,2988,82.9,105,6,5,11.942098914354645,76.66666666666667,50.0,0.02857142857142857,10.856453558504223,6.513872135102533,0.0,0.0,3.2569360675512664,0.493802531,0.0,0.5360944244873341,9,3,0.0,3
statsbomb,1,43,1,2022,49,27,941,3306,91.98333333333333,81,0,12,11.741257474180106,93.75,0.0,0.0,9.78438122848342,0.9784381228483421,0.0,0.0,1.9568762456966842,0.0,0.0,0.0,0,0,0.0,0
statsbomb,1,43,1,2022,49,27,941,3311,95.96666666666667,106,1,15,15.00521014241056,78.04878048780488,50.0,0.009433962264150943,21.56998957971518,0.93782563390066,3.75130253560264,0.93782563390066,0.93782563390066,0.32360065,0.0,0.3034809847169156,12,6,0.0,3
statsbomb,1,43,1,2022,49,27,941,3669,90.98333333333333,115,0,16,15.827074555779447,91.48936170212765,0.0,0.0,5.935152958417293,0.0,0.0,0.0,0.0,0.08036702,0.0,0.07949842608536362,3,2,0.0,1
statsbomb,1,43,1,2022,49,27,941,39167,12.916666666666666,28,4,1,34.83870967741935,60.0,0.0,0.0,27.870967741935484,27.870967741935484,0.0,0.0,13.935483870967742,0.0,0.0,0.0,3,2,0.0,0
statsbomb,1,43,1,2022,49,27,941,4318,43.983333333333334,33,0,4,8.184918529746115,56.25,0.0,0.030303030303030304,16.36983705949223,0.0,0.0,0.0,4.092459264873058,0.0,0.0,0.0,3,1,0.0,1
statsbomb,1,43,1,2022,49,27,941,6994,45.93333333333333,33,0,5,9.796806966618288,70.58823529411765,0.0,0.0,19.593613933236576,0.0,1.9593613933236576,0.0,0.0,0.0,0.0,0.0,3,1,0.0,1
statsbomb,1,43,1,2022,49,27,941,7829,2.683333333333333,2,0,1,33.54037267080746,0.0,0.0,0.0,67.08074534161491,0.0,0.0,0.0,0.0,0.0,0.0,0.0,1,0,0.0,0
statsbomb,1,43,1,2022,49,27,941,7891,46.96666666666667,63,2,10,22.995031937544354,64.0,0.0,0.015873015873015872,17.246273953158266,3.8325053229240593,0.0,3.8325053229240593,3.8325053229240593,0.04472613,0.0,0.08570656564939673,10,6,0.0,1
statsbomb,1,43,1,2022,49,27,941,8069,94.0,0,0,0,0.0,0.0,0.0,0.0,0.0,0.0,0.0,0.0,0.0,0.0,0.0,0.0,0,0,0.0,0
statsbomb,1,43,1,2022,49,27,941,8118,95.96666666666667,97,0,11,10.31608197290726,83.72093023255815,0.0,0.010309278350515464,15.00521014241056,0.93782563390066,0.93782563390066,0.0,6.56477943730462,0.0,0.0,0.0,11,5,0.0,2
statsbomb,1,43,1,2022,49,27,941,8125,93.96666666666667,129,8,20,26.81802057467187,58.333333333333336,0.0,0.023255813953488372,13.409010287335935,6.7045051436679675,0.0,1.9155728981908478,2.8733593472862715,0.23592436,0.0,0.22596515501951045,19,10,0.0,3
statsbomb,1,43,1,2022,49,27,941,8259,44.81666666666667,68,4,1,10.040907400520638,94.73684210526315,33.33333333333333,0.07352941176470588,12.049088880624765,4.016362960208255,0.0,0.0,2.0081814801041276,0.25042096,0.0,0.5028907341018966,13,2,0.0,1
statsbomb,1,43,1,2022,49,27,941,8326,96.96666666666667,73,0,25,23.20385012031626,64.86486486486487,0.0,0.0,0.0,0.0,0.0,0.0,6.4970780336885525,0.0,0.0,0.0,5,2,0.0,0
statsbomb,1,43,1,2022,50,13,768,,94.68333333333334,0,0,0,0.0,0.0,0.0,0.0,0.0,0.0,0.0,0.0,0.0,0.0,0.0,0.0,0,0,0.0,0
statsbomb,1,43,1,2022,50,13,768,10955,93.96666666666667,119,0,12,11.493437389145086,68.0,66.66666666666666,0.058823529411764705,4.7889322454771195,0.0,0.0,0.0,2.8733593472862715,0.406086861,0.0,0.388944492621497,22,8,0.0,0
statsbomb,1,43,1,2022,50,13,768,10956,13.933333333333334,34,0,3,19.37799043062201,84.61538461538461,0.0,0.0,12.91866028708134,0.0,0.0,0.0,0.0,0.0,0.0,0.0,2,2,0.0,0
statsbomb,1,43,1,2022,50,13,768,22084,60.95,93,1,7,11.812961443806397,80.0,0.0,0.0,7.383100902378999,2.9532403609515994,0.0,0.0,5.906480721903199,0.2525772,0.0,0.37296059064807213,13,2,0.0,2
statsbomb,1,43,1,2022,50,13,768,30714,75.98333333333333,115,5,4,10.660232507128756,86.48648648648648,0.0,0.034782608695652174,15.398113621408203,3.5534108357095855,1.1844702785698618,2.3689405571397235,7.106821671419171,0.0,0.0,0.0,10,5,0.0,4
statsbomb,1,43,1,2022,50,13,768,3205,93.98333333333333,205,3,19,21.067565171129633,90.78947368421053,50.0,0.00975609756097561,8.618549388189395,3.830466394750842,0.0,3.830466394750842,0.9576165986877105,0.0,0.0,0.0,16,7,0.0,2
statsbomb,1,43,1,2022,50,13,768,3244,75.98333333333333,249,5,22,31.98069752138627,93.25842696629213,0.0,0.0,2.3689405571397235,10.660232507128756,0.0,1.1844702785698618,3.5534108357095855,0.08366814,0.0,0.0991024250932222,5,3,0.0,1
statsbomb,1,43,1,2022,50,13,768,3318,27.866666666666667,37,1,2,9.688995215311005,63.63636363636363,0.0,0.0,9.688995215311005,3.229665071770335,0.0,0.0,3.229665071770335,0.1459426,0.0,0.47134571770334927,4,2,0.0,1
statsbomb,1,43,1,2022,50,13,768,3336,93.98333333333333,204,4,29,31.601347756694448,84.0,0.0,0.0,5.745699592126263,4.788082993438553,0.0,0.9576165986877105,3.830466394750842,0.0,0.0,0.0,16,12,0.0,2
statsbomb,1,43,1,2022,50,13,768,3382,92.93333333333334,167,4,21,24.21090387374462,89.55223880597015,0.0,0.0,8.715925394548062,2.9053084648493543,0.9684361549497847,0.9684361549497847,0.9684361549497847,0.0,0.0,0.0,26,9,0.0,0
statsbomb,1,43,1,2022,50,13,768,3468,92.98333333333333,114,1,32,31.941208101810357,79.16666666666666,0.0,0.0,0.0,1.9358307940491126,0.0,0.0,5.807492382147338,0.0,0.0,0.0,10,10,0.0,0
statsbomb,1,43,1,2022,50,13,768,3532,81.98333333333333,143,3,10,14.271193331978045,85.41666666666666,0.0,0.013986013986013986,8.782272819678797,2.195568204919699,1.0977841024598496,0.0,1.0977841024598496,0.13174866,0.0,0.14463158446838786,15,5,0.0,1
statsbomb,1,43,1,2022,50,13,768,3943,93.98333333333333,154,4,9,12.449015782940236,92.98245614035088,0.0,0.006493506493506494,7.660932789501684,4.788082993438553,0.0,3.830466394750842,2.8728497960631314,0.0,0.0,0.0,9,4,0.0,2
statsbomb,1,43,1,2022,50,13,768,4354,64.98333333333333,111,2,3,6.924852526288792,79.41176470588235,100.0,0.018018018018018018,11.079764042062067,1.3849705052577583,1.3849705052577583,1.3849705052577583,1.3849705052577583,0.0,0.0,0.0,21,2,0.0,1
statsbomb,1,43,1,2022,50,13,768,4706,8.816666666666666,11,0,2,20.415879017013232,75.0,0.0,0.0,40.831758034026464,0.0,0.0,0.0,0.0,0.0,0.0,0.0,1,1,0.0,0
statsbomb,1,43,1,2022,50,13,768,7843,15.866666666666667,5,0,0,0.0,100.0,0.0,0.0,28.36134453781512,0.0,0.0,0.0,0.0,0.0,0.0,0.0,0,0,0.0,2
statsbomb,1,43,1,2022,50,13,768,9638,26.916666666666668,32,1,2,10.030959752321982,88.88888888888889,0.0,0.0,26.74922600619195,3.343653250773994,0.0,3.343653250773994,10.030959752321982,0.0,0.0,0.0,2,0,0.0,0
statsbomb,1,43,1,2022,50,21,787,,94.45,0,0,0,0.0,0.0,0.0,0.0,0.0,0.0,0.0,0.0,0.0,0.0,0.0,0.0,0,0,0.0,0
statsbomb,1,43,1,2022,50,21,787,13314,17.8,18,0,0,0.0,80.0,0.0,0.0,15.168539325842694,0.0,0.0,0.0,0.0,0.0,0.0,0.0,3,0,0.0,0
statsbomb,1,43,1,2022,50,21,787,20611,68.96666666666667,37,2,0,2.6099565007249876,77.77777777777779,100.0,0.02702702702702703,11.744804253262444,2.6099565007249876,0.0,0.0,2.6099565007249876,0.08923741,0.0,0.11645287916868051,7,1,0.0,1
statsbomb,1,43,1,2022,50,21,787,20758,45.983333333333334,48,3,3,11.743385284523377,69.23076923076923,0.0,0.020833333333333332,21.52953968829286,5.871692642261689,0.0,1.9572308807538963,3.9144617615077926,0.0,0.0,0.0,6,3,0.0,2
statsbomb,1,43,1,2022,50,21,787,21026,47.95,59,1,6,13.13868613138686,85.0,0.0,0.01694915254237288,13.13868613138686,3.753910323253389,0.0,0.0,0.0,0.027956013,0.0,0.05247218289885296,4,3,0.0,1
statsbomb,1,43,1,2022,50,21,787,2941,93.98333333333333,81,5,1,5.745699592126263,85.0,100.0,0.06172839506172839,21.067565171129633,4.788082993438553,0.0,0.0,2.8728497960631314,0.736718675,0.0,0.7054940317432168,10,4,0.0,0
statsbomb,1,43,1,2022,50,21,787,31751,47.983333333333334,56,1,9,18.7565126780132,78.26086956521739,0.0,0.0,13.12955887460924,3.75130253560264,0.0,0.0,7.50260507120528,0.0,0.0,0.0,7,5,0.0,2
statsbomb,1,43,1,2022,50,21,787,32915,80.98333333333333,77,2,17,21.115455855114224,66.66666666666666,100.0,0.0,10.002058036633052,1.111339781848117,0.0,1.111339781848117,1.111339781848117,0.0,0.0,0.0,13,3,0.0,2
statsbomb,1,43,1,2022,50,21,787,3404,93.98333333333333,100,1,6,6.703316190813974,85.36585365853658,100.0,0.0,20.109948572441922,0.9576165986877105,0.0,0.9576165986877105,7.660932789501684,0.0,0.0,0.0,13,2,0.0,3
statsbomb,1,43,1,2022,50,21,787,3675,10.75,21,0,1,8.372093023255815,75.0,100.0,0.0,16.74418604651163,0.0,0.0,8.372093023255815,0.0,0.0,0.0,0.0,2,0,0.0,0
statsbomb,1,43,1,2022,50,21,787,4506,93.98333333333333,131,2,9,10.533782585564817,96.15384615384616,0.0,0.0,9.576165986877106,1.915233197375421,0.0,0.9576165986877105,2.8728497960631314,0.0,0.0,0.0,11,7,0.0,0
statsbomb,1,43,1,2022,50,21,787,50498,49.96666666666667,86,1,5,10.807204803202135,84.375,0.0,0.011627906976744186,5.403602401601067,3.602401601067378,1.801200800533689,1.801200800533689,3.602401601067378,0.08593205500000001,0.0,0.154780886257505,9,3,0.0,0
statsbomb,1,43,1,2022,50,21,787,5675,90.98333333333333,124,5,26,30.664956951822678,62.745098039215684,100.0,0.0,8.90272943762594,4.945960798681077,1.9783843194724309,1.9783843194724309,4.945960798681077,0.0,0.0,0.0,8,8,0.0,2
statsbomb,1,43,1,2022,50,21,787,7379,87.95,50,0,16,16.372939169982946,88.46153846153845,0.0,0.0,0.0,0.0,0.0,0.0,3.0699260943718025,0.0,0.0,0.0,3,1,0.0,0
statsbomb,1,43,1,2022,50,21,787,80484,45.95,35,1,1,3.917301414581066,88.88888888888889,0.0,0.0,19.58650707290533,1.958650707290533,0.0,1.958650707290533,0.0,0.0,0.0,0.0,2,1,0.0,0
statsbomb,1,43,1,2022,50,21,787,8553,91.96666666666667,134,8,29,36.20877129394708,81.13207547169812,0.0,0.0,6.850308082638637,6.850308082638637,0.0,0.0,0.0,0.0,0.0,0.0,8,7,0.0,1
statsbomb,1,43,1,2022,50,21,787,88123,47.93333333333333,29,0,0,0.0,57.14285714285714,0.0,0.06896551724137931,13.143254520166899,0.0,0.0,0.0,5.632823365785814,0.03296228,0.0,0.06189023365785813,2,0,0.0,0
statsbomb,1,43,1,2022,51,18,779,,97.96666666666667,0,0,0,0.0,0.0,0.0,0.0,0.0,0.0,0.0,0.0,0.0,0.0,0.0,0.0,0,0,0.0,0
statsbomb,1,43,1,2022,51,18,779,11456,25.983333333333334,57,1,2,10.391276459268761,80.0,20.0,0.07017543859649122,6.927517639512508,6.927517639512508,0.0,0.0,3.463758819756254,0.7485856280000001,0.0,2.5929200713277742,7,2,0.0,0
statsbomb,1,43,1,2022,51,18,779,19597,71.98333333333333,169,3,15,22.505209539245197,86.66666666666667,0.0,0.01775147928994083,13.753183607316508,2.5005788376939106,1.2502894188469553,0.0,2.5005788376939106,0.0,0.0,0.0,11,3,0.0,2
statsbomb,1,43,1,2022,51,18,779,20572,95.98333333333333,209,3,19,20.62858135092898,92.3076923076923,100.0,0.0,5.62597673207154,5.62597673207154,0.93766278867859,1.87532557735718,2.81298836603577,0.0,0.0,0.0,7,6,0.0,3
statsbomb,1,43,1,2022,51,18,779,27768,39.95,47,2,9,24.780976220275342,94.73684210526315,0.0,0.0,6.758448060075093,2.252816020025031,0.0,0.0,0.0,0.0,0.0,0.0,5,3,0.0,2
statsbomb,1,43,1,2022,51,18,779,27886,78.95,147,1,4,5.699810006333123,86.95652173913044,100.0,0.02040816326530612,15.959468017732743,2.279924002533249,0.0,2.279924002533249,4.559848005066498,0.0,0.0,0.0,14,4,0.0,4
statsbomb,1,43,1,2022,51,18,779,28263,16.966666666666665,12,0,1,5.304518664047152,80.0,0.0,0.0,5.304518664047152,0.0,0.0,5.304518664047152,0.0,0.0,0.0,0.0,4,0,0.0,0
statsbomb,1,43,1,2022,51,18,779,28268,15.833333333333334,25,0,1,5.684210526315789,85.71428571428571,0.0,0.0,17.05263157894737,0.0,0.0,5.684210526315789,5.684210526315789,0.046685893,0.0,0.2653724444210526,4,1,0.0,0
statsbomb,1,43,1,2022,51,18,779,29201,79.98333333333333,165,4,15,21.37945405292769,91.80327868852459,0.0,0.01818181818181818,11.252344238382996,3.375703271514899,0.0,4.5009376953531985,4.5009376953531985,0.0,0.0,0.0,9,4,0.0,3
statsbomb,1,43,1,2022,51,18,779,29560,71.96666666666667,68,2,0,2.5011579434923576,88.23529411764706,0.0,0.08823529411764706,23.761000463177396,1.2505789717461788,1.2505789717461788,0.0,2.5011579434923576,0.28060678,0.0,0.35092093839740623,6,2,0.0,3
statsbomb,1,43,1,2022,51,18,779,3090,96.98333333333333,259,4,21,23.19986251933322,95.83333333333334,0.0,0.0,4.639972503866644,4.639972503866644,0.0,1.8559890015466576,5.567967004639973,0.0,0.0,0.0,6,5,0.0,1
statsbomb,1,43,1,2022,51,18,779,38718,94.98333333333333,274,5,21,24.635901035269345,94.0,0.0,0.0,13.265485172837339,3.7901386208106684,0.9475346552026671,0.9475346552026671,7.580277241621337,0.0,0.0,0.0,16,13,0.0,2
statsbomb,1,43,1,2022,51,18,779,5503,96.98333333333333,213,10,13,21.343873517786562,88.52459016393442,57.14285714285714,0.023474178403755867,10.207939508506616,8.351950506959959,0.0,0.0,4.639972503866644,0.342740973,0.0,0.3180617381337,34,15,0.0,1
statsbomb,1,43,1,2022,51,18,779,5507,26.966666666666665,30,0,4,13.349814585908529,76.92307692307693,100.0,0.0,13.349814585908529,3.3374536464771323,0.0,0.0,3.3374536464771323,0.05181273,0.0,0.1729225846724351,2,1,0.0,1
statsbomb,1,43,1,2022,51,18,779,6909,96.93333333333334,75,0,13,12.070151306740028,74.19354838709677,0.0,0.0,0.0,0.0,0.0,0.0,0.9284731774415406,0.0,0.0,0.0,8,6,0.0,0
statsbomb,1,43,1,2022,51,18,779,7006,49.983333333333334,110,1,3,7.202400800266756,96.96969696969697,66.66666666666666,0.00909090909090909,12.604201400466822,3.601200400133378,0.0,0.0,3.601200400133378,0.011147299,0.0,0.0200718288096032,14,4,0.0,2
statsbomb,1,43,1,2022,51,18,779,7797,95.98333333333333,262,9,19,26.254558083000518,83.51648351648352,0.0,0.007633587786259542,15.94026740753603,4.68831394339295,0.0,2.81298836603577,6.5636395207501295,0.0,0.0,0.0,33,14,0.0,3
statsbomb,1,43,1,2022,51,7,792,,97.88333333333334,0,0,0,0.0,0.0,0.0,0.0,0.0,0.0,0.0,0.0,0.0,0.0,0.0,0.0,0,0,0.0,0
statsbomb,1,43,1,2022,51,7,792,15957,71.96666666666667,101,2,10,15.006947660954147,76.19047619047619,50.0,0.009900990099009901,16.257526632700326,3.7517369152385367,0.0,0.0,5.002315886984715,0.0,0.0,0.0,7,3,0.0,2
statsbomb,1,43,1,2022,51,7,792,22293,94.98333333333333,162,3,20,21.793297069661342,91.37931034482759,0.0,0.0,11.370415862432004,1.8950693104053342,0.0,1.8950693104053342,2.842603965608001,0.06809473,0.0,0.06452211651166871,6,4,0.0,1
statsbomb,1,43,1,2022,51,7,792,227697,24.983333333333334,16,0,0,0.0,100.0,0.0,0.125,21.61440960640427,0.0,0.0,0.0,0.0,0.23394231,0.0,0.8427541521014008,0,0,0.0,1
statsbomb,1,43,1,2022,51,7,792,28370,25.966666666666665,34,1,10,38.12580231065469,75.0,0.0,0.0,24.261874197689348,3.4659820282413354,0.0,0.0,13.863928112965342,0.0,0.0,0.0,8,5,0.0,0
statsbomb,1,43,1,2022,51,7,792,3240,94.98333333333333,125,2,23,23.68836638006668,84.90566037735849,100.0,0.0,0.0,1.8950693104053342,0.0,0.0,3.7901386208106684,0.0,0.0,0.0,6,4,0.0,0
statsbomb,1,43,1,2022,51,7,792,3281,95.98333333333333,146,2,20,20.62858135092898,88.13559322033898,0.0,0.00684931506849315,15.00260461885744,2.81298836603577,0.0,0.93766278867859,8.43896509810731,0.0,0.0,0.0,16,10,0.0,2
statsbomb,1,43,1,2022,51,7,792,33477,56.96666666666667,45,0,2,3.1597425394967815,93.33333333333333,100.0,0.0,28.437682855471035,3.1597425394967815,0.0,0.0,1.5798712697483908,0.0,0.0,0.0,6,1,0.0,1
statsbomb,1,43,1,2022,51,7,792,33488,55.96666666666667,43,1,5,9.64860035735557,66.66666666666666,0.0,0.023255813953488372,32.162001191185226,0.0,0.0,3.2162001191185228,3.2162001191185228,0.0,0.0,0.0,5,4,0.0,2
statsbomb,1,43,1,2022,51,7,792,33492,71.98333333333333,48,0,4,5.001157675387821,50.0,0.0,0.08333333333333333,35.00810372771475,0.0,0.0,0.0,2.5005788376939106,0.0,0.0,0.0,4,3,0.0,2
statsbomb,1,43,1,2022,51,7,792,33495,96.98333333333333,177,2,17,17.631895514693248,91.54929577464789,0.0,0.0,12.063928510053275,1.8559890015466576,0.0,0.9279945007733288,0.9279945007733288,0.0,0.0,0.0,3,1,0.0,1
statsbomb,1,43,1,2022,51,7,792,5479,96.98333333333333,136,2,13,13.919917511599932,79.62962962962963,100.0,0.022058823529411766,11.135934009279946,4.639972503866644,0.0,1.8559890015466576,4.639972503866644,0.07721693,0.0,0.07165688640659908,15,7,0.0,1
statsbomb,1,43,1,2022,51,7,792,5481,71.98333333333333,55,1,5,7.501736513081732,62.5,0.0,0.03636363636363636,27.506367214633016,1.2502894188469553,0.0,1.2502894188469553,1.2502894188469553,0.0,0.0,0.0,7,3,0.0,3
statsbomb,1,43,1,2022,51,7,792,5490,95.98333333333333,87,0,11,10.31429067546449,78.37837837837837,0.0,0.04597701149425287,27.19222087167911,0.0,0.0,0.0,1.87532557735718,0.0,0.0,0.0,11,2,0.0,1
statsbomb,1,43,1,2022,51,7,792,8346,38.983333333333334,38,1,2,6.926036767849508,46.666666666666664,0.0,0.0,9.234715690466011,2.3086789226165028,2.3086789226165028,0.0,4.6173578452330055,0.013616442,0.0,0.0314359926464301,10,0,0.0,0
statsbomb,1,43,1,2022,51,7,792,8859,38.96666666666667,40,3,3,13.857998289136013,77.77777777777779,50.0,0.075,30.025662959794698,6.928999144568007,0.0,0.0,4.619332763045338,0.033247408,0.0,0.07679042053036783,4,3,0.0,0
statsbomb,1,43,1,2022,51,7,792,9980,23.766666666666666,11,0,1,3.7868162692847127,0.0,0.0,0.09090909090909091,11.360448807854137,0.0,0.0,0.0,0.0,0.0,0.0,0.0,2,0,0.0,1
statsbomb,1,43,1,2022,52,19,771,,99.93333333333334,0,0,0,0.0,0.0,0.0,0.0,0.0,0.0,0.0,0.0,0.0,0.0,0.0,0.0,0,0,0.0,0
statsbomb,1,43,1,2022,52,19,771,10481,65.98333333333333,207,1,22,31.371558474362214,90.27777777777779,0.0,0.004830917874396135,12.275827229098258,2.7279616064662795,0.0,4.091942409699419,1.3639808032331397,0.017185243,0.0,0.023440341550896693,25,15,0.0,2
statsbomb,1,43,1,2022,52,19,771,11990,28.883333333333333,35,1,3,12.46393537218696,92.3076923076923,0.0,0.0,24.92787074437392,6.23196768609348,3.11598384304674,0.0,0.0,0.0,0.0,0.0,2,2,0.0,0
statsbomb,1,43,1,2022,52,19,771,2972,16.966666666666665,31,2,1,15.913555992141458,87.5,0.0,0.03225806451612903,0.0,10.609037328094304,0.0,0.0,0.0,0.0,0.0,0.0,3,1,0.0,0
statsbomb,1,43,1,2022,52,19,771,3009,89.98333333333333,185,8,5,13.002407853306167,82.92682926829268,87.5,0.032432432432432434,7.001296536395628,5.000926097425449,0.0,0.0,3.0005556584552693,0.26174300100000003,0.0,0.2617914809038711,34,7,0.0,3
statsbomb,1,43,1,2022,52,19,771,3026,89.98333333333333,166,3,18,21.003889609186885,85.24590163934425,0.0,0.012048192771084338,22.004074828671975,4.000740877940359,0.0,2.0003704389701795,5.000926097425449,0.0,0.0,0.0,26,11,0.0,4
statsbomb,1,43,1,2022,52,19,771,3099,98.95,53,1,22,20.91965639211723,62.06896551724138,0.0,0.0,0.0,0.0,0.0,0.0,1.819100555836281,0.0,0.0,0.0,4,4,0.0,0
statsbomb,1,43,1,2022,52,19,771,3604,75.98333333333333,54,1,2,3.5534108357095855,75.0,0.0,0.0,11.844702785698617,1.1844702785698618,0.0,0.0,1.1844702785698618,0.456669616,0.0,0.5409115872779118,3,1,0.0,2
statsbomb,1,43,1,2022,52,19,771,4445,91.96666666666667,171,3,21,23.486770569046755,94.11764705882352,100.0,0.0,4.893077201884741,0.9786154403769481,0.9786154403769481,0.0,0.9786154403769481,0.01624438,0.0,0.01589700108735049,14,6,0.0,2
statsbomb,1,43,1,2022,52,19,771,5477,75.98333333333333,130,11,6,20.13599473568765,81.3953488372093,0.0,0.023076923076923078,16.582583899978065,13.029173064268479,0.0,0.0,4.737881114279447,0.116911242,0.0,0.13847789137968852,24,12,0.0,0
statsbomb,1,43,1,2022,52,19,771,5485,92.98333333333333,109,5,11,15.486646352392901,88.09523809523809,100.0,0.0,1.9358307940491126,6.7754077791718945,0.0,2.903746191073669,0.9679153970245563,0.1462742,0.0,0.14158105036744933,3,3,0.0,0
statsbomb,1,43,1,2022,52,19,771,5487,94.98333333333333,142,6,18,22.74083172486401,76.78571428571429,0.0,0.02112676056338028,16.10808913844534,6.6327425864186695,0.0,2.842603965608001,6.6327425864186695,0.008752431,0.0,0.008293231689770135,32,11,0.0,2
statsbomb,1,43,1,2022,52,19,771,6704,90.98333333333333,171,3,19,21.762227514196738,93.05555555555556,100.0,0.0,6.924345118153508,2.9675764792086463,0.0,0.9891921597362154,9.891921597362154,0.10259437999999999,0.0,0.10148555632899797,25,6,0.0,1
statsbomb,1,43,1,2022,52,19,771,7439,2.6666666666666665,9,0,1,33.75,100.0,0.0,0.0,0.0,0.0,0.0,0.0,0.0,0.0,0.0,0.0,0,0,0.0,0
statsbomb,1,43,1,2022,52,19,771,8217,16.883333333333333,29,3,0,15.992102665350444,90.0,0.0,0.0,42.64560710760119,15.992102665350444,0.0,0.0,0.0,0.0,0.0,0.0,2,1,0.0,0
statsbomb,1,43,1,2022,52,19,771,8519,93.98333333333333,156,3,19,21.067565171129633,88.13559322033898,0.0,0.0,7.660932789501684,1.915233197375421,0.9576165986877105,2.8728497960631314,2.8728497960631314,0.0,0.0,0.0,9,6,0.0,1
statsbomb,1,43,1,2022,52,17,789,,99.81666666666666,0,0,0,0.0,0.0,0.0,0.0,0.0,0.0,0.0,0.0,0.0,0.0,0.0,0.0,0,0,0.0,0
statsbomb,1,43,1,2022,52,17,789,11737,23.766666666666666,56,0,10,37.86816269284713,95.23809523809523,0.0,0.0,15.14726507713885,7.573632538569425,0.0,3.7868162692847127,3.7868162692847127,0.0,0.0,0.0,6,6,0.0,1
statsbomb,1,43,1,2022,52,17,789,3034,92.98333333333333,103,0,7,6.7754077791718945,95.0,0.0,0.0,2.903746191073669,0.0,0.0,0.0,3.8716615880982252,0.041239407,0.0,0.03991625699946227,0,0,0.0,3
statsbomb,1,43,1,2022,52,17,789,31955,66.98333333333333,62,4,4,10.748942523015675,63.1578947368421,100.0,0.04838709677419355,9.405324707638716,4.0308534461308785,0.0,0.0,8.061706892261757,0.11123377000000001,0.0,0.14945567504354318,9,3,0.0,1
statsbomb,1,43,1,2022,52,17,789,3637,70.96666666666667,123,1,9,12.682010333489902,82.6086956521739,100.0,0.0,8.87740723344293,0.0,0.0,2.5364020666979803,5.072804133395961,0.0,0.0,0.0,11,4,0.0,1
statsbomb,1,43,1,2022,52,17,789,44166,83.98333333333333,200,6,28,36.43580075411788,90.54054054054053,0.0,0.0,3.2149235959515776,6.429847191903155,0.0,0.0,3.2149235959515776,0.0,0.0,0.0,11,9,0.0,1
statsbomb,1,43,1,2022,52,17,789,4626,8.6,14,0,4,41.86046511627907,100.0,0.0,0.0,0.0,0.0,0.0,0.0,20.930232558139537,0.0,0.0,0.0,1,1,0.0,0
statsbomb,1,43,1,2022,52,17,789,4664,61.95,42,1,4,7.263922518159806,73.33333333333333,100.0,0.047619047619047616,29.055690072639223,1.452784503631961,1.452784503631961,1.452784503631961,2.905569007263922,0.0,0.0,0.0,5,1,0.0,2
statsbomb,1,43,1,2022,52,17,789,4734,88.98333333333333,118,3,9,12.137104326652931,82.6086956521739,0.0,0.00847457627118644,11.125678966098521,2.022850721108822,2.022850721108822,1.011425360554411,3.034276081663233,0.023505978,0.0,0.023774542273834052,22,7,0.0,1
statsbomb,1,43,1,2022,52,17,789,50502,18.9,21,0,1,4.761904761904762,80.0,0.0,0.09523809523809523,42.857142857142854,0.0,0.0,0.0,0.0,0.0,0.0,0.0,3,0,0.0,1
statsbomb,1,43,1,2022,52,17,789,5660,94.98333333333333,188,9,27,34.11124758729601,86.95652173913044,100.0,0.005319148936170213,14.213019828040007,10.422881207229338,0.0,0.0,7.580277241621337,0.34892804,0.0,0.33062141007194246,26,20,0.0,3
statsbomb,1,43,1,2022,52,17,789,5665,28.866666666666667,30,0,2,6.235565819861431,63.63636363636363,0.0,0.03333333333333333,15.588914549653579,0.0,0.0,0.0,0.0,0.0,0.0,0.0,4,0,0.0,0
statsbomb,1,43,1,2022,52,17,789,5667,9.683333333333334,19,2,0,18.588640275387263,66.66666666666666,100.0,0.0,18.588640275387263,18.588640275387263,0.0,0.0,0.0,0.0,0.0,0.0,5,0,0.0,0
statsbomb,1,43,1,2022,52,17,789,5668,97.98333333333333,100,3,5,7.348188467426433,88.88888888888889,0.0,0.03,8.266712025854737,0.9185235584283041,0.0,0.9185235584283041,2.7555706752849125,1.024973515,0.0,0.9414623202925667,13,4,0.0,0
statsbomb,1,43,1,2022,52,17,789,5669,89.96666666666667,55,0,19,19.00703964431271,63.33333333333333,0.0,0.0,0.0,0.0,0.0,0.0,4.001482030381623,0.0,0.0,0.0,7,4,0.0,0
statsbomb,1,43,1,2022,52,17,789,5673,94.98333333333333,133,2,12,13.265485172837339,84.31372549019608,75.0,0.007518796992481203,5.685207931216002,1.8950693104053342,0.9475346552026671,0.9475346552026671,3.7901386208106684,0.0,0.0,0.0,18,6,0.0,1
statsbomb,1,43,1,2022,52,17,789,7979,84.98333333333333,70,3,2,5.295155912924104,72.72727272727273,0.0,0.014285714285714285,20.121592469111594,2.1180623651696413,1.0590311825848207,1.0590311825848207,1.0590311825848207,0.043646414,0.0,0.046222913434006675,9,3,0.0,1
statsbomb,1,43,1,2022,53,3,778,,120.0,0,0,0,0.0,0.0,0.0,0.0,0.0,0.0,0.0,0.0,0.0,0.0,0.0,0.0,0,0,0.0,0
statsbomb,1,43,1,2022,53,3,778,23527,120.0,129,7,8,11.25,73.46938775510205,100.0,0.031007751937984496,10.5,4.5,0.0,3.0,3.0,0.0,0.0,0.0,26,5,0.0,2
statsbomb,1,43,1,2022,53,3,778,23721,115.98333333333333,178,3,19,17.07141830722805,87.6923076923077,0.0,0.0056179775280898875,13.967524069550223,2.32792067825837,0.0,1.5519471188389136,10.087656272452938,0.066596221,0.0,0.05167690665325477,19,10,0.0,8
statsbomb,1,43,1,2022,53,3,778,23730,120.0,175,2,30,24.0,72.0,0.0,0.0,4.5,0.75,0.0,2.25,3.0,0.0,0.0,0.0,26,13,0.0,5
statsbomb,1,43,1,2022,53,3,778,25719,117.96666666666667,61,0,31,23.65074879909579,50.0,0.0,0.0,0.0,0.0,0.0,0.0,5.340491664311952,0.0,0.0,0.0,9,9,0.0,0
statsbomb,1,43,1,2022,53,3,778,30628,63.983333333333334,32,1,1,2.813232612659547,50.0,0.0,0.03125,26.725709820265696,0.0,0.0,0.0,2.813232612659547,0.45874894,0.0,0.6452837395154989,3,1,0.0,2
statsbomb,1,43,1,2022,53,3,778,3300,120.0,119,1,13,10.5,85.41666666666666,100.0,0.008403361344537815,4.5,2.25,0.75,3.75,1.5,0.7835,0.0,0.587625,3,2,0.0,1
statsbomb,1,43,1,2022,53,3,778,3530,46.95,46,1,10,21.08626198083067,68.18181818181817,0.0,0.0,5.750798722044728,0.0,0.0,0.0,3.8338658146964852,0.0,0.0,0.0,8,4,0.0,1
statsbomb,1,43,1,2022,53,3,778,37208,13.983333333333333,24,0,3,19.30870083432658,77.77777777777779,0.0,0.041666666666666664,19.30870083432658,0.0,0.0,6.436233611442193,0.0,0.0,0.0,0.0,2,0,0.0,0
statsbomb,1,43,1,2022,53,3,778,37211,57.95,88,9,7,24.849007765314926,70.96774193548387,0.0,0.03409090909090909,17.083692838654013,15.530629853321829,0.0,0.0,9.318377911993098,0.837634306,0.0,1.3008988358930111,13,5,0.0,3
statsbomb,1,43,1,2022,53,3,778,37215,114.98333333333333,143,3,20,18.00260907377881,89.28571428571429,0.0,0.0,0.7827221336425569,0.7827221336425569,0.0,0.7827221336425569,0.7827221336425569,0.17448755,0.0,0.13657526743006232,15,10,0.0,0
statsbomb,1,43,1,2022,53,3,778,37221,105.98333333333333,152,3,19,18.68218273313414,78.94736842105263,0.0,0.0,14.436232111967291,1.69838024846674,0.0,0.0,8.4919012423337,0.093221746,0.0,0.07916298606699167,19,10,0.0,3
statsbomb,1,43,1,2022,53,3,778,5690,63.93333333333333,83,2,10,16.892596454640252,67.64705882352942,100.0,0.0,9.854014598540147,0.0,0.0,1.407716371220021,8.446298227320126,0.0,0.0,0.0,9,2,0.0,0
statsbomb,1,43,1,2022,53,3,778,8361,85.98333333333333,105,3,11,14.654002713704207,72.72727272727273,50.0,0.0380952380952381,7.3270013568521035,3.1401434386509015,0.0,2.093428959100601,6.280286877301803,0.056113943,0.0,0.05873527664276023,22,6,0.0,1
statsbomb,1,43,1,2022,53,3,778,8776,31.933333333333334,44,2,4,16.910229645093946,78.57142857142857,0.0,0.0,8.455114822546973,5.6367432150313155,0.0,0.0,2.8183716075156577,0.82017642,0.0,2.3115619352818375,8,3,0.0,0
statsbomb,1,43,1,2022,53,3,778,8949,58.93333333333333,55,3,3,9.162895927601811,72.72727272727273,0.0,0.09090909090909091,12.217194570135748,4.581447963800906,0.0,1.5271493212669685,6.108597285067874,0.7835,0.0,1.1965214932126698,5,3,0.0,1
statsbomb,1,43,1,2022,53,3,778,9411,72.98333333333333,109,5,9,17.264215574332038,88.88888888888889,100.0,0.009174311926605505,12.331582553094314,6.165791276547157,1.2331582553094314,1.2331582553094314,2.4663165106188627,0.12899764,0.0,0.1590745046814341,18,7,0.0,1
statsbomb,1,43,1,2022,53,29,785,,120.0,0,0,0,0.0,0.0,0.0,0.0,0.0,0.0,0.0,0.0,0.0,0.0,0.0,0.0,0,0,0.0,0
statsbomb,1,43,1,2022,53,29,785,11127,119.98333333333333,154,5,23,21.002917071815528,74.6268656716418,0.0,0.0,14.251979441589109,0.7501041811362689,0.0,0.7501041811362689,2.2503125434088065,0.015196718,0.0,0.011399121711348797,21,8,0.0,1
statsbomb,1,43,1,2022,53,29,785,11603,56.95,51,1,5,9.482001755926252,64.70588235294117,0.0,0.058823529411764705,14.223002633889378,1.5803336259877085,0.0,3.160667251975417,3.160667251975417,0.871565211,0.0,1.3773638101843722,7,4,0.0,2
statsbomb,1,43,1,2022,53,29,785,16527,14.733333333333333,17,0,1,6.108597285067874,60.0,100.0,0.0,0.0,0.0,0.0,0.0,0.0,0.009676031,0.0,0.05910697669683258,5,1,0.0,0
statsbomb,1,43,1,2022,53,29,785,16531,120.0,80,0,20,15.0,78.57142857142857,0.0,0.0,0.0,0.0,0.0,0.0,7.5,0.0,0.0,0.0,5,3,0.0,0
statsbomb,1,43,1,2022,53,29,785,22041,18.866666666666667,13,0,1,4.770318021201414,75.0,0.0,0.0,4.770318021201414,0.0,0.0,0.0,9.540636042402827,0.830736525,0.0,3.9628774160777382,2,1,0.0,0
statsbomb,1,43,1,2022,53,29,785,28914,22.983333333333334,54,1,1,7.8317621464829585,94.44444444444444,100.0,0.0,15.663524292965917,7.8317621464829585,0.0,3.9158810732414793,11.747643219724438,0.06501122,0.0,0.2545762059463379,7,1,0.0,0
statsbomb,1,43,1,2022,53,29,785,29163,119.98333333333333,243,6,32,28.503958883178218,84.6938775510204,0.0,0.00411522633744856,4.500625086817613,2.2503125434088065,0.0,0.0,4.500625086817613,0.0,0.0,0.0,43,15,0.0,0
statsbomb,1,43,1,2022,53,29,785,33018,119.98333333333333,218,12,30,31.504375607723293,87.5,0.0,0.0,7.501041811362689,6.000833449090151,0.0,0.7501041811362689,3.7505209056813444,0.061746918,0.0,0.04631662136407834,15,13,0.0,2
statsbomb,1,43,1,2022,53,29,785,3441,18.95,29,0,1,4.74934036939314,88.88888888888889,0.0,0.0,14.24802110817942,0.0,0.0,0.0,4.74934036939314,0.7835,0.0,3.721108179419525,6,0,0.0,0
statsbomb,1,43,1,2022,53,29,785,3471,119.98333333333333,264,4,31,26.25364633976941,90.29126213592234,0.0,0.003787878787878788,3.7505209056813444,2.2503125434088065,0.0,0.7501041811362689,3.7505209056813444,0.0,0.0,0.0,11,9,0.0,1
statsbomb,1,43,1,2022,53,29,785,5456,98.96666666666667,156,2,11,11.822162344223644,89.83050847457628,0.0,0.01282051282051282,22.73492758504547,4.546985517009094,0.9093971034018188,0.9093971034018188,4.546985517009094,0.02993381,0.0,0.027221720107780397,18,7,0.0,3
statsbomb,1,43,1,2022,53,29,785,5460,67.98333333333333,65,1,0,1.323853885756313,89.47368421052632,0.0,0.046153846153846156,2.647707771512626,3.9715616572689387,0.0,0.0,3.9715616572689387,0.19622508700000002,0.0,0.2597733439078206,6,0,0.0,1
statsbomb,1,43,1,2022,53,29,785,5463,95.98333333333333,211,10,24,31.88053481507206,83.11688311688312,0.0,0.009478672985781991,17.81559298489321,5.62597673207154,0.0,0.93766278867859,3.75065115471436,0.031055314,0.0,0.029119412328529257,37,16,0.0,1
statsbomb,1,43,1,2022,53,29,785,5469,120.0,355,7,37,33.0,88.54961832061069,0.0,0.005633802816901409,9.75,5.25,0.0,0.75,4.5,0.7835,0.0,0.587625,35,23,0.0,0
statsbomb,1,43,1,2022,53,29,785,5474,106.96666666666667,112,1,5,5.048301651604861,63.888888888888886,100.0,0.0625,13.462137737612963,1.6827672172016204,0.8413836086008102,0.8413836086008102,3.3655344344032407,0.209131452,0.0,0.1759597757556871,22,2,0.0,2
statsbomb,1,43,1,2022,53,29,785,7693,61.95,56,2,2,5.811138014527844,47.05882352941176,0.0,0.03571428571428571,13.07506053268765,2.905569007263922,1.452784503631961,0.0,2.905569007263922,0.0,0.0,0.0,14,2,0.0,3
statsbomb,1,43,1,2022,53,29,785,8654,44.95,29,0,1,2.0022246941045605,66.66666666666666,0.0,0.0,18.020022246941046,0.0,0.0,0.0,2.0022246941045605,0.10111922,0.0,0.20246339933259175,4,0,0.0,2
statsbomb,1,43,1,2022,54,4,772,,120.0,0,0,0,0.0,0.0,0.0,0.0,0.0,0.0,0.0,0.0,0.0,0.0,0.0,0.0,0,0,0.0,0
statsbomb,1,43,1,2022,54,4,772,11748,120.0,62,0,25,18.75,91.17647058823529,0.0,0.0,0.0,0.0,0.0,0.0,3.0,0.0,0.0,0.0,1,0,0.0,0
statsbomb,1,43,1,2022,54,4,772,133353,62.983333333333334,76,2,5,10.002646202699127,78.26086956521739,0.0,0.039473684210526314,20.005292405398254,1.4289494575284467,0.0,0.0,1.4289494575284467,0.0,0.0,0.0,6,2,0.0,0
statsbomb,1,43,1,2022,54,4,772,16532,97.98333333333333,123,3,6,8.266712025854737,89.1891891891892,50.0,0.024390243902439025,11.940806259567953,0.9185235584283041,0.9185235584283041,0.0,4.592617792141521,0.0391182452,0.0,0.03593102978057493,19,3,0.0,0
statsbomb,1,43,1,2022,54,4,772,30486,120.0,419,9,44,39.75,92.51700680272108,60.0,0.007159904534606206,16.5,6.0,0.0,1.5,6.75,0.0,0.0,0.0,64,37,0.0,2
statsbomb,1,43,1,2022,54,4,772,30756,24.816666666666666,32,0,0,0.0,87.5,0.0,0.0625,7.25319006044325,0.0,0.0,0.0,0.0,0.0,0.0,0.0,3,0,0.0,1
statsbomb,1,43,1,2022,54,4,772,3477,54.96666666666667,36,3,4,11.461491813220134,62.5,0.0,0.0,16.373559733171618,6.5494238932686475,0.0,0.0,0.0,0.06643173799999999,0.0,0.10877240303214067,7,4,0.0,3
statsbomb,1,43,1,2022,54,4,772,39161,23.933333333333334,45,1,1,7.520891364902507,93.33333333333333,0.0,0.0,22.56267409470752,3.7604456824512535,0.0,0.0,7.520891364902507,0.077706024,0.0,0.2922092824512535,4,1,0.0,3
statsbomb,1,43,1,2022,54,4,772,4353,120.0,496,12,34,34.5,95.55555555555556,0.0,0.0,3.0,9.0,0.0,1.5,1.5,0.04145577,0.0,0.031091827500000002,22,23,0.0,0
statsbomb,1,43,1,2022,54,4,772,5203,120.0,184,7,22,21.75,88.1578947368421,100.0,0.010869565217391304,6.0,3.75,0.75,0.0,1.5,0.8544334,0.0,0.64082505,33,12,0.0,1
statsbomb,1,43,1,2022,54,4,772,5211,97.98333333333333,307,2,27,26.63718319442082,86.8421052631579,100.0,0.006514657980456026,11.02228270113965,1.8370471168566083,0.0,1.8370471168566083,2.7555706752849125,0.0,0.0,0.0,40,16,0.0,1
statsbomb,1,43,1,2022,54,4,772,5719,61.983333333333334,50,0,2,2.904006453347674,78.57142857142857,0.0,0.1,20.32804517343372,1.452003226673837,0.0,0.0,0.0,0.025564773,0.0,0.03712013288518418,10,0,0.0,1
statsbomb,1,43,1,2022,54,4,772,6583,58.983333333333334,109,2,12,21.36196665724781,92.5,100.0,0.0,12.206838089855891,1.5258547612319864,0.0,0.0,1.5258547612319864,0.8230052019999999,0.0,1.2557864059903927,25,10,0.0,0
statsbomb,1,43,1,2022,54,4,772,6720,3.9166666666666665,12,0,0,0.0,40.0,0.0,0.0,0.0,0.0,0.0,0.0,22.97872340425532,0.88757615,0.0,20.39536685106383,5,0,0.0,0
statsbomb,1,43,1,2022,54,4,772,6748,74.96666666666667,101,2,2,4.802134281903068,79.16666666666666,50.0,0.06930693069306931,16.807469986660738,2.401067140951534,0.0,0.0,3.6016007114273005,0.0,0.0,0.0,13,1,0.0,1
statsbomb,1,43,1,2022,54,4,772,6765,120.0,588,20,50,52.5,92.72727272727272,0.0,0.0017006802721088435,3.75,11.25,0.0,1.5,4.5,0.0056476467,0.0,0.0042357350249999995,37,29,0.0,4
statsbomb,1,43,1,2022,54,4,772,6840,120.0,266,3,27,22.5,91.34615384615384,0.0,0.007518796992481203,12.0,3.0,0.75,0.75,7.5,0.024551911,0.0,0.01841393325,36,13,0.0,4
statsbomb,1,43,1,2022,54,4,772,68574,39.983333333333334,77,4,1,11.254689453939141,78.94736842105263,40.0,0.07792207792207792,9.003751563151313,9.003751563151313,0.0,0.0,2.2509378907878284,0.0,0.0,0.0,9,0,0.0,1
statsbomb,1,43,1,2022,54,28,788,,120.0,0,0,0,0.0,0.0,0.0,0.0,0.0,0.0,0.0,0.0,0.0,0.0,0.0,0.0,0,0,0.0,0
statsbomb,1,43,1,2022,54,28,788,12149,83.86666666666666,53,1,10,11.804451510333864,79.16666666666666,0.0,0.0,4.292527821939587,0.0,0.0,0.0,2.1462639109697936,0.25141555,0.0,0.2698020608108108,6,5,0.0,3
statsbomb,1,43,1,2022,54,28,788,149714,55.9,31,0,3,4.83005366726297,70.0,0.0,0.16129032258064516,35.42039355992845,0.0,0.0,3.2200357781753133,6.440071556350627,0.0,0.0,0.0,2,0,0.0,1
statsbomb,1,43,1,2022,54,28,788,15890,81.95,58,2,13,16.47345942647956,80.76923076923077,0.0,0.017241379310344827,9.884075655887736,2.1964612568639414,2.1964612568639414,1.0982306284319707,2.1964612568639414,0.023416335,0.0,0.02571653630262355,7,2,0.0,0
statsbomb,1,43,1,2022,54,28,788,23774,80.96666666666667,29,0,1,1.1115685467270482,88.88888888888889,0.0,0.10344827586206896,12.22725401399753,0.0,0.0,2.2231370934540964,2.2231370934540964,0.0,0.0,0.0,2,0,0.0,0
statsbomb,1,43,1,2022,54,28,788,296254,36.983333333333334,19,1,0,2.4335286164939163,75.0,0.0,0.10526315789473684,9.734114465975665,2.4335286164939163,0.0,0.0,0.0,0.249388745,0.0,0.606894647589004,1,1,0.0,1
statsbomb,1,43,1,2022,54,28,788,31295,35.96666666666667,15,0,9,22.520852641334567,36.36363636363637,0.0,0.0,22.520852641334567,0.0,0.0,0.0,0.0,0.0,0.0,0.0,3,3,0.0,1
statsbomb,1,43,1,2022,54,28,788,3625,65.96666666666667,68,7,8,20.46488125315816,50.0,75.0,0.058823529411764705,17.73623041940374,9.550277918140475,1.3643254168772108,0.0,6.821627084386054,0.0,0.0,0.0,15,8,0.0,1
statsbomb,1,43,1,2022,54,28,788,3634,36.96666666666667,21,0,3,7.303877366997295,57.14285714285714,0.0,0.0,9.738503155996392,0.0,0.0,0.0,0.0,0.7876954389999999,0.0,1.917743629666366,3,3,0.0,1
statsbomb,1,43,1,2022,54,28,788,46258,119.98333333333333,120,2,5,5.250729267953882,79.54545454545455,100.0,0.025,12.75177107931657,0.7501041811362689,0.7501041811362689,3.0004167245450755,2.2503125434088065,0.0,0.0,0.0,8,2,0.0,5
statsbomb,1,43,1,2022,54,28,788,5219,117.95,61,1,15,12.208562950402714,71.875,0.0,0.01639344262295082,9.919457397202205,0.7630351844001696,0.7630351844001696,1.5260703688003392,3.0521407376006784,0.0,0.0,0.0,6,5,0.0,3
statsbomb,1,43,1,2022,54,28,788,5234,115.95,86,3,9,9.314359637774903,83.33333333333334,0.0,0.0,20.957309184993534,3.1047865459249677,0.7761966364812419,0.7761966364812419,6.2095730918499354,0.0,0.0,0.0,7,3,0.0,5
statsbomb,1,43,1,2022,54,28,788,5237,120.0,109,4,18,16.5,72.97297297297297,100.0,0.027522935779816515,13.5,1.5,0.0,3.0,4.5,0.7835,0.0,0.587625,16,13,0.0,3
statsbomb,1,43,1,2022,54,28,788,5245,120.0,121,1,23,18.0,74.07407407407408,0.0,0.03305785123966942,10.5,2.25,0.75,1.5,7.5,0.8254585369999999,0.0,0.61909390275,14,3,0.0,2
statsbomb,1,43,1,2022,54,28,788,6301,74.95,38,0,3,3.6024016010673785,76.92307692307693,100.0,0.0,13.208805870580386,0.0,0.0,0.0,1.200800533689126,0.0,0.0,0.0,3,0,0.0,1
statsbomb,1,43,1,2022,54,28,788,67700,3.1,1,0,0,0.0,0.0,0.0,0.0,0.0,0.0,0.0,0.0,0.0,0.7835,0.0,22.746774193548386,0,0,0.0,0
statsbomb,1,43,1,2022,54,28,788,6785,119.96666666666667,71,0,36,27.007502083912197,51.28205128205128,0.0,0.0,0.0,0.7502083912197832,0.0,0.0,3.000833564879133,0.0,0.0,0.0,5,3,0.0,0
statsbomb,1,43,1,2022,54,28,788,7459,37.983333333333334,9,0,2,4.738920579201404,33.33333333333333,0.0,0.0,2.369460289600702,0.0,0.0,0.0,0.0,0.0,0.0,0.0,1,1,0.0,0
statsbomb,1,43,1,2022,55,8,781,,93.96666666666667,0,0,0,0.0,0.0,0.0,0.0,0.0,0.0,0.0,0.0,0.0,0.0,0.0,0.0,0,0,0.0,0
statsbomb,1,43,1,2022,55,8,781,10595,89.98333333333333,162,8,8,16.002963511761436,76.59574468085107,60.0,0.030864197530864196,15.002778292276346,8.001481755880718,0.0,2.0003704389701795,9.001666975365808,0.359294435,0.0,0.35936098333024635,30,4,0.0,2
statsbomb,1,43,1,2022,55,8,781,11493,21.966666666666665,47,0,5,20.485584218512898,89.47368421052632,0.0,0.0,4.09711684370258,0.0,0.0,0.0,4.09711684370258,0.34439024,0.0,1.411007053110774,4,1,0.0,0
statsbomb,1,43,1,2022,55,8,781,13620,61.983333333333334,119,3,16,27.588061306802903,97.91666666666666,0.0,0.0,17.424038720086045,1.452003226673837,0.0,0.0,5.808012906695348,0.0,0.0,0.0,11,7,0.0,3
statsbomb,1,43,1,2022,55,8,781,18395,70.85,111,9,3,15.24347212420607,79.3103448275862,66.66666666666666,0.018018018018018018,11.432604093154552,10.162314749470713,0.0,1.2702893436838392,3.8108680310515175,0.18697343,0.0,0.23751035568101625,18,5,0.0,2
statsbomb,1,43,1,2022,55,8,781,22600,93.96666666666667,162,0,14,13.409010287335935,93.10344827586206,0.0,0.006172839506172839,11.493437389145086,0.9577864490954239,0.9577864490954239,0.9577864490954239,0.9577864490954239,0.34406107,0.0,0.32953703050727207,19,5,0.0,5
statsbomb,1,43,1,2022,55,8,781,25101,10.4,7,0,5,43.26923076923077,80.0,0.0,0.0,0.0,0.0,0.0,0.0,0.0,0.0,0.0,0.0,2,2,0.0,0
statsbomb,1,43,1,2022,55,8,781,25104,13.966666666666667,24,0,0,0.0,71.42857142857143,0.0,0.041666666666666664,25.77565632458234,0.0,0.0,0.0,6.443914081145585,0.0,0.0,0.0,6,0,0.0,0
statsbomb,1,43,1,2022,55,8,781,29976,21.966666666666665,41,1,1,8.19423368740516,83.33333333333334,50.0,0.024390243902439025,8.19423368740516,0.0,0.0,0.0,4.09711684370258,0.0,0.0,0.0,9,1,0.0,0
statsbomb,1,43,1,2022,55,8,781,3063,71.98333333333333,200,1,19,25.00578837693911,91.8918918918919,0.0,0.0,6.251447094234777,0.0,0.0,0.0,3.750868256540866,0.0,0.0,0.0,13,7,0.0,3
statsbomb,1,43,1,2022,55,8,781,3280,93.98333333333333,91,5,2,6.703316190813974,80.95238095238095,40.0,0.054945054945054944,18.1947153750665,3.830466394750842,0.0,0.9576165986877105,5.745699592126263,0.8060856,0.0,0.7719209505231424,11,3,0.0,5
statsbomb,1,43,1,2022,55,8,781,3295,93.98333333333333,229,1,22,22.025181769817344,95.34883720930233,0.0,0.0,1.915233197375421,0.0,0.9576165986877105,1.915233197375421,0.0,0.0,0.0,0.0,12,6,0.0,0
statsbomb,1,43,1,2022,55,8,781,4320,80.98333333333333,148,6,13,21.115455855114224,80.43478260869566,40.0,0.02702702702702703,3.334019345544351,3.334019345544351,0.0,0.0,4.445359127392468,1.136033314,0.0,1.2625190153529535,21,9,0.0,1
statsbomb,1,43,1,2022,55,8,781,4324,30.983333333333334,53,0,9,26.14308768154922,89.47368421052632,0.0,0.0,0.0,0.0,0.0,0.0,2.9047875201721354,0.055156611,0.0,0.16021823528778914,7,3,0.0,0
statsbomb,1,43,1,2022,55,8,781,4372,93.98333333333333,193,4,14,17.23709877637879,91.66666666666666,0.0,0.0,2.8728497960631314,3.830466394750842,0.0,0.9576165986877105,0.9576165986877105,0.0,0.0,0.0,5,3,0.0,2
statsbomb,1,43,1,2022,55,8,781,5539,92.98333333333333,185,0,23,22.262054131564796,85.52631578947368,100.0,0.0,15.486646352392901,0.0,0.9679153970245563,0.0,3.8716615880982252,0.029429397,0.0,0.028485166481448287,22,8,0.0,5
statsbomb,1,43,1,2022,55,8,781,5547,77.96666666666667,47,0,6,6.926036767849508,90.9090909090909,0.0,0.0,0.0,0.0,0.0,0.0,3.463018383924754,0.0,0.0,0.0,0,0,0.0,0
statsbomb,1,43,1,2022,55,14,791,,93.96666666666667,0,0,0,0.0,0.0,0.0,0.0,0.0,0.0,0.0,0.0,0.0,0.0,0.0,0.0,0,0,0.0,0
statsbomb,1,43,1,2022,55,14,791,22740,18.833333333333332,24,3,2,23.893805309734514,87.5,0.0,0.0,38.230088495575224,4.778761061946903,0.0,0.0,0.0,0.0,0.0,0.0,5,3,0.0,3
statsbomb,1,43,1,2022,55,14,791,23264,29.966666666666665,60,1,7,24.02669632925473,79.16666666666666,0.0,0.0,21.02335928809789,0.0,0.0,3.003337041156841,6.006674082313682,0.023081098,0.0,0.06932031657397109,10,5,0.0,0
statsbomb,1,43,1,2022,55,14,791,23763,64.98333333333333,142,0,15,20.774557578866375,81.63265306122449,100.0,0.0,23.54449858938189,1.3849705052577583,0.0,0.0,4.154911515773275,0.026666574,0.0,0.036932418466273396,17,5,0.0,5
statsbomb,1,43,1,2022,55,14,791,29966,11.9,2,0,0,0.0,0.0,0.0,0.0,15.126050420168067,0.0,0.0,0.0,0.0,0.0,0.0,0.0,0,0,0.0,0
statsbomb,1,43,1,2022,55,14,791,3083,92.96666666666667,107,2,5,6.776622445320903,67.64705882352942,50.0,0.018691588785046728,14.521333811401936,0.0,0.0,0.9680889207601291,2.904266762280387,0.1490943,0.0,0.14433653997848692,14,0,0.0,2
statsbomb,1,43,1,2022,55,14,791,37641,91.96666666666667,53,0,13,12.722000724900326,78.57142857142857,0.0,0.0,0.0,0.0,0.0,0.0,4.893077201884741,0.0,0.0,0.0,0,0,0.0,0
statsbomb,1,43,1,2022,55,14,791,40538,48.95,56,0,7,12.870275791624106,80.76923076923077,0.0,0.017857142857142856,9.19305413687436,0.0,0.0,5.515832482124617,1.8386108273748722,0.0,0.0,0.0,8,3,0.0,0
statsbomb,1,43,1,2022,55,14,791,40542,79.95,59,1,5,6.75422138836773,83.33333333333334,0.0,0.05084745762711865,20.26266416510319,1.125703564727955,0.0,1.125703564727955,1.125703564727955,0.0,0.0,0.0,6,3,0.0,1
statsbomb,1,43,1,2022,55,14,791,40558,48.983333333333334,98,1,13,25.72303504593399,97.5,0.0,0.0,20.210956107519564,0.0,1.8373596461381423,3.6747192922762846,5.512078938414427,0.0,0.0,0.0,9,9,0.0,1
statsbomb,1,43,1,2022,55,14,791,40672,92.98333333333333,140,2,5,6.7754077791718945,92.3076923076923,100.0,0.007142857142857143,14.518730955368344,1.9358307940491126,1.9358307940491126,2.903746191073669,1.9358307940491126,0.0,0.0,0.0,26,4,0.0,1
statsbomb,1,43,1,2022,55,14,791,43565,93.98333333333333,179,7,26,31.601347756694448,96.92307692307692,0.0,0.00558659217877095,6.703316190813974,4.788082993438553,0.0,2.8728497960631314,3.830466394750842,0.0,0.0,0.0,18,11,0.0,2
statsbomb,1,43,1,2022,55,14,791,5604,93.98333333333333,165,2,17,18.1947153750665,91.93548387096774,0.0,0.0,7.660932789501684,2.8728497960631314,0.0,2.8728497960631314,0.9576165986877105,0.0,0.0,0.0,7,6,0.0,3
statsbomb,1,43,1,2022,55,14,791,5618,49.983333333333334,91,4,13,30.610203401133713,91.66666666666666,0.0,0.0,16.2054018006002,3.601200400133378,0.0,3.601200400133378,3.601200400133378,0.0,0.0,0.0,11,7,0.0,2
statsbomb,1,43,1,2022,55,14,791,5620,93.95,194,7,6,12.453432676955826,81.13207547169812,28.57142857142857,0.030927835051546393,23.94890899414582,6.70569451836083,0.0,0.9579563597658328,6.70569451836083,0.14598530540000001,0.0,0.1398475517402874,32,2,0.0,5
statsbomb,1,43,1,2022,55,14,791,5623,72.95,128,7,4,13.570938999314597,86.95652173913044,0.0,0.0078125,25.908156271418775,11.103495544893761,0.0,1.233721727210418,1.233721727210418,0.0,0.0,0.0,15,5,0.0,3
statsbomb,1,43,1,2022,55,14,791,5986,44.95,55,2,5,14.015572858731923,85.0,0.0,0.0,14.015572858731923,2.0022246941045605,0.0,2.0022246941045605,6.0066740823136815,0.0,0.0,0.0,9,3,0.0,0
statsbomb,1,43,1,2022,56,6,773,,94.96666666666667,0,0,0,0.0,0.0,0.0,0.0,0.0,0.0,0.0,0.0,0.0,0.0,0.0,0.0,0,0,0.0,0
statsbomb,1,43,1,2022,56,6,773,16026,49.95,42,1,5,10.81081081081081,93.75,0.0,0.023809523809523808,19.819819819819816,5.405405405405405,0.0,0.0,1.8018018018018016,0.0,0.0,0.0,5,3,0.0,0
statsbomb,1,43,1,2022,56,6,773,29006,25.983333333333334,34,2,3,17.318794098781268,80.0,0.0,0.0,38.101347017318794,6.927517639512508,0.0,0.0,3.463758819756254,0.032096077,0.0,0.11117306978832585,5,2,0.0,0
statsbomb,1,43,1,2022,56,6,773,29012,48.983333333333334,105,3,10,23.88567539979585,92.10526315789474,0.0,0.0,12.861517522966995,9.186798230690712,0.0,7.349438584552569,5.512078938414427,0.0,0.0,0.0,3,2,0.0,1
statsbomb,1,43,1,2022,56,6,773,30401,65.98333333333333,99,7,2,12.275827229098258,77.14285714285715,0.0,0.0,4.091942409699419,9.547865622631978,0.0,1.3639808032331397,1.3639808032331397,0.0,0.0,0.0,17,4,0.0,0
statsbomb,1,43,1,2022,56,6,773,3500,91.98333333333333,199,3,19,21.525638702663525,87.67123287671232,100.0,0.0,12.719695597028448,3.9137524913933683,0.0,0.9784381228483421,1.9568762456966842,0.0836758,0.0,0.0818715926798333,15,8,0.0,3
statsbomb,1,43,1,2022,56,6,773,3533,93.96666666666667,133,2,8,9.577864490954239,71.7948717948718,0.0,0.022556390977443608,6.7045051436679675,0.9577864490954239,0.0,0.0,2.8733593472862715,0.031760704,0.0,0.030419971904930825,27,7,0.0,1
statsbomb,1,43,1,2022,56,6,773,3913,92.98333333333333,134,3,15,17.422477146442013,79.24528301886792,100.0,0.0,6.7754077791718945,2.903746191073669,0.0,0.0,3.8716615880982252,0.0,0.0,0.0,20,3,0.0,0
statsbomb,1,43,1,2022,56,6,773,41655,5.95,16,0,1,15.126050420168067,83.33333333333334,0.0,0.0625,15.126050420168067,0.0,0.0,0.0,0.0,0.0,0.0,0.0,3,1,0.0,1
statsbomb,1,43,1,2022,56,6,773,5537,45.96666666666667,92,1,10,21.537345902828136,80.55555555555556,0.0,0.0,3.9158810732414793,1.9579405366207396,0.0,1.9579405366207396,3.9158810732414793,0.024413843,0.0,0.04780085286439449,5,5,0.0,0
statsbomb,1,43,1,2022,56,6,773,5538,35.96666666666667,43,1,4,12.511584800741426,84.61538461538461,100.0,0.023255813953488372,12.511584800741426,0.0,0.0,0.0,2.5023169601482853,0.04188712,0.0,0.10481485078776645,3,3,0.0,0
statsbomb,1,43,1,2022,56,6,773,5543,37.9,18,1,3,9.49868073878628,83.33333333333334,0.0,0.0,7.12401055408971,2.37467018469657,0.0,0.0,0.0,0.0,0.0,0.0,5,4,0.0,1
statsbomb,1,43,1,2022,56,6,773,5544,93.96666666666667,165,1,23,22.986874778290172,79.6875,0.0,0.0,8.620078041858815,2.8733593472862715,0.0,0.9577864490954239,1.9155728981908478,0.0,0.0,0.0,18,5,0.0,2
statsbomb,1,43,1,2022,56,6,773,5545,88.98333333333333,67,3,3,6.068552163326466,73.68421052631578,100.0,0.014925373134328358,12.137104326652931,4.045701442217644,1.011425360554411,0.0,0.0,0.094266428,0.0,0.09534345592807643,6,2,0.0,2
statsbomb,1,43,1,2022,56,6,773,5549,94.98333333333333,165,3,21,22.74083172486401,93.65079365079364,100.0,0.0,6.6327425864186695,1.8950693104053342,0.0,0.9475346552026671,3.7901386208106684,0.6688656,0.0,0.633773335672925,5,6,0.0,1
statsbomb,1,43,1,2022,56,6,773,5550,87.98333333333333,86,0,19,19.435499147565825,91.17647058823529,0.0,0.0,1.0229210077666224,0.0,0.0,0.0,2.045842015533245,0.0,0.0,0.0,0,0,0.0,0
statsbomb,1,43,1,2022,56,6,773,6983,51.9,66,2,6,13.872832369942197,82.6086956521739,0.0,0.030303030303030304,12.138728323699421,5.202312138728324,0.0,0.0,5.202312138728324,0.2948616,0.0,0.5113206936416185,10,3,0.0,1
statsbomb,1,43,1,2022,56,15,780,,94.96666666666667,0,0,0,0.0,0.0,0.0,0.0,0.0,0.0,0.0,0.0,0.0,0.0,0.0,0.0,0,0,0.0,0
statsbomb,1,43,1,2022,56,15,780,10868,17.95,32,0,2,10.027855153203342,69.23076923076923,0.0,0.0,40.11142061281337,0.0,0.0,0.0,0.0,0.0,0.0,0.0,2,0,0.0,0
statsbomb,1,43,1,2022,56,15,780,11184,73.98333333333333,103,4,6,12.16490200495607,86.48648648648648,0.0,0.02912621359223301,19.463843207929713,2.432980400991214,1.216490200495607,0.0,2.432980400991214,0.032515083,0.0,0.039554279837801305,9,4,0.0,2
statsbomb,1,43,1,2022,56,15,780,12041,72.93333333333334,107,3,9,14.808043875685556,84.84848484848484,66.66666666666666,0.018691588785046728,8.638025594149909,7.404021937842778,0.0,1.2340036563071297,2.4680073126142594,0.043932665,0.0,0.05421306924131627,14,6,0.0,0
statsbomb,1,43,1,2022,56,15,780,16028,93.95,81,0,10,9.579563597658328,88.88888888888889,100.0,0.0,15.327301756253325,0.9579563597658328,0.9579563597658328,1.9159127195316656,1.9159127195316656,0.0,0.0,0.0,11,4,0.0,3
statsbomb,1,43,1,2022,56,15,780,18360,4.866666666666666,12,1,0,18.493150684931507,66.66666666666666,0.0,0.0,18.493150684931507,18.493150684931507,0.0,0.0,0.0,0.010257767,0.0,0.18969843082191779,1,1,0.0,0
statsbomb,1,43,1,2022,56,15,780,20016,92.95,148,1,22,22.270037654653038,77.35849056603774,0.0,0.0,5.809575040344271,3.8730500268961805,0.0,0.9682625067240451,2.9047875201721354,0.1857982,0.0,0.17990143087681548,12,11,0.0,0
statsbomb,1,43,1,2022,56,15,780,3193,80.98333333333333,125,8,6,15.558756945873638,86.95652173913044,0.0,0.0,20.004116073266104,11.11339781848117,0.0,1.111339781848117,3.334019345544351,0.0,0.0,0.0,17,8,0.0,2
statsbomb,1,43,1,2022,56,15,780,32975,92.98333333333333,76,0,28,27.101631116687578,57.57575757575758,0.0,0.0,0.0,0.0,0.0,0.0,1.9358307940491126,0.0,0.0,0.0,6,6,0.0,0
statsbomb,1,43,1,2022,56,15,780,34639,18.983333333333334,31,1,2,14.223002633889376,83.33333333333334,0.0,0.0,28.44600526777875,4.741000877963125,0.0,0.0,4.741000877963125,0.0,0.0,0.0,3,1,0.0,1
statsbomb,1,43,1,2022,56,15,780,38803,72.93333333333334,74,0,2,2.4680073126142594,70.0,0.0,0.05405405405405406,22.212065813528334,0.0,0.0,0.0,3.702010968921389,1.565149486,0.0,1.9314001883912246,5,0,0.0,1
statsbomb,1,43,1,2022,56,15,780,5204,86.98333333333333,111,2,8,10.346809733665454,78.04878048780488,0.0,0.036036036036036036,27.936386280896727,1.0346809733665454,2.069361946733091,0.0,5.173404866832727,0.0,0.0,0.0,21,6,0.0,3
statsbomb,1,43,1,2022,56,15,780,5206,93.96666666666667,115,1,19,19.155728981908478,84.44444444444444,0.0,0.008695652173913044,6.7045051436679675,1.9155728981908478,0.0,1.9155728981908478,2.8733593472862715,0.03750256,0.0,0.03591944377438808,3,3,0.0,0
statsbomb,1,43,1,2022,56,15,780,5207,20.866666666666667,21,0,2,8.626198083067093,80.0,0.0,0.0,25.878594249201278,0.0,0.0,0.0,4.313099041533547,0.028790973,0.0,0.12417831805111822,1,0,0.0,0
statsbomb,1,43,1,2022,56,15,780,5209,91.96666666666667,105,3,17,19.572308807538963,93.87755102040816,0.0,0.0,13.700616165277275,1.9572308807538963,0.0,0.9786154403769481,3.9144617615077926,0.380313273,0.0,0.3721804411380935,15,5,0.0,1
statsbomb,1,43,1,2022,56,15,780,5214,89.98333333333333,164,1,18,19.003519170216705,93.22033898305084,0.0,0.0,22.004074828671975,2.0003704389701795,1.0001852194850898,1.0001852194850898,1.0001852194850898,0.0,0.0,0.0,4,3,0.0,4
statsbomb,1,43,1,2022,56,15,780,9927,9.833333333333334,35,0,2,18.30508474576271,100.0,0.0,0.0,0.0,0.0,0.0,9.152542372881355,9.152542372881355,0.0,0.0,0.0,0,0,0.0,0
statsbomb,1,43,1,2022,57,18,779,,120.0,0,0,0,0.0,0.0,0.0,0.0,0.0,0.0,0.0,0.0,0.0,0.0,0.0,0.0,0,0,0.0,0
statsbomb,1,43,1,2022,57,18,779,11456,45.983333333333334,51,1,0,1.9572308807538963,66.66666666666666,50.0,0.09803921568627451,5.871692642261689,1.9572308807538963,0.0,1.9572308807538963,0.0,1.09047173,0.0,2.134304944545125,3,0,0.0,0
statsbomb,1,43,1,2022,57,18,779,16308,56.96666666666667,125,6,20,41.07665301345816,89.79591836734694,0.0,0.0,18.95845523698069,9.479227618490345,1.5798712697483908,0.0,4.7396138092451725,0.7835,0.0,1.237829139847864,10,6,0.0,0
statsbomb,1,43,1,2022,57,18,779,19597,77.91666666666667,75,6,6,13.860962566844918,69.23076923076923,100.0,0.013333333333333334,12.705882352941176,3.4652406417112296,2.3101604278074865,1.1550802139037433,1.1550802139037433,0.0,0.0,0.0,8,5,0.0,1
statsbomb,1,43,1,2022,57,18,779,20572,77.98333333333333,126,6,14,23.081855097243,91.66666666666666,0.0,0.0,12.69502030348365,5.77046377431075,0.0,1.15409275486215,2.3081855097243,0.0,0.0,0.0,8,6,0.0,1
statsbomb,1,43,1,2022,57,18,779,27768,110.95,91,3,12,12.167643082469581,76.31578947368422,0.0,0.01098901098901099,8.111762054979721,1.6223524109959442,0.0,1.6223524109959442,1.6223524109959442,0.0,0.0,0.0,8,6,0.0,2
statsbomb,1,43,1,2022,57,18,779,27886,119.98333333333333,146,5,5,7.501041811362689,91.48936170212765,100.0,0.0,17.252396166134183,6.000833449090151,0.0,0.0,3.0004167245450755,0.0,0.0,0.0,17,6,0.0,2
statsbomb,1,43,1,2022,57,18,779,28263,19.766666666666666,34,2,0,9.106239460370995,90.9090909090909,0.0,0.029411764705882353,9.106239460370995,4.5531197301854975,0.0,0.0,0.0,0.7835,0.0,3.567369308600337,5,2,0.0,1
statsbomb,1,43,1,2022,57,18,779,29201,105.98333333333333,121,3,5,6.79352099386696,81.81818181818183,0.0,0.01652892561983471,12.73785186350055,4.24595062116685,0.0,1.69838024846674,3.39676049693348,0.43442267,0.0,0.36890744110709234,17,7,0.0,1
statsbomb,1,43,1,2022,57,18,779,29560,77.95,70,4,2,6.927517639512508,70.58823529411765,0.0,0.1,26.555484284797945,1.1545862732520846,0.0,0.0,3.463758819756254,0.0,0.0,0.0,7,3,0.0,2
statsbomb,1,43,1,2022,57,18,779,2995,8.95,33,0,3,30.16759776536313,64.28571428571429,100.0,0.0,0.0,0.0,0.0,0.0,10.05586592178771,0.0,0.0,0.0,12,0,0.0,0
statsbomb,1,43,1,2022,57,18,779,3090,120.0,218,5,22,20.25,91.95402298850574,0.0,0.0,8.25,6.75,0.0,0.75,5.25,0.0,0.0,0.0,5,4,0.0,3
statsbomb,1,43,1,2022,57,18,779,38718,120.0,204,7,16,17.25,85.71428571428571,50.0,0.00980392156862745,19.5,4.5,0.0,0.75,0.75,0.854526016,0.0,0.640894512,18,10,0.0,3
statsbomb,1,43,1,2022,57,18,779,5503,120.0,187,5,12,12.75,83.33333333333334,85.71428571428571,0.0106951871657754,14.25,6.75,0.0,0.0,2.25,1.7922190429999998,0.0,1.34416428225,24,7,0.0,2
statsbomb,1,43,1,2022,57,18,779,5507,41.88333333333333,30,0,1,2.1488261042578594,90.9090909090909,0.0,0.06666666666666667,15.041782729805016,0.0,0.0,0.0,6.4464783127735785,0.0,0.0,0.0,4,0,0.0,0
statsbomb,1,43,1,2022,57,18,779,6909,118.98333333333333,63,0,26,19.666619974786386,57.14285714285714,0.0,0.0,0.0,0.0,0.0,0.0,6.051267684549657,0.0,0.0,0.0,11,9,0.0,0
statsbomb,1,43,1,2022,57,18,779,7161,43.983333333333334,77,0,10,20.462296324365287,96.66666666666667,0.0,0.0,4.092459264873058,0.0,0.0,0.0,2.046229632436529,0.04452438,0.0,0.09110710572186434,4,4,0.0,0
statsbomb,1,43,1,2022,57,18,779,7797,65.98333333333333,160,5,12,23.187673654963376,77.35849056603774,50.0,0.01875,20.459712048497096,5.455923212932559,0.0,1.3639808032331397,6.819904016165699,0.073533292,0.0,0.10029799868653701,17,7,0.0,1
statsbomb,1,43,1,2022,57,27,941,,120.0,0,0,0,0.0,0.0,0.0,0.0,0.0,0.0,0.0,0.0,0.0,0.0,0.0,0.0,0,0,0.0,0
statsbomb,1,43,1,2022,57,27,941,20033,62.96666666666667,45,1,3,5.717310746426681,72.72727272727273,0.0,0.022222222222222223,12.863949179460032,0.0,1.4293276866066702,0.0,1.4293276866066702,0.8364073399999999,0.0,1.1955001683430386,7,1,0.0,1
statsbomb,1,43,1,2022,57,27,941,20750,112.98333333333333,129,3,16,15.134975660126862,63.1578947368421,28.57142857142857,0.06976744186046512,17.524708659094262,1.5931553326449328,0.0,3.9828883316123322,7.169198996902198,0.0,0.0,0.0,27,8,0.0,4
statsbomb,1,43,1,2022,57,27,941,21547,14.966666666666667,6,0,2,12.026726057906458,0.0,0.0,0.0,18.040089086859687,0.0,0.0,6.013363028953229,6.013363028953229,0.0,0.0,0.0,2,1,0.0,0
statsbomb,1,43,1,2022,57,27,941,21809,119.98333333333333,254,9,28,27.75385470204195,94.6236559139785,66.66666666666666,0.007874015748031496,13.50187526045284,6.000833449090151,0.7501041811362689,3.0004167245450755,3.7505209056813444,0.0,0.0,0.0,14,13,0.0,3
statsbomb,1,43,1,2022,57,27,941,2988,77.95,128,2,11,15.0096215522771,67.5,0.0,0.046875,21.93713919178961,2.3091725465041693,0.0,1.1545862732520846,0.0,0.0,0.0,0.0,16,8,0.0,6
statsbomb,1,43,1,2022,57,27,941,3306,119.98333333333333,187,4,20,18.002500347270452,85.33333333333334,0.0,0.0,9.001250173635226,3.7505209056813444,0.7501041811362689,5.250729267953882,3.7505209056813444,0.0,0.0,0.0,20,10,0.0,0
statsbomb,1,43,1,2022,57,27,941,3311,64.96666666666667,75,0,8,11.082606464853772,82.75862068965517,0.0,0.013333333333333334,29.091841970241152,0.0,1.3853258081067215,2.770651616213443,0.0,0.0,0.0,0.0,5,2,0.0,3
statsbomb,1,43,1,2022,57,27,941,3669,120.0,249,9,40,36.75,91.48936170212765,100.0,0.004016064257028112,5.25,7.5,0.0,1.5,3.0,0.7835,0.0,0.587625,9,5,0.0,3
statsbomb,1,43,1,2022,57,27,941,6994,48.983333333333334,70,0,7,12.861517522966995,92.3076923076923,0.0,0.0,18.373596461381425,0.0,0.0,0.0,1.8373596461381423,0.0,0.0,0.0,1,1,0.0,2
statsbomb,1,43,1,2022,57,27,941,7745,74.96666666666667,107,7,16,27.612272120942638,68.57142857142857,50.0,0.009345794392523364,9.604268563806135,7.203201422854601,0.0,0.0,3.6016007114273005,0.896208648,0.0,1.0759285680746997,23,10,0.0,0
statsbomb,1,43,1,2022,57,27,941,7829,78.93333333333334,31,0,6,6.841216216216216,54.54545454545454,0.0,0.0,23.944256756756754,0.0,0.0,0.0,1.1402027027027026,1.050509997,0.0,1.197794337795608,4,2,0.0,4
statsbomb,1,43,1,2022,57,27,941,7891,77.98333333333333,99,2,11,15.00320581320795,89.1891891891892,0.0,0.010101010101010102,15.00320581320795,2.3081855097243,0.0,0.0,2.3081855097243,0.7835,0.0,0.9042316734344945,10,6,0.0,2
statsbomb,1,43,1,2022,57,27,941,8118,117.98333333333333,238,7,18,19.07049018222913,94.25287356321839,100.0,0.0,22.884588218674953,9.153835287469981,0.0,0.7628196072891651,3.0512784291566604,0.0,0.0,0.0,18,13,0.0,5
statsbomb,1,43,1,2022,57,27,941,8125,120.0,114,0,11,8.25,78.04878048780488,0.0,0.017543859649122806,13.5,0.0,0.0,0.75,1.5,0.047394842,0.0,0.0355461315,17,6,0.0,4
statsbomb,1,43,1,2022,57,27,941,8259,101.9,54,0,1,0.8832188420019627,94.11764705882352,0.0,0.0,4.416094210009813,0.0,0.0,0.0,1.7664376840039253,0.089517,0.0,0.07906310107948969,5,1,0.0,0
statsbomb,1,43,1,2022,57,27,941,8326,120.0,114,0,44,33.0,87.03703703703704,0.0,0.0,0.0,0.0,0.0,0.0,6.75,0.0,0.0,0.0,2,2,0.0,0
statsbomb,1,43,1,2022,58,13,768,,100.88333333333334,0,0,0,0.0,0.0,0.0,0.0,0.0,0.0,0.0,0.0,0.0,0.0,0.0,0.0,0,0,0.0,0
statsbomb,1,43,1,2022,58,13,768,10955,89.98333333333333,78,2,6,8.001481755880718,68.18181818181817,0.0,0.02564102564102564,10.001852194850898,2.0003704389701795,0.0,0.0,3.0005556584552693,1.6906509769999998,0.0,1.6909641185034263,13,3,0.0,1
statsbomb,1,43,1,2022,58,13,768,22084,77.96666666666667,94,6,3,10.389055151774262,72.0,0.0,0.0425531914893617,24.241128687473278,6.926036767849508,0.0,1.1543394613082514,3.463018383924754,0.07073746,0.0,0.08165504147071398,18,3,0.0,5
statsbomb,1,43,1,2022,58,13,768,30714,98.98333333333333,135,5,12,15.45714766795757,77.08333333333334,0.0,0.007407407407407408,22.731099511702308,5.455463882808553,0.9092439804680923,0.0,5.455463882808553,0.264472474,0.0,0.24047000498400406,21,9,0.0,4
statsbomb,1,43,1,2022,58,13,768,3205,93.96666666666667,108,5,14,18.197942532813055,91.30434782608695,100.0,0.0,5.746718694572543,2.8733593472862715,0.9577864490954239,1.9155728981908478,2.8733593472862715,0.0,0.0,0.0,7,3,0.0,1
statsbomb,1,43,1,2022,58,13,768,3233,9.783333333333333,23,0,2,18.39863713798978,50.0,0.0,0.043478260869565216,36.79727427597956,9.19931856899489,9.19931856899489,0.0,18.39863713798978,0.0,0.0,0.0,5,1,0.0,1
statsbomb,1,43,1,2022,58,13,768,3244,97.96666666666667,191,9,20,26.641714869003064,100.0,100.0,0.0,4.593399115345356,15.61755699217421,0.0,0.0,2.7560394692072134,0.0,0.0,0.0,4,2,0.0,1
statsbomb,1,43,1,2022,58,13,768,3318,15.833333333333334,12,0,1,5.684210526315789,100.0,0.0,0.0,0.0,0.0,0.0,0.0,0.0,0.07922588,0.0,0.4503365810526316,2,1,0.0,0
statsbomb,1,43,1,2022,58,13,768,3336,98.98333333333333,256,11,33,40.006735140596064,84.21052631578947,0.0,0.0,2.7277319414042767,12.729415726553292,0.9092439804680923,0.9092439804680923,1.8184879609361846,0.120586513,0.0,0.10964256107088736,19,15,0.0,1
statsbomb,1,43,1,2022,58,13,768,3382,94.98333333333333,183,3,15,17.055623793648007,77.02702702702703,0.0,0.0,4.737673276013336,1.8950693104053342,0.0,0.0,4.737673276013336,0.062845667,0.0,0.059548447411826626,22,8,0.0,0
statsbomb,1,43,1,2022,58,13,768,3468,97.95,42,0,10,9.188361408882082,87.5,0.0,0.0,0.0,0.0,0.0,0.0,4.594180704441041,0.0,0.0,0.0,5,4,0.0,0
statsbomb,1,43,1,2022,58,13,768,3532,76.98333333333333,129,3,7,11.690842173630656,91.11111111111111,0.0,0.007751937984496124,15.198094825719853,3.5072526520891967,0.0,0.0,3.5072526520891967,0.017202334,0.0,0.020110977181208054,18,2,0.0,0
statsbomb,1,43,1,2022,58,13,768,3943,98.98333333333333,180,3,18,19.094123589829938,92.3076923076923,0.0,0.011111111111111112,6.364707863276646,6.364707863276646,0.0,3.636975921872369,3.636975921872369,0.0,0.0,0.0,12,11,0.0,1
statsbomb,1,43,1,2022,58,13,768,4354,83.98333333333333,87,2,2,4.2865647946021035,81.48148148148148,50.0,0.022988505747126436,9.644770787854732,3.2149235959515776,0.0,1.0716411986505259,3.2149235959515776,0.022691524,0.0,0.024317171978567177,16,1,0.0,0
statsbomb,1,43,1,2022,58,13,768,7843,19.966666666666665,11,1,1,9.015025041736228,100.0,0.0,0.0,18.030050083472457,0.0,0.0,0.0,0.0,0.024138648,0.0,0.10880525809682806,2,2,0.0,0
statsbomb,1,43,1,2022,58,13,768,9638,1.95,1,0,0,0.0,0.0,0.0,0.0,0.0,0.0,0.0,0.0,0.0,0.0,0.0,0.0,0,0,0.0,0
statsbomb,1,43,1,2022,58,19,771,,100.88333333333334,0,0,0,0.0,0.0,0.0,0.0,0.0,0.0,0.0,0.0,0.0,0.0,0.0,0.0,0,0,0.0,0
statsbomb,1,43,1,2022,58,19,771,10481,97.96666666666667,118,2,11,11.942837699897925,90.69767441860465,0.0,0.00847457627118644,6.430758761483498,4.593399115345356,0.0,0.0,1.8373596461381423,0.027870113,0.0,0.02560371047975502,10,6,0.0,1
statsbomb,1,43,1,2022,58,19,771,3009,97.96666666666667,112,7,6,11.942837699897925,89.65517241379311,66.66666666666666,0.03571428571428571,5.512078938414427,7.349438584552569,0.0,0.9186798230690711,3.6747192922762846,0.06798863,0.0,0.06245978257910854,20,9,0.0,2
statsbomb,1,43,1,2022,58,19,771,3026,97.98333333333333,121,2,14,14.696376934852866,82.6086956521739,100.0,0.0,11.02228270113965,3.6740942337132165,0.0,1.8370471168566083,4.592617792141521,0.06667264,0.0,0.06124039054260929,16,7,0.0,4
statsbomb,1,43,1,2022,58,19,771,3099,97.95,46,0,22,20.21439509954058,53.84615384615385,0.0,0.0,0.0,0.0,0.0,0.0,3.675344563552833,0.0,0.0,0.0,8,8,0.0,0
statsbomb,1,43,1,2022,58,19,771,3604,93.93333333333334,49,1,5,5.7487579843860885,50.0,0.0,0.04081632653061224,10.539389638041163,0.9581263307310148,0.0,0.0,0.0,0.646010594,0.0,0.6189597600425834,9,3,0.0,1
statsbomb,1,43,1,2022,58,19,771,4445,96.98333333333333,101,2,16,16.703901013919918,79.59183673469387,0.0,0.0,5.567967004639973,1.8559890015466576,0.0,0.0,2.7839835023199866,0.0,0.0,0.0,16,7,0.0,0
statsbomb,1,43,1,2022,58,19,771,5477,78.98333333333333,116,5,9,15.952732644017726,79.48717948717949,0.0,0.02586206896551724,23.92909896602659,5.697404515720617,0.0,1.1394809031441233,2.2789618062882466,0.030820057,0.0,0.03511886638531336,25,6,0.0,1
statsbomb,1,43,1,2022,58,19,771,5485,89.98333333333333,96,8,14,22.004074828671975,83.78378378378379,0.0,0.010416666666666666,3.0005556584552693,7.001296536395628,0.0,0.0,3.0005556584552693,0.0,0.0,0.0,10,9,0.0,0
statsbomb,1,43,1,2022,58,19,771,5487,98.98333333333333,126,7,11,16.36639164842566,84.78260869565217,50.0,0.007936507936507936,22.731099511702308,7.273951843744738,0.9092439804680923,0.0,3.636975921872369,0.0,0.0,0.0,18,6,0.0,2
statsbomb,1,43,1,2022,58,19,771,6704,97.98333333333333,105,2,13,13.777853376424561,87.17948717948718,0.0,0.01904761904761905,11.02228270113965,1.8370471168566083,0.0,0.0,1.8370471168566083,0.0,0.0,0.0,15,7,0.0,3
statsbomb,1,43,1,2022,58,19,771,8217,14.616666666666667,4,0,0,0.0,0.0,0.0,0.25,18.47206385404789,0.0,0.0,0.0,6.1573546180159635,0.0,0.0,0.0,0,0,0.0,0
statsbomb,1,43,1,2022,58,19,771,8519,96.98333333333333,117,4,18,20.415879017013232,78.26086956521739,0.0,0.0,11.135934009279946,3.711978003093315,0.0,2.7839835023199866,3.711978003093315,0.0,0.0,0.0,8,5,0.0,2
statsbomb,1,43,1,2022,59,8,781,,120.0,0,0,0,0.0,0.0,0.0,0.0,0.0,0.0,0.0,0.0,0.0,0.0,0.0,0.0,0,0,0.0,0
statsbomb,1,43,1,2022,59,8,781,10595,55.983333333333334,77,7,3,16.07621315867818,83.33333333333334,100.0,0.012987012987012988,16.07621315867818,4.822863947603453,0.0,0.0,6.4304852634712715,0.0,0.0,0.0,11,6,0.0,1
statsbomb,1,43,1,2022,59,8,781,13620,105.98333333333333,228,4,22,22.078943230067622,90.80459770114942,0.0,0.0,16.13461236043403,1.69838024846674,1.69838024846674,0.84919012423337,6.79352099386696,0.15461065000000002,0.0,0.1312938370813021,29,10,0.0,1
statsbomb,1,43,1,2022,59,8,781,18395,63.96666666666667,65,2,2,5.6279312141740485,61.53846153846154,66.66666666666666,0.06153846153846154,11.255862428348097,0.0,1.4069828035435121,0.0,4.220948410630537,0.07816816100000001,0.0,0.10998125831162064,9,2,0.0,0
statsbomb,1,43,1,2022,59,8,781,22600,105.98333333333333,177,0,17,14.436232111967291,87.5,50.0,0.005649717514124294,19.53137285736751,0.84919012423337,0.84919012423337,0.84919012423337,4.24595062116685,0.360272205,0.0,0.30593959852178015,23,6,0.0,1
statsbomb,1,43,1,2022,59,8,781,25104,56.983333333333334,107,4,3,11.05586428780345,80.55555555555556,0.0,0.028037383177570093,20.53231939163498,9.47645510383153,0.0,1.5794091839719215,4.738227551915765,0.7835,0.0,1.2374670956420004,20,4,0.0,2
statsbomb,1,43,1,2022,59,8,781,25305,39.96666666666667,35,1,1,4.5037531276063385,100.0,0.0,0.08571428571428572,11.259382819015846,2.2518765638031693,0.0,2.2518765638031693,2.2518765638031693,0.9543985939999999,0.0,2.1491878263552957,2,1,0.0,0
statsbomb,1,43,1,2022,59,8,781,25363,65.98333333333333,119,6,7,17.731750442030815,87.87878787878788,14.285714285714285,0.05042016806722689,9.547865622631978,8.183884819398838,0.0,1.3639808032331397,5.455923212932559,0.013999131,0.0,0.019094545945945948,22,6,0.0,0
statsbomb,1,43,1,2022,59,8,781,3063,120.0,270,4,33,27.75,86.23853211009175,0.0,0.0,6.0,1.5,0.0,0.75,1.5,0.0154907415,0.0,0.011618056125,31,18,0.0,2
statsbomb,1,43,1,2022,59,8,781,3280,83.96666666666667,52,1,3,4.287415641127431,58.333333333333336,0.0,0.07692307692307693,20.365224295355297,1.0718539102818578,0.0,0.0,5.359269551409289,0.067200735,0.0,0.0720293705835649,8,1,0.0,1
statsbomb,1,43,1,2022,59,8,781,3295,120.0,244,5,30,26.25,95.83333333333334,0.0,0.004098360655737705,6.0,3.0,0.0,0.0,5.25,0.0,0.0,0.0,11,9,0.0,4
statsbomb,1,43,1,2022,59,8,781,4320,120.0,227,12,19,23.25,78.125,45.45454545454545,0.030837004405286344,7.5,4.5,0.0,0.0,4.5,0.797582078,0.0,0.5981865585,45,16,0.0,0
statsbomb,1,43,1,2022,59,8,781,4372,120.0,262,15,27,31.5,98.94736842105263,0.0,0.003816793893129771,6.75,6.75,0.0,0.75,2.25,0.7835,0.0,0.587625,14,13,0.0,2
statsbomb,1,43,1,2022,59,8,781,5539,120.0,186,2,17,14.25,82.6086956521739,100.0,0.005376344086021506,14.25,1.5,0.0,0.75,1.5,0.94160826,0.0,0.706206195,28,11,0.0,4
statsbomb,1,43,1,2022,59,8,781,5547,120.0,62,0,10,7.5,96.7741935483871,0.0,0.0,0.0,0.0,0.0,0.0,2.25,0.0,0.0,0.0,2,1,0.0,0
statsbomb,1,43,1,2022,59,8,781,6945,15.933333333333334,10,0,3,16.94560669456067,80.0,0.0,0.0,16.94560669456067,0.0,0.0,0.0,0.0,0.0,0.0,0.0,2,1,0.0,2
statsbomb,1,43,1,2022,59,8,781,9904,15.65,7,0,0,0.0,100.0,0.0,0.0,17.252396166134186,0.0,0.0,0.0,5.7507987220447285,0.0,0.0,0.0,0,0,0.0,0
statsbomb,1,43,1,2022,59,29,785,,120.0,0,0,0,0.0,0.0,0.0,0.0,0.0,0.0,0.0,0.0,0.0,0.0,0.0,0.0,0,0,0.0,0
statsbomb,1,43,1,2022,59,29,785,11603,70.98333333333333,107,4,9,16.482742427799952,90.32258064516128,50.0,0.018691588785046728,13.946935900446114,1.2679032636769194,1.2679032636769194,0.0,1.2679032636769194,0.0,0.0,0.0,9,5,0.0,3
statsbomb,1,43,1,2022,59,29,785,12625,109.98333333333333,106,3,15,14.7295044703743,75.0,0.0,0.018867924528301886,8.183058039096833,2.45491741172905,0.8183058039096833,0.0,3.2732232156387333,0.0,0.0,0.0,9,3,0.0,0
statsbomb,1,43,1,2022,59,29,785,16527,10.966666666666667,6,1,0,8.206686930091186,100.0,0.0,0.16666666666666666,0.0,8.206686930091186,0.0,0.0,8.206686930091186,0.7835,0.0,6.429939209726444,1,0,0.0,0
statsbomb,1,43,1,2022,59,29,785,16531,120.0,81,0,21,15.75,85.36585365853658,0.0,0.0,0.75,0.75,0.0,0.0,2.25,0.0,0.0,0.0,1,1,0.0,0
statsbomb,1,43,1,2022,59,29,785,28914,16.816666666666666,57,2,2,21.40733399405352,88.23529411764706,0.0,0.0,5.35183349851338,5.35183349851338,0.0,0.0,0.0,0.79542189,0.0,4.256965516352825,10,0,0.0,0
statsbomb,1,43,1,2022,59,29,785,29163,119.98333333333333,209,9,26,26.25364633976941,92.40506329113924,100.0,0.0,8.251145992498957,5.250729267953882,0.0,0.7501041811362689,5.250729267953882,0.0,0.0,0.0,30,11,0.0,2
statsbomb,1,43,1,2022,59,29,785,33018,120.0,173,5,18,17.25,96.82539682539682,100.0,0.0,10.5,3.0,0.0,0.75,3.75,0.0,0.0,0.0,8,7,0.0,3
statsbomb,1,43,1,2022,59,29,785,3441,45.95,48,3,3,11.751904243743198,80.0,100.0,0.020833333333333332,15.669205658324264,5.875952121871599,0.0,0.0,3.917301414581066,0.810384926,0.0,1.5872610084874863,8,2,0.0,0
statsbomb,1,43,1,2022,59,29,785,3471,120.0,227,10,30,30.0,93.25842696629213,0.0,0.0,3.0,7.5,0.75,2.25,0.75,0.0,0.0,0.0,13,8,0.0,0
statsbomb,1,43,1,2022,59,29,785,5456,107.98333333333333,219,6,18,20.003086896125943,89.33333333333333,100.0,0.0045662100456621,28.337706436178422,7.5011575860472295,1.6669239080104954,1.6669239080104954,4.167309770026239,0.0,0.0,0.0,15,13,0.0,6
statsbomb,1,43,1,2022,59,29,785,5460,69.98333333333333,95,0,1,1.2860204810669207,84.0,0.0,0.031578947368421054,10.288163848535365,0.0,0.0,0.0,1.2860204810669207,0.057396183,0.0,0.07381266687306502,7,0,0.0,2
statsbomb,1,43,1,2022,59,29,785,5463,120.0,342,12,48,45.0,87.17948717948718,100.0,0.0029239766081871343,12.0,12.0,0.75,1.5,4.5,0.7835,0.0,0.587625,42,25,0.0,2
statsbomb,1,43,1,2022,59,29,785,5469,113.98333333333333,299,6,16,17.370960666764148,90.82568807339449,100.0,0.0033444816053511705,7.895891212165521,6.316712969732417,1.5791782424331042,3.1583564848662085,7.106302090948969,0.12467693,0.0,0.09844354759467759,17,8,0.0,0
statsbomb,1,43,1,2022,59,29,785,5474,117.98333333333333,104,3,6,6.865376465602486,52.94117647058824,0.0,0.019230769230769232,13.730752931204972,3.0512784291566604,0.7628196072891651,0.7628196072891651,0.0,0.312230685,0.0,0.23817568851532703,14,3,0.0,3
statsbomb,1,43,1,2022,59,29,785,7693,47.93333333333333,36,2,0,3.7552155771905427,100.0,100.0,0.05555555555555555,7.510431154381085,5.632823365785814,0.0,0.0,5.632823365785814,0.09977819,0.0,0.18734430667593882,4,0,0.0,1
statsbomb,1,43,1,2022,59,29,785,8654,8.733333333333333,2,0,0,0.0,0.0,0.0,0.0,10.305343511450383,0.0,0.0,0.0,0.0,0.0,0.0,0.0,0,0,0.0,0
statsbomb,1,43,1,2022,60,15,780,,98.91666666666667,0,0,0,0.0,0.0,0.0,0.0,0.0,0.0,0.0,0.0,0.0,0.0,0.0,0.0,0,0,0.0,0
statsbomb,1,43,1,2022,60,15,780,10868,17.983333333333334,32,0,1,5.004633920296571,75.0,0.0,0.0,20.018535681186282,0.0,0.0,5.004633920296571,0.0,0.0,0.0,0.0,6,0,0.0,0
statsbomb,1,43,1,2022,60,15,780,11184,68.98333333333333,144,3,15,23.483933317226384,75.47169811320755,0.0,0.013888888888888888,15.65595554481759,1.3046629620681325,1.3046629620681325,0.0,2.609325924136265,0.0,0.0,0.0,23,15,0.0,1
statsbomb,1,43,1,2022,60,15,780,12041,95.98333333333333,83,4,3,6.5636395207501295,66.66666666666666,33.33333333333333,0.03614457831325301,3.75065115471436,1.87532557735718,0.0,0.0,3.75065115471436,0.239394161,0.0,0.22447099659663133,13,3,0.0,0
statsbomb,1,43,1,2022,60,15,780,16028,77.96666666666667,104,1,8,10.389055151774262,80.0,0.0,0.028846153846153848,3.463018383924754,0.0,0.0,1.1543394613082514,1.1543394613082514,0.0,0.0,0.0,12,2,0.0,2
statsbomb,1,43,1,2022,60,15,780,18360,28.966666666666665,50,6,4,31.070195627157652,61.53846153846154,75.0,0.06,9.321058688147296,12.428078250863061,0.0,0.0,3.1070195627157653,0.0,0.0,0.0,13,4,0.0,0
statsbomb,1,43,1,2022,60,15,780,20016,96.98333333333333,283,6,29,32.479807527066505,90.38461538461539,0.0,0.0035335689045936395,1.8559890015466576,4.639972503866644,0.0,0.9279945007733288,3.711978003093315,0.14926605,0.0,0.13851807355215676,13,13,0.0,0
statsbomb,1,43,1,2022,60,15,780,3193,96.98333333333333,274,10,27,34.335796528613166,90.0,0.0,0.010948905109489052,10.207939508506616,9.279945007733287,0.0,0.0,12.063928510053275,0.10927713,0.0,0.10140857570029214,36,20,0.0,3
statsbomb,1,43,1,2022,60,15,780,32975,92.96666666666667,40,0,19,18.39368949444245,88.0,0.0,0.0,0.0,0.0,0.0,0.0,3.8723556830405164,0.0,0.0,0.0,1,1,0.0,0
statsbomb,1,43,1,2022,60,15,780,34639,29.966666666666665,101,4,14,54.06006674082314,94.28571428571428,0.0,0.0,6.006674082313682,12.013348164627365,0.0,0.0,3.003337041156841,0.0,0.0,0.0,13,10,0.0,0
statsbomb,1,43,1,2022,60,15,780,38803,68.95,37,0,1,1.305293691080493,75.0,0.0,0.08108108108108109,11.747643219724438,0.0,0.0,0.0,1.305293691080493,0.10594022,0.0,0.13828310079767947,3,1,0.0,2
statsbomb,1,43,1,2022,60,15,780,5204,95.98333333333333,195,6,22,26.254558083000518,77.02702702702703,100.0,0.015384615384615385,10.31429067546449,2.81298836603577,0.93766278867859,0.0,3.75065115471436,0.06403192070000001,0.0,0.06004034932800834,46,18,0.0,0
statsbomb,1,43,1,2022,60,15,780,5206,94.98333333333333,253,5,28,31.268643621688014,93.61702127659575,0.0,0.0,1.8950693104053342,5.685207931216002,0.0,0.9475346552026671,3.7901386208106684,0.0,0.0,0.0,12,11,0.0,2
statsbomb,1,43,1,2022,60,15,780,5207,44.983333333333334,31,1,1,4.001482030381623,57.14285714285714,0.0,0.06451612903225806,6.002223045572434,2.0007410151908114,0.0,0.0,2.0007410151908114,0.05699573,0.0,0.11403369470174139,5,0,0.0,0
statsbomb,1,43,1,2022,60,15,780,5209,50.983333333333334,80,1,4,8.826413860738803,81.25,0.0,0.0,5.295848316443282,0.0,0.0,0.0,1.7652827721477606,0.019215545,0.0,0.03392087054593004,8,1,0.0,0
statsbomb,1,43,1,2022,60,15,780,7005,45.983333333333334,125,7,14,41.101848495831824,78.72340425531915,0.0,0.008,5.871692642261689,9.786154403769482,0.0,0.0,5.871692642261689,0.0,0.0,0.0,23,7,0.0,1
statsbomb,1,43,1,2022,60,15,780,9927,50.96666666666667,188,2,12,24.72204054937868,90.9090909090909,0.0,0.0,12.36102027468934,5.297580117724003,0.0,0.0,1.7658600392413342,0.0,0.0,0.0,13,10,0.0,3
statsbomb,1,43,1,2022,60,28,788,,98.91666666666667,0,0,0,0.0,0.0,0.0,0.0,0.0,0.0,0.0,0.0,0.0,0.0,0.0,0.0,0,0,0.0,0
statsbomb,1,43,1,2022,60,28,788,102668,16.866666666666667,2,0,0,0.0,0.0,0.0,0.0,16.007905138339922,0.0,0.0,0.0,5.335968379446641,0.0,0.0,0.0,0,0,0.0,0
statsbomb,1,43,1,2022,60,28,788,139016,38.95,11,0,5,11.553273427471115,57.14285714285714,0.0,0.0,9.242618741976893,0.0,0.0,0.0,2.310654685494223,0.0,0.0,0.0,1,1,0.0,1
statsbomb,1,43,1,2022,60,28,788,21736,16.95,6,1,1,10.619469026548673,0.0,0.0,0.16666666666666666,26.548672566371682,5.3097345132743365,0.0,0.0,5.3097345132743365,0.39109123,0.0,2.0765906017699116,1,2,0.0,0
statsbomb,1,43,1,2022,60,28,788,23774,62.983333333333334,33,1,1,2.8578989150568934,88.88888888888889,50.0,0.09090909090909091,30.00793860809738,1.4289494575284467,0.0,2.8578989150568934,5.715797830113787,0.06053267,0.0,0.08649812595924848,1,1,0.0,1
statsbomb,1,43,1,2022,60,28,788,296254,27.966666666666665,23,1,1,6.436233611442193,50.0,0.0,0.08695652173913043,54.70798569725864,3.2181168057210967,0.0,0.0,3.2181168057210967,0.0,0.0,0.0,1,1,0.0,0
statsbomb,1,43,1,2022,60,28,788,31295,94.96666666666667,54,2,14,15.163215163215163,64.0,0.0,0.018518518518518517,9.477009477009478,1.8954018954018954,0.9477009477009477,0.0,2.843102843102843,0.082217455,0.0,0.07791756002106001,5,2,0.0,2
statsbomb,1,43,1,2022,60,28,788,3625,79.98333333333333,69,4,7,12.377578662221296,100.0,66.66666666666666,0.07246376811594203,12.377578662221296,6.751406543029798,0.0,0.0,6.751406543029798,0.03503226,0.0,0.039419504896853516,6,5,0.0,2
statsbomb,1,43,1,2022,60,28,788,46258,94.98333333333333,88,6,7,12.317950517634673,86.95652173913044,100.0,0.056818181818181816,12.317950517634673,7.580277241621337,0.0,2.842603965608001,7.580277241621337,0.032880384,0.0,0.031155303316371293,10,7,0.0,3
statsbomb,1,43,1,2022,60,28,788,5219,47.983333333333334,31,0,5,9.3782563390066,80.0,0.0,0.0,1.87565126780132,0.0,0.0,1.87565126780132,0.0,0.0,0.0,0.0,2,1,0.0,0
statsbomb,1,43,1,2022,60,28,788,5234,94.96666666666667,45,3,8,10.424710424710424,70.0,0.0,0.022222222222222223,12.32011232011232,2.843102843102843,1.8954018954018954,1.8954018954018954,5.686205686205686,0.0,0.0,0.0,4,3,0.0,3
statsbomb,1,43,1,2022,60,28,788,5237,79.95,84,1,9,11.25703564727955,62.96296296296296,0.0,0.05952380952380952,24.765478424015008,2.25140712945591,0.0,2.25140712945591,4.50281425891182,0.008206696,0.0,0.009238306941838649,11,2,0.0,4
statsbomb,1,43,1,2022,60,28,788,5245,96.95,95,4,10,12.99638989169675,82.35294117647058,33.33333333333333,0.042105263157894736,19.494584837545126,1.8566271273852502,0.9283135636926251,0.9283135636926251,6.498194945848375,0.0,0.0,0.0,6,3,0.0,5
statsbomb,1,43,1,2022,60,28,788,6301,63.983333333333334,48,0,2,2.813232612659547,55.55555555555556,100.0,0.0625,21.0992445949466,0.0,0.0,0.0,2.813232612659547,0.36206218,0.0,0.5092825662933056,2,1,0.0,4
statsbomb,1,43,1,2022,60,28,788,67700,29.733333333333334,0,0,0,0.0,0.0,0.0,0.0,6.053811659192825,0.0,0.0,0.0,0.0,0.0,0.0,0.0,0,0,0.0,0
statsbomb,1,43,1,2022,60,28,788,6785,97.98333333333333,55,1,23,22.0445654022793,78.125,0.0,0.0,0.0,0.0,0.0,0.0,3.6740942337132165,0.0,0.0,0.0,5,3,0.0,0
statsbomb,1,43,1,2022,60,28,788,7459,96.98333333333333,51,1,9,9.279945007733287,75.0,0.0,0.0,4.639972503866644,0.9279945007733288,0.0,3.711978003093315,1.8559890015466576,0.0,0.0,0.0,3,2,0.0,1
statsbomb,1,43,1,2022,61,18,779,,95.66666666666667,0,0,0,0.0,0.0,0.0,0.0,0.0,0.0,0.0,0.0,0.0,0.0,0.0,0.0,0,0,0.0,0
statsbomb,1,43,1,2022,61,18,779,16308,59.983333333333334,99,1,8,13.503751041956098,92.3076923076923,0.0,0.010101010101010102,25.507085301472628,1.5004167824395664,1.5004167824395664,1.5004167824395664,6.001667129758266,0.014370957,0.0,0.021562425062517366,8,4,0.0,2
statsbomb,1,43,1,2022,61,18,779,20572,89.96666666666667,84,2,13,15.005557613931085,85.29411764705883,0.0,0.0,11.004075583549463,4.001482030381623,0.0,1.0003705075954057,5.001852537977029,0.0,0.0,0.0,2,2,0.0,3
statsbomb,1,43,1,2022,61,18,779,21081,6.733333333333333,12,2,2,53.46534653465346,75.0,100.0,0.08333333333333333,26.73267326732673,13.366336633663366,0.0,0.0,0.0,0.0,0.0,0.0,2,0,0.0,0
statsbomb,1,43,1,2022,61,18,779,27768,27.65,27,0,4,13.01989150090416,88.88888888888889,0.0,0.0,3.25497287522604,0.0,3.25497287522604,0.0,0.0,0.0,0.0,0.0,2,2,0.0,0
statsbomb,1,43,1,2022,61,18,779,27886,85.98333333333333,118,3,3,6.280286877301803,88.23529411764706,0.0,0.0423728813559322,12.560573754603606,2.093428959100601,1.0467144795503005,1.0467144795503005,3.1401434386509015,0.20981348,0.0,0.21961480752083737,12,3,0.0,3
statsbomb,1,43,1,2022,61,18,779,28268,20.983333333333334,40,1,5,25.734710087370928,86.66666666666667,0.0,0.0,42.89118347895155,4.289118347895155,0.0,4.289118347895155,0.0,0.0,0.0,0.0,7,5,0.0,0
statsbomb,1,43,1,2022,61,18,779,29201,84.98333333333333,98,3,10,13.767405373602669,70.0,0.0,0.0,13.767405373602669,3.177093547754462,0.0,2.1180623651696413,1.0590311825848207,0.0,0.0,0.0,9,1,0.0,2
statsbomb,1,43,1,2022,61,18,779,29560,73.96666666666667,67,4,4,9.734114465975665,83.33333333333334,0.0,0.014925373134328358,32.85263632266787,2.4335286164939163,0.0,0.0,3.6502929247408744,0.69538802,0.0,0.8461233231185219,13,3,0.0,3
statsbomb,1,43,1,2022,61,18,779,3090,94.98333333333333,100,3,9,11.370415862432004,95.1219512195122,0.0,0.0,10.422881207229338,4.737673276013336,0.0,1.8950693104053342,1.8950693104053342,0.0,0.0,0.0,1,1,0.0,0
statsbomb,1,43,1,2022,61,18,779,38718,91.98333333333333,133,5,12,16.633448088421815,87.2340425531915,0.0,0.015037593984962405,22.504076825511866,3.9137524913933683,0.9784381228483421,0.0,2.9353143685450265,0.027808638,0.0,0.027209031563689073,18,8,0.0,3
statsbomb,1,43,1,2022,61,18,779,5503,89.98333333333333,162,9,8,17.003148731246526,82.92682926829268,100.0,0.024691358024691357,18.003333950731616,6.001111316910539,0.0,0.0,8.001481755880718,0.88931502,0.0,0.889479738470087,18,9,0.0,0
statsbomb,1,43,1,2022,61,18,779,5507,91.98333333333333,70,0,9,8.805943105635079,83.33333333333334,0.0,0.014285714285714285,11.741257474180106,0.0,0.0,0.0,1.9568762456966842,0.0,0.0,0.0,11,3,0.0,1
statsbomb,1,43,1,2022,61,18,779,5743,19.966666666666665,33,1,2,13.522537562604342,80.0,0.0,0.06060606060606061,36.06010016694491,4.507512520868114,0.0,0.0,4.507512520868114,0.0,0.0,0.0,2,1,0.0,0
statsbomb,1,43,1,2022,61,18,779,6377,8.783333333333333,14,0,0,0.0,100.0,0.0,0.0,20.49335863377609,0.0,0.0,0.0,0.0,0.0,0.0,0.0,0,0,0.0,0
statsbomb,1,43,1,2022,61,18,779,6909,93.93333333333334,37,0,20,19.162526614620297,54.166666666666664,0.0,0.0,0.0,0.9581263307310148,0.0,0.0,3.8325053229240593,0.0,0.0,0.0,10,9,0.0,0
statsbomb,1,43,1,2022,61,18,779,7797,73.96666666666667,116,2,8,12.167643082469581,80.95238095238095,0.0,0.0,30.419107706173953,1.2167643082469581,0.0,0.0,4.8670572329878325,0.027667157,0.0,0.03366440914826499,13,6,0.0,1
statsbomb,1,43,1,2022,61,29,785,,95.71666666666667,0,0,0,0.0,0.0,0.0,0.0,0.0,0.0,0.0,0.0,0.0,0.0,0.0,0.0,0,0,0.0,0
statsbomb,1,43,1,2022,61,29,785,11603,42.96666666666667,42,1,2,6.283941039565554,75.0,0.0,0.023809523809523808,8.378588052754072,0.0,2.094647013188518,2.094647013188518,6.283941039565554,0.07864248,0.0,0.16472823584173776,1,1,0.0,0
statsbomb,1,43,1,2022,61,29,785,12625,47.983333333333334,101,3,7,18.7565126780132,76.47058823529412,100.0,0.009900990099009901,7.50260507120528,1.87565126780132,0.0,0.0,1.87565126780132,0.0,0.0,0.0,13,3,0.0,0
statsbomb,1,43,1,2022,61,29,785,16527,47.983333333333334,53,5,1,11.25390760680792,80.0,100.0,0.018867924528301886,5.62695380340396,3.75130253560264,0.0,0.0,0.0,0.032619266,0.0,0.06118236762764849,11,5,0.0,0
statsbomb,1,43,1,2022,61,29,785,16531,93.95,76,0,12,11.495476317189993,87.5,0.0,0.0,0.9579563597658328,0.0,0.0,0.0,3.8318254390633313,0.0,0.0,0.0,1,0,0.0,0
statsbomb,1,43,1,2022,61,29,785,22041,20.966666666666665,22,1,2,12.877583465818763,80.0,33.33333333333333,0.09090909090909091,0.0,0.0,0.0,4.292527821939587,0.0,0.0,0.0,0.0,4,3,0.0,0
statsbomb,1,43,1,2022,61,29,785,28914,12.983333333333333,46,3,2,34.65982028241336,78.57142857142857,0.0,0.043478260869565216,13.863928112965342,20.795892169448013,0.0,6.931964056482671,13.863928112965342,0.044770177,0.0,0.3103452577663672,4,0,0.0,0
statsbomb,1,43,1,2022,61,29,785,29163,92.96666666666667,163,2,14,15.489422732162065,79.6875,0.0,0.012269938650306749,4.840444603800646,0.9680889207601291,0.9680889207601291,0.0,4.840444603800646,0.0,0.0,0.0,18,7,0.0,2
statsbomb,1,43,1,2022,61,29,785,33018,94.96666666666667,175,3,24,25.58792558792559,93.84615384615384,0.0,0.0,17.05861705861706,4.738504738504739,1.8954018954018954,1.8954018954018954,6.6339066339066335,0.0,0.0,0.0,8,7,0.0,5
statsbomb,1,43,1,2022,61,29,785,3441,47.983333333333334,52,0,1,1.87565126780132,84.61538461538461,0.0,0.038461538461538464,15.00521014241056,0.0,1.87565126780132,0.0,7.50260507120528,0.049129687,0.0,0.09215015970823202,6,1,0.0,0
statsbomb,1,43,1,2022,61,29,785,3471,94.98333333333333,209,6,22,26.530970345674678,90.54054054054053,0.0,0.0,4.737673276013336,4.737673276013336,0.9475346552026671,0.0,0.9475346552026671,0.131201093,0.0,0.12431758241796806,11,8,0.0,0
statsbomb,1,43,1,2022,61,29,785,5456,93.98333333333333,272,12,19,29.686114559319027,94.3820224719101,60.0,0.011029411764705883,16.27948217769108,11.491399184252526,0.9576165986877105,0.9576165986877105,7.660932789501684,0.0,0.0,0.0,29,15,0.0,1
statsbomb,1,43,1,2022,61,29,785,5460,71.98333333333333,111,4,2,7.501736513081732,94.44444444444444,50.0,0.018018018018018018,5.001157675387821,5.001157675387821,0.0,0.0,1.2502894188469553,0.0,0.0,0.0,13,5,0.0,0
statsbomb,1,43,1,2022,61,29,785,5463,79.98333333333333,212,5,25,33.75703271514899,85.71428571428571,100.0,0.0,13.502813086059597,7.876640966868098,1.1252344238382996,2.2504688476765993,7.876640966868098,0.026162526,0.0,0.02943897486976453,24,8,0.0,3
statsbomb,1,43,1,2022,61,29,785,5469,49.96666666666667,150,3,12,27.018012008005336,94.0,100.0,0.0,12.608405603735823,10.807204803202135,0.0,1.801200800533689,3.602401601067378,0.0,0.0,0.0,9,7,0.0,3
statsbomb,1,43,1,2022,61,29,785,5474,92.98333333333333,145,6,14,19.358307940491127,72.41379310344827,100.0,0.013793103448275862,6.7754077791718945,4.839576985122782,0.9679153970245563,2.903746191073669,3.8716615880982252,0.0475284123,0.0,0.04600348206130131,28,8,0.0,2
statsbomb,1,43,1,2022,61,29,785,7693,44.96666666666667,42,1,3,8.005930318754633,80.0,100.0,0.0,2.001482579688658,0.0,0.0,0.0,2.001482579688658,0.0,0.0,0.0,7,2,0.0,0
statsbomb,1,43,1,2022,62,19,771,,95.96666666666667,0,0,0,0.0,0.0,0.0,0.0,0.0,0.0,0.0,0.0,0.0,0.0,0.0,0.0,0,0,0.0,0
statsbomb,1,43,1,2022,62,19,771,10481,93.98333333333333,115,3,12,14.364248980315658,91.11111111111111,0.0,0.008695652173913044,14.364248980315658,3.830466394750842,0.0,2.8728497960631314,6.703316190813974,0.040336993,0.0,0.03862737403794999,9,6,0.0,4
statsbomb,1,43,1,2022,62,19,771,11135,93.96666666666667,132,3,13,15.324583185526782,91.66666666666666,0.0,0.007575757575757576,6.7045051436679675,5.746718694572543,0.0,4.7889322454771195,2.8733593472862715,0.0,0.0,0.0,6,3,0.0,1
statsbomb,1,43,1,2022,62,19,771,11990,93.98333333333333,78,4,11,14.364248980315658,84.375,100.0,0.0,32.55896435538216,3.830466394750842,1.915233197375421,1.915233197375421,4.788082993438553,0.101406783,0.0,0.09710881862032275,9,6,0.0,9
statsbomb,1,43,1,2022,62,19,771,22097,15.95,10,0,2,11.285266457680251,50.0,0.0,0.0,39.49843260188088,0.0,0.0,0.0,5.6426332288401255,0.8521293,0.0,4.808253103448276,1,0,0.0,1
statsbomb,1,43,1,2022,62,19,771,2972,30.866666666666667,40,5,2,20.41036717062635,60.0,50.0,0.05,20.41036717062635,5.831533477321814,0.0,0.0,2.915766738660907,0.115658596,0.0,0.33723348725701946,6,5,0.0,1
statsbomb,1,43,1,2022,62,19,771,3009,94.98333333333333,90,9,3,11.370415862432004,70.58823529411765,57.14285714285714,0.07777777777777778,7.580277241621337,9.475346552026672,0.0,0.0,5.685207931216002,0.27924131599999996,0.0,0.264590824074399,11,6,0.0,1
statsbomb,1,43,1,2022,62,19,771,3099,86.98333333333333,49,0,20,20.693619467330908,70.37037037037037,0.0,0.0,0.0,1.0346809733665454,0.0,0.0,3.1040429200996362,0.0,0.0,0.0,7,5,0.0,0
statsbomb,1,43,1,2022,62,19,771,3604,64.98333333333333,48,1,6,9.694793536804308,52.94117647058824,0.0,0.020833333333333332,20.774557578866375,2.7699410105155167,0.0,1.3849705052577583,1.3849705052577583,0.42252706799999995,0.0,0.5851875268530391,8,7,0.0,0
statsbomb,1,43,1,2022,62,19,771,4445,92.98333333333333,115,3,12,14.518730955368344,91.66666666666666,0.0,0.0,12.582900161319232,2.903746191073669,0.0,0.9679153970245563,2.903746191073669,0.01766911,0.0,0.017102203620720558,4,1,0.0,3
statsbomb,1,43,1,2022,62,19,771,5477,78.98333333333333,64,5,3,9.115847225152987,73.68421052631578,66.66666666666666,0.03125,28.48702257860308,4.557923612576493,0.0,1.1394809031441233,2.2789618062882466,0.0,0.0,0.0,8,4,0.0,2
statsbomb,1,43,1,2022,62,19,771,5485,85.98333333333333,155,5,13,18.840860631905407,92.85714285714286,0.0,0.0,1.0467144795503005,7.3270013568521035,0.0,1.0467144795503005,0.0,0.07554505,0.0,0.07907409769335143,6,6,0.0,0
statsbomb,1,43,1,2022,62,19,771,5487,95.96666666666667,89,4,10,13.12955887460924,80.0,50.0,0.033707865168539325,33.761722820423756,2.81347690170198,0.0,1.87565126780132,3.75130253560264,0.0,0.0,0.0,14,5,0.0,5
statsbomb,1,43,1,2022,62,19,771,6704,92.91666666666667,78,2,15,16.466367713004484,76.47058823529412,0.0,0.0,21.309417040358742,1.9372197309417039,2.9058295964125556,3.8744394618834077,5.811659192825111,0.0979349,0.0,0.09486071031390134,6,3,0.0,7
statsbomb,1,43,1,2022,62,28,788,,95.96666666666667,0,0,0,0.0,0.0,0.0,0.0,0.0,0.0,0.0,0.0,0.0,0.0,0.0,0.0,0,0,0.0,0
statsbomb,1,43,1,2022,62,28,788,139016,95.98333333333333,177,1,22,21.56624413960757,91.30434782608695,0.0,0.0,9.3766278867859,0.93766278867859,0.0,0.93766278867859,5.62597673207154,0.0,0.0,0.0,13,7,0.0,2
statsbomb,1,43,1,2022,62,28,788,149714,15.816666666666666,15,1,0,5.690200210748156,100.0,100.0,0.06666666666666667,11.380400421496311,11.380400421496311,0.0,0.0,5.690200210748156,0.05950738,0.0,0.33860890621707057,3,1,0.0,0
statsbomb,1,43,1,2022,62,28,788,15890,45.983333333333334,58,0,3,5.871692642261689,90.9090909090909,0.0,0.034482758620689655,5.871692642261689,0.0,1.9572308807538963,0.0,3.9144617615077926,0.0,0.0,0.0,5,1,0.0,0
statsbomb,1,43,1,2022,62,28,788,21736,28.8,20,0,1,3.125,66.66666666666666,0.0,0.15,9.375,0.0,0.0,0.0,3.125,0.024939176,0.0,0.077934925,3,0,0.0,1
statsbomb,1,43,1,2022,62,28,788,23774,55.983333333333334,70,2,6,12.860970526942543,80.0,100.0,0.014285714285714285,17.683834474545996,1.6076213158678179,3.2152426317356357,0.0,1.6076213158678179,0.0,0.0,0.0,8,4,0.0,2
statsbomb,1,43,1,2022,62,28,788,31295,49.983333333333334,69,3,5,14.404801600533512,76.92307692307693,0.0,0.0,9.003001000333445,1.800600200066689,1.800600200066689,0.0,5.401800600200067,0.24936919,0.0,0.4490142134044682,6,3,0.0,1
statsbomb,1,43,1,2022,62,28,788,3625,66.98333333333333,67,6,3,12.092560338392634,75.0,0.0,0.04477611940298507,17.467031599900473,6.718089076884796,0.0,0.0,0.0,0.035300843,0.0,0.047430841552625023,11,4,0.0,3
statsbomb,1,43,1,2022,62,28,788,46258,95.98333333333333,244,8,26,31.88053481507206,86.25,75.0,0.020491803278688523,8.43896509810731,7.50130230942872,0.0,0.0,7.50130230942872,0.18851585599999998,0.0,0.17676430324709147,31,15,0.0,2
statsbomb,1,43,1,2022,62,28,788,5219,20.983333333333334,48,0,7,30.023828435266083,94.11764705882352,0.0,0.0,8.57823669579031,4.289118347895155,0.0,0.0,0.0,0.0,0.0,0.0,1,0,0.0,0
statsbomb,1,43,1,2022,62,28,788,5234,95.98333333333333,216,13,28,38.44417433582219,85.18518518518519,0.0,0.009259259259259259,13.127279041500259,12.18961625282167,1.87532557735718,0.93766278867859,4.68831394339295,0.020691318,0.0,0.019401478937315506,22,12,0.0,2
statsbomb,1,43,1,2022,62,28,788,5237,94.98333333333333,196,5,21,24.635901035269345,77.27272727272727,0.0,0.030612244897959183,10.422881207229338,3.7901386208106684,0.0,0.9475346552026671,5.685207931216002,0.06111174,0.0,0.05790549148973504,38,11,0.0,2
statsbomb,1,43,1,2022,62,28,788,5245,94.98333333333333,201,12,18,28.426039656080015,87.5,0.0,0.01990049751243781,18.003158448850677,6.6327425864186695,0.0,0.9475346552026671,8.527811896824003,0.020597277,0.0,0.019516633760308825,30,10,0.0,5
statsbomb,1,43,1,2022,62,28,788,59493,24.7,19,2,1,10.931174089068826,33.33333333333333,100.0,0.0,10.931174089068826,7.287449392712551,0.0,0.0,18.21862348178138,0.50624365,0.0,1.8446124898785428,5,2,0.0,0
statsbomb,1,43,1,2022,62,28,788,6301,62.916666666666664,14,0,0,0.0,100.0,0.0,0.07142857142857142,14.304635761589404,0.0,0.0,0.0,0.0,0.0,0.0,0.0,0,0,0.0,1
statsbomb,1,43,1,2022,62,28,788,6785,95.98333333333333,65,2,13,14.06494183017885,96.7741935483871,0.0,0.0,0.0,1.87532557735718,0.0,0.0,1.87532557735718,0.0,0.0,0.0,0,0,0.0,0
statsbomb,1,43,1,2022,62,28,788,7459,95.96666666666667,250,5,17,20.63216394581452,94.73684210526315,0.0,0.0,2.81347690170198,2.81347690170198,0.0,0.0,3.75130253560264,0.06408756,0.0,0.06010295658214658,6,5,0.0,0
statsbomb,1,43,1,2022,63,29,785,,96.95,0,0,0,0.0,0.0,0.0,0.0,0.0,0.0,0.0,0.0,0.0,0.0,0.0,0.0,0,0,0.0,0
statsbomb,1,43,1,2022,63,29,785,11603,22.866666666666667,27,1,2,11.807580174927114,87.5,0.0,0.037037037037037035,23.61516034985423,0.0,0.0,0.0,11.807580174927114,0.0,0.0,0.0,2,0,0.0,1
statsbomb,1,43,1,2022,63,29,785,16527,93.98333333333333,101,4,6,9.576165986877106,73.33333333333333,0.0,0.04950495049504951,22.98279836850505,4.788082993438553,0.9576165986877105,0.0,1.915233197375421,0.18818511859999998,0.0,0.18020919319737538,16,4,0.0,5
statsbomb,1,43,1,2022,63,29,785,16531,88.96666666666667,60,0,22,22.25552641438741,93.93939393939394,0.0,0.0,0.0,0.0,0.0,0.0,4.046459348070439,0.0,0.0,0.0,5,3,0.0,0
statsbomb,1,43,1,2022,63,29,785,22041,66.98333333333333,53,1,6,9.405324707638716,76.92307692307693,0.0,0.05660377358490566,12.092560338392634,1.3436178153769593,0.0,0.0,2.6872356307539187,0.02019975,0.0,0.027140743966160733,9,2,0.0,0
statsbomb,1,43,1,2022,63,29,785,28914,66.98333333333333,97,3,6,12.092560338392634,81.25,0.0,0.030927835051546393,6.718089076884796,2.6872356307539187,0.0,0.0,6.718089076884796,0.0,0.0,0.0,13,1,0.0,0
statsbomb,1,43,1,2022,63,29,785,33018,95.98333333333333,186,4,21,23.44156971696475,92.53731343283582,0.0,0.005376344086021506,5.62597673207154,3.75065115471436,0.0,1.87532557735718,3.75065115471436,0.1243582,0.0,0.11660605660704983,9,8,0.0,2
statsbomb,1,43,1,2022,63,29,785,3441,33.86666666666667,28,3,4,18.60236220472441,62.5,100.0,0.03571428571428571,13.28740157480315,2.65748031496063,0.0,0.0,2.65748031496063,0.03597725,0.0,0.09560883366141734,5,4,0.0,0
statsbomb,1,43,1,2022,63,29,785,37148,86.98333333333333,184,1,16,17.58957654723127,93.93939393939394,0.0,0.0,1.0346809733665454,1.0346809733665454,0.0,0.0,4.138723893466182,0.0,0.0,0.0,3,2,0.0,0
statsbomb,1,43,1,2022,63,29,785,49337,92.98333333333333,117,1,9,9.679153970245563,73.46938775510205,0.0,0.0,7.7433231761964505,1.9358307940491126,0.9679153970245563,0.9679153970245563,2.903746191073669,0.040524755,0.0,0.03922453432514788,8,3,0.0,2
statsbomb,1,43,1,2022,63,29,785,5456,95.98333333333333,201,3,24,25.31689529432193,91.30434782608695,75.0,0.004975124378109453,17.81559298489321,6.5636395207501295,0.0,0.0,2.81298836603577,0.23560598,0.0,0.2209189602361521,20,16,0.0,1
statsbomb,1,43,1,2022,63,29,785,5460,60.9,52,1,1,2.955665024630542,75.0,0.0,0.019230769230769232,4.433497536945813,1.477832512315271,0.0,0.0,2.955665024630542,0.13429043,0.0,0.198458763546798,5,1,0.0,0
statsbomb,1,43,1,2022,63,29,785,5463,92.98333333333333,185,4,25,28.069546513712133,86.48648648648648,0.0,0.010810810810810811,12.582900161319232,3.8716615880982252,0.0,2.903746191073669,3.8716615880982252,0.07012748,0.0,0.06787746764653164,17,10,0.0,2
statsbomb,1,43,1,2022,63,29,785,5474,94.98333333333333,123,4,13,16.10808913844534,84.0,100.0,0.008130081300813009,7.580277241621337,2.842603965608001,1.8950693104053342,1.8950693104053342,1.8950693104053342,0.0,0.0,0.0,21,7,0.0,1
statsbomb,1,43,1,2022,63,29,785,7693,28.966666666666665,44,0,7,21.749136939010356,38.46153846153847,0.0,0.0,18.642117376294593,0.0,3.1070195627157653,0.0,3.1070195627157653,0.0,0.0,0.0,7,5,0.0,1
statsbomb,1,43,1,2022,63,28,788,,96.95,0,0,0,0.0,0.0,0.0,0.0,0.0,0.0,0.0,0.0,0.0,0.0,0.0,0.0,0,0,0.0,0
statsbomb,1,43,1,2022,63,28,788,131037,30.966666666666665,33,1,1,5.8127018299246505,83.33333333333334,0.0,0.030303030303030304,8.719052744886977,2.9063509149623252,0.0,0.0,2.9063509149623252,0.0,0.0,0.0,6,0,0.0,1
statsbomb,1,43,1,2022,63,28,788,139016,63.983333333333334,84,1,14,21.0992445949466,93.54838709677419,0.0,0.0,4.21984891898932,0.0,0.0,2.813232612659547,1.4066163063297734,0.4178385,0.0,0.587738447512373,2,1,0.0,1
statsbomb,1,43,1,2022,63,28,788,156734,54.983333333333334,70,0,5,8.184298272203698,83.33333333333334,0.0,0.0,21.279175507729615,1.6368596544407397,0.0,0.0,1.6368596544407397,0.0,0.0,0.0,10,1,0.0,3
statsbomb,1,43,1,2022,63,28,788,21214,46.93333333333333,50,1,3,7.670454545454546,86.66666666666667,0.0,0.02,15.340909090909092,3.835227272727273,0.0,1.9176136363636365,0.0,0.0,0.0,0.0,8,2,0.0,2
statsbomb,1,43,1,2022,63,28,788,23774,27.966666666666665,49,0,4,12.872467222884387,68.75,100.0,0.04081632653061224,25.744934445768774,6.436233611442193,3.2181168057210967,9.65435041716329,6.436233611442193,0.0,0.0,0.0,5,2,0.0,2
statsbomb,1,43,1,2022,63,28,788,31295,95.98333333333333,140,2,18,18.7532557735718,78.43137254901961,0.0,0.007142857142857143,15.00260461885744,3.75065115471436,0.0,0.93766278867859,6.5636395207501295,0.0,0.0,0.0,18,8,0.0,4
statsbomb,1,43,1,2022,63,28,788,3625,63.983333333333334,80,5,4,12.659546756967961,78.26086956521739,50.0,0.0375,18.286011982287054,4.21984891898932,0.0,0.0,1.4066163063297734,0.08611878,0.0,0.12113608022922637,10,5,0.0,3
statsbomb,1,43,1,2022,63,28,788,3634,45.96666666666667,38,3,2,9.789702683103698,90.0,0.0,0.05263157894736842,17.621464829586657,5.873821609862219,0.0,0.0,0.0,0.0,0.0,0.0,3,2,0.0,2
statsbomb,1,43,1,2022,63,28,788,46258,40.96666666666667,81,2,10,26.362896663954434,92.3076923076923,100.0,0.0,10.984540276647682,4.393816110659072,0.0,0.0,4.393816110659072,0.0,0.0,0.0,13,9,0.0,1
statsbomb,1,43,1,2022,63,28,788,5234,91.96666666666667,135,4,16,19.572308807538963,90.38461538461539,0.0,0.007407407407407408,12.722000724900326,6.850308082638637,0.0,0.9786154403769481,3.9144617615077926,0.0,0.0,0.0,7,6,0.0,1
statsbomb,1,43,1,2022,63,28,788,5237,94.98333333333333,198,6,19,23.68836638006668,75.75757575757575,66.66666666666666,0.020202020202020204,14.213019828040007,4.737673276013336,0.0,3.7901386208106684,2.842603965608001,0.036385462,0.0,0.03447648619055975,36,10,0.0,4
statsbomb,1,43,1,2022,63,28,788,5245,93.98333333333333,187,2,12,13.406632381627947,86.3013698630137,0.0,0.0106951871657754,16.27948217769108,1.915233197375421,0.0,1.915233197375421,4.788082993438553,0.0,0.0,0.0,25,7,0.0,5
statsbomb,1,43,1,2022,63,28,788,6301,94.95,51,0,1,0.9478672985781991,75.0,0.0,0.0196078431372549,11.374407582938389,0.0,0.0,0.0,2.843601895734597,0.451114378,0.0,0.42759656682464453,2,1,0.0,0
statsbomb,1,43,1,2022,63,28,788,67700,29.983333333333334,61,3,5,24.013340744858255,100.0,0.0,0.0,12.006670372429127,9.005002779321845,0.0,3.001667593107282,3.001667593107282,0.0,0.0,0.0,1,0,0.0,1
statsbomb,1,43,1,2022,63,28,788,6785,90.95,93,0,23,22.759758108851017,86.66666666666667,0.0,0.0,0.9895547003848268,1.9791094007696537,0.0,0.0,5.9373282023089615,0.0,0.0,0.0,2,1,0.0,0
statsbomb,1,43,1,2022,63,28,788,7459,66.98333333333333,96,2,12,18.81064941527743,88.57142857142857,0.0,0.0,5.374471261507837,4.0308534461308785,0.0,1.3436178153769593,9.405324707638716,0.0,0.0,0.0,2,2,0.0,1
statsbomb,1,43,1,2022,64,19,771,,120.0,0,0,0,0.0,0.0,0.0,0.0,0.0,0.0,0.0,0.0,0.0,0.0,0.0,0.0,0,0,0.0,0
statsbomb,1,43,1,2022,64,19,771,10481,120.0,166,4,21,18.75,81.15942028985508,100.0,0.006024096385542169,10.5,3.75,0.0,3.75,7.5,0.7835,0.0,0.587625,16,11,0.0,3
statsbomb,1,43,1,2022,64,19,771,11135,8.716666666666667,5,0,1,10.325047801147228,50.0,0.0,0.0,10.325047801147228,0.0,0.0,10.325047801147228,20.650095602294456,0.0,0.0,0.0,2,1,0.0,1
statsbomb,1,43,1,2022,64,19,771,11990,24.883333333333333,28,1,3,14.467515070328199,81.81818181818183,0.0,0.0,18.08439383791025,3.6168787675820497,0.0,0.0,10.85063630274615,0.023031652,0.0,0.08330269310113865,3,1,0.0,1
statsbomb,1,43,1,2022,64,19,771,22097,84.96666666666667,70,5,2,7.414672420557081,73.33333333333333,25.0,0.08571428571428572,30.717928599450765,4.2369556688897605,2.1184778344448802,0.0,4.2369556688897605,1.15719772,0.0,1.2257488599450765,10,3,0.0,8
statsbomb,1,43,1,2022,64,19,771,24778,77.98333333333333,59,0,6,6.9245565291729,87.5,50.0,0.01694915254237288,11.5409275486215,0.0,3.46227826458645,0.0,3.46227826458645,0.0,0.0,0.0,4,0,0.0,6
statsbomb,1,43,1,2022,64,19,771,2972,76.98333333333333,78,6,9,17.536263260445985,68.18181818181817,50.0,0.08974358974358974,23.381684347261313,3.5072526520891967,0.0,0.0,5.845421086815328,0.0,0.0,0.0,11,7,0.0,2
statsbomb,1,43,1,2022,64,19,771,3009,119.98333333333333,129,6,8,10.501458535907764,70.37037037037037,54.54545454545454,0.05426356589147287,6.75093763022642,4.500625086817613,0.0,0.0,5.250729267953882,2.566053667,0.0,1.9248075846367547,23,5,0.0,2
statsbomb,1,43,1,2022,64,19,771,3026,98.98333333333333,130,3,12,13.638659707021384,84.31372549019608,0.0,0.007692307692307693,18.184879609361847,2.7277319414042767,0.0,2.7277319414042767,3.636975921872369,0.09333491,0.0,0.08486420508503115,16,7,0.0,1
statsbomb,1,43,1,2022,64,19,771,3099,120.0,66,0,37,27.75,56.09756097560976,0.0,0.0,0.0,0.75,0.0,0.0,1.5,0.0,0.0,0.0,11,11,0.0,0
statsbomb,1,43,1,2022,64,19,771,3604,94.93333333333334,21,0,4,3.792134831460674,55.55555555555556,0.0,0.0,6.636235955056179,0.0,0.0,0.0,0.0,0.0,0.0,0.0,4,4,0.0,0
statsbomb,1,43,1,2022,64,19,771,4445,118.98333333333333,165,3,23,19.666619974786386,80.59701492537313,50.0,0.01818181818181818,15.128169211374143,3.0256338422748286,0.7564084605687071,0.7564084605687071,2.2692253817061214,0.0,0.0,0.0,13,9,0.0,2
statsbomb,1,43,1,2022,64,19,771,5477,40.96666666666667,36,1,1,4.393816110659072,69.23076923076923,0.0,0.05555555555555555,15.378356387306752,2.196908055329536,0.0,0.0,2.196908055329536,0.0,0.0,0.0,3,1,0.0,0
statsbomb,1,43,1,2022,64,19,771,5485,111.98333333333333,163,10,12,17.681202559904747,90.1639344262295,0.0,0.0,4.0184551272510785,10.447983330852805,0.0,1.6073820509004315,3.214764101800863,0.0,0.0,0.0,7,4,0.0,1
statsbomb,1,43,1,2022,64,19,771,5487,70.91666666666667,74,0,8,10.152761457109282,73.33333333333333,0.0,0.02702702702702703,16.498237367802584,0.0,0.0,2.5381903642773205,1.2690951821386602,0.0,0.0,0.0,12,3,0.0,4
statsbomb,1,43,1,2022,64,19,771,6704,69.98333333333333,122,1,14,19.29030721600381,81.63265306122449,100.0,0.01639344262295082,7.716122886401524,5.144081924267683,0.0,0.0,1.2860204810669207,0.0,0.0,0.0,14,4,0.0,1
statsbomb,1,43,1,2022,64,19,771,8217,50.916666666666664,48,5,2,12.37315875613748,33.33333333333333,100.0,0.020833333333333332,30.04909983633388,5.30278232405892,3.53518821603928,0.0,5.30278232405892,0.7835,0.0,1.3849099836333878,10,3,0.0,0
statsbomb,1,43,1,2022,64,19,771,8519,119.98333333333333,173,3,24,20.25281289067926,84.375,0.0,0.0,8.251145992498957,3.7505209056813444,0.7501041811362689,0.7501041811362689,2.2503125434088065,0.0,0.0,0.0,14,11,0.0,3
statsbomb,1,43,1,2022,64,18,779,,120.0,0,0,0,0.0,0.0,0.0,0.0,0.0,0.0,0.0,0.0,0.0,0.0,0.0,0.0,0,0,0.0,0
statsbomb,1,43,1,2022,64,18,779,11456,20.983333333333334,29,0,1,4.289118347895155,71.42857142857143,0.0,0.034482758620689655,8.57823669579031,0.0,0.0,0.0,4.289118347895155,0.58352003,0.0,2.502786467037331,3,0,0.0,1
statsbomb,1,43,1,2022,64,18,779,16308,22.933333333333334,35,1,5,23.546511627906977,100.0,0.0,0.0,19.622093023255815,7.848837209302325,3.9244186046511627,0.0,7.848837209302325,0.7835,0.0,3.0747819767441857,4,3,0.0,0
statsbomb,1,43,1,2022,64,18,779,19597,59.983333333333334,86,3,8,16.50458460683523,67.85714285714286,0.0,0.03488372093023256,15.004167824395665,4.501250347318699,1.5004167824395664,0.0,4.501250347318699,0.0,0.0,0.0,16,4,0.0,3
statsbomb,1,43,1,2022,64,18,779,20572,120.0,161,1,36,27.75,85.91549295774648,0.0,0.0,9.75,0.75,0.75,1.5,3.0,0.0,0.0,0.0,8,5,0.0,0
statsbomb,1,43,1,2022,64,18,779,27886,115.96666666666667,158,5,12,13.193446392641563,86.53846153846155,100.0,0.006329113924050633,5.4325955734406435,2.3282552457602756,0.0,0.0,6.984765737280828,0.054379339,0.0,0.04220299376257545,22,4,0.0,4
statsbomb,1,43,1,2022,64,18,779,28263,34.9,40,2,1,7.736389684813754,61.53846153846154,0.0,0.025,12.893982808022923,0.0,0.0,0.0,5.157593123209169,0.804104363,0.0,2.0736215664756448,5,2,0.0,1
statsbomb,1,43,1,2022,64,18,779,29201,95.98333333333333,117,2,17,17.81559298489321,69.64285714285714,0.0,0.0,11.25195346414308,0.93766278867859,0.0,0.93766278867859,1.87532557735718,0.0,0.0,0.0,17,8,0.0,3
statsbomb,1,43,1,2022,64,18,779,29560,99.98333333333333,95,3,3,5.400900150025004,81.25,0.0,0.031578947368421054,24.304050675112517,2.700450075012502,0.0,1.8003000500083346,2.700450075012502,0.05953379,0.0,0.05358934255709285,17,2,0.0,1
statsbomb,1,43,1,2022,64,18,779,2995,61.983333333333334,109,3,3,8.712019360043023,86.20689655172413,62.5,0.03669724770642202,7.260016133369184,2.904006453347674,0.0,2.904006453347674,4.356009680021511,0.410209694,0.0,0.5956257993008873,20,4,0.0,0
statsbomb,1,43,1,2022,64,18,779,3090,120.0,191,2,19,15.75,92.0,0.0,0.005235602094240838,3.0,0.75,0.0,0.75,4.5,0.0,0.0,0.0,2,2,0.0,2
statsbomb,1,43,1,2022,64,18,779,38718,120.0,256,2,28,22.5,86.17021276595744,100.0,0.0078125,22.5,1.5,2.25,0.75,6.0,0.07174936,0.0,0.05381202,25,13,0.0,5
statsbomb,1,43,1,2022,64,18,779,5503,120.0,196,12,23,26.25,83.33333333333334,0.0,0.030612244897959183,12.75,7.5,0.0,0.0,5.25,2.238779741,0.0,1.67908480575,38,14,0.0,2
statsbomb,1,43,1,2022,64,18,779,5507,120.0,123,1,23,18.0,80.35714285714286,0.0,0.0,14.25,0.0,1.5,1.5,2.25,0.0,0.0,0.0,20,7,0.0,2
statsbomb,1,43,1,2022,64,18,779,5743,2.9,10,0,2,62.06896551724138,33.33333333333333,0.0,0.0,0.0,0.0,0.0,0.0,0.0,0.7835,0.0,24.31551724137931,2,2,0.0,0
statsbomb,1,43,1,2022,64,18,779,6909,120.0,61,1,22,17.25,63.63636363636363,0.0,0.0,0.0,0.75,0.0,0.0,2.25,0.0,0.0,0.0,6,6,0.0,0
statsbomb,1,43,1,2022,64,18,779,7161,120.0,3,0,0,0.0,100.0,0.0,0.0,0.0,0.0,0.0,0.0,0.0,0.0,0.0,0.0,0,0,0.0,0
statsbomb,1,43,1,2022,64,18,779,7797,101.98333333333333,206,2,14,14.119954240889035,85.29411764705883,25.0,0.02912621359223301,9.707468540611211,2.647491420166694,0.0,1.7649942801111294,2.647491420166694,0.103029609,0.0,0.09092333528354306,21,3,0.0,0
statsbomb,1,43,2,2018,65,33,796,,94.95,0,0,0,0.0,0.0,0.0,0.0,0.0,0.0,0.0,0.0,0.0,0.0,0.0,0.0,0,0,0.0,0
statsbomb,1,43,2,2018,65,33,796,5170,89.98333333333333,99,0,12,12.002222633821077,81.25,0.0,0.020202020202020204,7.001296536395628,0.0,1.0001852194850898,0.0,6.001111316910539,0.0,0.0,0.0,18,4,0.0,2
statsbomb,1,43,2,2018,65,33,796,5171,91.95,95,2,15,16.6394779771615,54.285714285714285,0.0,0.010526315789473684,22.512234910277325,1.9575856443719413,1.9575856443719413,0.9787928221859706,6.851549755301795,0.120287236,0.0,0.1177362831973899,17,10,0.0,5
statsbomb,1,43,2,2018,65,33,796,5172,87.95,52,0,20,20.46617396247868,59.09090909090909,0.0,0.0,0.0,0.0,0.0,0.0,1.023308698123934,0.0,0.0,0.0,9,9,0.0,0
statsbomb,1,43,2,2018,65,33,796,5174,89.93333333333334,75,0,20,20.014825796886583,66.66666666666666,0.0,0.0,1.000741289844329,1.000741289844329,1.000741289844329,0.0,2.001482579688658,0.0,0.0,0.0,7,6,0.0,0
statsbomb,1,43,2,2018,65,33,796,5175,88.95,78,0,13,13.15345699831366,74.28571428571429,0.0,0.01282051282051282,1.0118043844856661,2.0236087689713322,0.0,0.0,2.0236087689713322,0.0,0.0,0.0,3,3,0.0,0
statsbomb,1,43,2,2018,65,33,796,5177,92.98333333333333,113,10,12,21.29413873454024,72.22222222222221,100.0,0.0,31.941208101810357,7.7433231761964505,0.0,0.9679153970245563,8.711238573221006,0.0744545,0.0,0.07206565692776483,24,12,0.0,5
statsbomb,1,43,2,2018,65,33,796,5179,28.933333333333334,38,3,2,15.55299539170507,84.61538461538461,0.0,0.02631578947368421,12.442396313364055,3.110599078341014,0.0,0.0,3.110599078341014,0.02450558,0.0,0.07622703456221198,6,5,0.0,1
statsbomb,1,43,2,2018,65,33,796,5180,23.916666666666668,33,2,3,18.81533101045296,90.0,0.0,0.0,30.104529616724736,11.289198606271777,0.0,0.0,0.0,0.07510638,0.0,0.2826302801393728,6,1,0.0,0
statsbomb,1,43,2,2018,65,33,796,5181,91.96666666666667,81,0,10,9.786154403769482,80.64516129032258,0.0,0.012345679012345678,16.636462486408117,0.9786154403769481,0.9786154403769481,0.9786154403769481,4.893077201884741,0.14645855,0.0,0.14332659840521927,7,2,0.0,1
statsbomb,1,43,2,2018,65,33,796,5182,63.983333333333334,68,3,8,15.472779369627508,84.21052631578947,100.0,0.014705882352941176,25.319093513935922,1.4066163063297734,0.0,1.4066163063297734,8.43969783797864,0.08016910399999999,0.0,0.11276716895024745,9,5,0.0,1
statsbomb,1,43,2,2018,65,33,796,5186,66.98333333333333,75,5,3,10.748942523015675,66.66666666666666,75.0,0.013333333333333334,17.467031599900473,6.718089076884796,0.0,0.0,6.718089076884796,0.44247125200000004,0.0,0.5945122569793481,14,4,0.0,2
statsbomb,1,43,2,2018,65,33,796,5193,87.98333333333333,103,5,18,23.527183178632317,63.26530612244898,100.0,0.009708737864077669,9.206289069899602,5.114605038833112,1.0229210077666224,0.0,3.0687630232998675,0.02564916,0.0,0.026237064595567343,21,8,0.0,1
statsbomb,1,43,2,2018,65,33,796,5194,69.95,85,6,4,12.866333095067905,65.0,33.33333333333333,0.07058823529411765,14.152966404574697,6.433166547533952,0.0,0.0,5.146533238027162,0.0,0.0,0.0,9,5,0.0,0
statsbomb,1,43,2,2018,65,33,796,5195,20.683333333333334,27,2,0,8.70265914585012,100.0,0.0,0.037037037037037035,8.70265914585012,4.35132957292506,0.0,0.0,4.35132957292506,0.29249918,0.0,1.2727603319903305,4,1,0.0,0
statsbomb,1,43,2,2018,65,10,799,,94.98333333333333,0,0,0,0.0,0.0,0.0,0.0,0.0,0.0,0.0,0.0,0.0,0.0,0.0,0.0,0,0,0.0,0
statsbomb,1,43,2,2018,65,10,799,5173,63.983333333333334,149,3,13,22.505860901276375,87.03703703703704,0.0,0.013422818791946308,19.692628288616827,2.813232612659547,0.0,1.4066163063297734,8.43969783797864,0.0,0.0,0.0,13,10,0.0,0
statsbomb,1,43,2,2018,65,10,799,5176,10.633333333333333,4,0,0,0.0,100.0,0.0,0.0,0.0,0.0,0.0,0.0,0.0,0.0,0.0,0.0,0,0,0.0,0
statsbomb,1,43,2,2018,65,10,799,5178,92.98333333333333,218,10,17,26.13371571966302,88.75,50.0,0.009174311926605505,18.39039254346657,7.7433231761964505,0.9679153970245563,0.0,6.7754077791718945,0.0,0.0,0.0,21,9,0.0,4
statsbomb,1,43,2,2018,65,10,799,5183,92.98333333333333,176,3,21,23.22996952858935,72.72727272727273,100.0,0.005681818181818182,10.64706936727012,3.8716615880982252,0.9679153970245563,0.9679153970245563,2.903746191073669,0.108595698,0.0,0.10511144814482883,17,10,0.0,1
statsbomb,1,43,2,2018,65,10,799,5184,89.98333333333333,151,1,26,27.005000926097424,83.60655737704919,0.0,0.0,7.001296536395628,2.0003704389701795,1.0001852194850898,0.0,3.0005556584552693,0.0,0.0,0.0,10,6,0.0,4
statsbomb,1,43,2,2018,65,10,799,5185,92.96666666666667,111,0,4,3.8723556830405164,88.57142857142857,0.0,0.02702702702702703,9.680889207601291,0.9680889207601291,0.0,0.9680889207601291,2.904266762280387,0.0,0.0,0.0,6,1,0.0,1
statsbomb,1,43,2,2018,65,10,799,5187,88.98333333333333,142,10,13,23.262783292751454,93.02325581395348,0.0,0.028169014084507043,11.125678966098521,11.125678966098521,3.034276081663233,1.011425360554411,5.057126802772055,0.059369387999999995,0.0,0.06004770466379472,19,10,0.0,1
statsbomb,1,43,2,2018,65,10,799,5188,10.933333333333334,13,0,0,0.0,80.0,0.0,0.0,8.231707317073171,8.231707317073171,8.231707317073171,8.231707317073171,8.231707317073171,0.025213882,0.0,0.20755329695121952,1,0,0.0,0
statsbomb,1,43,2,2018,65,10,799,5189,90.95,73,1,29,29.686641011544804,45.714285714285715,0.0,0.0,0.0,0.9895547003848268,0.0,0.0,3.9582188015393074,0.0,0.0,0.0,14,8,0.0,0
statsbomb,1,43,2,2018,65,10,799,5190,26.916666666666668,11,0,0,0.0,100.0,0.0,0.09090909090909091,6.687306501547988,0.0,0.0,0.0,3.343653250773994,0.0,0.0,0.0,0,0,0.0,0
statsbomb,1,43,2,2018,65,10,799,5191,90.98333333333333,196,3,16,18.794651034988092,80.55555555555556,0.0,0.00510204081632653,10.881113757098369,1.9783843194724309,0.0,0.9891921597362154,2.9675764792086463,0.0,0.0,0.0,20,9,0.0,3
statsbomb,1,43,2,2018,65,10,799,5192,71.96666666666667,117,2,6,10.00463177396943,87.17948717948718,0.0,0.042735042735042736,15.006947660954147,3.7517369152385367,0.0,1.2505789717461788,5.002315886984715,0.0,0.0,0.0,11,4,0.0,1
statsbomb,1,43,2,2018,65,10,799,5196,83.96666666666667,42,0,2,2.1437078205637157,70.0,0.0,0.07142857142857142,19.29337038507344,0.0,0.0,0.0,4.287415641127431,0.055627532,0.0,0.05962458769352918,3,0,0.0,0
statsbomb,1,43,2,2018,65,10,799,5197,88.98333333333333,153,4,21,25.285634013860275,75.86206896551724,100.0,0.0,5.057126802772055,6.068552163326466,2.022850721108822,0.0,5.057126802772055,0.0,0.0,0.0,9,5,0.0,2
statsbomb,1,43,2,2018,66,34,775,,94.81666666666666,0,0,0,0.0,0.0,0.0,0.0,0.0,0.0,0.0,0.0,0.0,0.0,0.0,0.0,0,0,0.0,0
statsbomb,1,43,2,2018,66,34,775,3338,94.98333333333333,108,1,9,9.475346552026672,81.25,0.0,0.0,23.68836638006668,0.0,0.0,0.0,3.7901386208106684,0.0,0.0,0.0,15,7,0.0,1
statsbomb,1,43,2,2018,66,34,775,3647,60.96666666666667,66,0,8,11.80973209404046,75.0,0.0,0.045454545454545456,10.333515582285402,0.0,0.0,0.0,7.381082558775287,0.097208842,0.0,0.14350129764898853,7,3,0.0,1
statsbomb,1,43,2,2018,66,34,775,3708,17.95,21,1,0,5.013927576601671,50.0,0.0,0.047619047619047616,35.097493036211695,5.013927576601671,0.0,0.0,0.0,0.052039362,0.0,0.2609215922005571,2,0,0.0,0
statsbomb,1,43,2,2018,66,34,775,3963,93.98333333333333,121,5,17,21.067565171129633,44.73684210526316,100.0,0.024793388429752067,11.491399184252526,3.830466394750842,0.0,0.9576165986877105,6.703316190813974,0.162778366,0.0,0.15587926518886328,26,9,0.0,1
statsbomb,1,43,2,2018,66,34,775,5454,90.9,49,0,22,21.78217821782178,51.85185185185185,0.0,0.0,0.0,0.0,0.0,0.0,3.9603960396039604,0.0,0.0,0.0,0,0,0.0,0
statsbomb,1,43,2,2018,66,34,775,5455,93.98333333333333,132,0,24,22.98279836850505,77.19298245614034,100.0,0.0,5.745699592126263,2.8728497960631314,0.0,1.915233197375421,1.915233197375421,0.0,0.0,0.0,14,10,0.0,0
statsbomb,1,43,2,2018,66,34,775,5458,71.96666666666667,53,2,0,2.5011579434923576,83.33333333333334,0.0,0.07547169811320754,5.002315886984715,2.5011579434923576,0.0,0.0,0.0,0.308821405,0.0,0.3862055551181102,2,1,0.0,0
statsbomb,1,43,2,2018,66,34,775,5462,93.98333333333333,74,2,18,19.15233197375421,71.42857142857143,0.0,0.0,18.1947153750665,0.0,0.0,0.0,0.9576165986877105,0.0,0.0,0.0,8,5,0.0,6
statsbomb,1,43,2,2018,66,34,775,5464,5.716666666666667,3,0,0,0.0,0.0,0.0,0.0,78.71720116618076,0.0,0.0,0.0,0.0,0.0,0.0,0.0,0,0,0.0,0
statsbomb,1,43,2,2018,66,34,775,5466,92.96666666666667,199,6,15,20.32986733596271,91.17647058823529,100.0,0.0,17.425600573682324,5.808533524560774,0.9680889207601291,0.0,12.585155969881678,0.0290833027,0.0,0.028155223122983148,9,9,0.0,3
statsbomb,1,43,2,2018,66,34,775,5467,91.98333333333333,106,1,18,18.5903243341185,77.27272727272727,0.0,0.0,7.827504982786737,0.9784381228483421,0.0,1.9568762456966842,1.9568762456966842,0.11239032,0.0,0.10996697372712448,6,6,0.0,1
statsbomb,1,43,2,2018,66,34,775,5471,88.98333333333333,72,0,6,6.068552163326466,96.875,0.0,0.013888888888888888,14.159955047761754,0.0,0.0,1.011425360554411,5.057126802772055,0.0,0.0,0.0,5,2,0.0,1
statsbomb,1,43,2,2018,66,34,775,5473,31.916666666666668,23,2,1,8.459530026109661,66.66666666666666,100.0,0.043478260869565216,28.198433420365532,2.8198433420365534,0.0,0.0,2.8198433420365534,0.0,0.0,0.0,4,1,0.0,0
statsbomb,1,43,2,2018,66,34,775,5475,87.98333333333333,136,4,12,16.36673612426596,76.19047619047619,100.0,0.014705882352941176,17.389657132032582,2.045842015533245,1.0229210077666224,0.0,3.0687630232998675,0.0,0.0,0.0,18,9,0.0,1
statsbomb,1,43,2,2018,66,29,785,,94.96666666666667,0,0,0,0.0,0.0,0.0,0.0,0.0,0.0,0.0,0.0,0.0,0.0,0.0,0.0,0,0,0.0,0
statsbomb,1,43,2,2018,66,29,785,3444,80.98333333333333,60,0,17,18.892776291417988,84.0,0.0,0.0,0.0,0.0,0.0,0.0,4.445359127392468,0.0,0.0,0.0,4,3,0.0,0
statsbomb,1,43,2,2018,66,29,785,3471,92.95,149,2,22,23.238300161377083,85.96491228070175,0.0,0.0,4.841312533620226,2.9047875201721354,0.0,0.9682625067240451,2.9047875201721354,0.07854937,0.0,0.0760564098977945,5,5,0.0,0
statsbomb,1,43,2,2018,66,29,785,5456,15.966666666666667,15,1,2,16.910229645093946,66.66666666666666,0.0,0.0,28.18371607515658,5.6367432150313155,0.0,0.0,0.0,0.14311777,0.0,0.8067181189979123,3,2,0.0,0
statsbomb,1,43,2,2018,66,29,785,5457,92.98333333333333,114,2,23,24.19788492561391,72.0,0.0,0.008771929824561403,14.518730955368344,1.9358307940491126,0.0,1.9358307940491126,5.807492382147338,0.0,0.0,0.0,14,8,0.0,3
statsbomb,1,43,2,2018,66,29,785,5459,8.666666666666666,15,0,1,10.384615384615385,50.0,0.0,0.0,20.76923076923077,0.0,0.0,0.0,10.384615384615385,0.0,0.0,0.0,2,1,0.0,1
statsbomb,1,43,2,2018,66,29,785,5460,58.96666666666667,80,3,5,12.210288298473714,61.111111111111114,100.0,0.0125,24.420576596947427,3.0525720746184284,0.0,0.0,1.5262860373092142,0.13557982200000002,0.0,0.20693358925946864,13,4,0.0,1
statsbomb,1,43,2,2018,66,29,785,5461,93.98333333333333,112,3,11,13.406632381627947,81.81818181818183,0.0,0.017857142857142856,0.9576165986877105,2.8728497960631314,0.0,0.0,0.9576165986877105,0.011776743,0.0,0.011277604575279303,14,4,0.0,0
statsbomb,1,43,2,2018,66,29,785,5463,92.98333333333333,183,7,23,29.03746191073669,81.15942028985508,0.0,0.01639344262295082,24.19788492561391,8.711238573221006,0.9679153970245563,1.9358307940491126,6.7754077791718945,0.7835,0.0,0.7583617135687398,25,12,0.0,2
statsbomb,1,43,2,2018,66,29,785,5465,77.95,108,1,4,5.772931366260423,67.64705882352942,50.0,0.037037037037037035,10.391276459268761,2.3091725465041693,0.0,4.6183450930083385,1.1545862732520846,0.028548675,0.0,0.032961908274534955,20,3,0.0,1
statsbomb,1,43,2,2018,66,29,785,5468,91.98333333333333,102,3,13,15.655009965573473,86.8421052631579,0.0,0.0,10.762819351331762,3.9137524913933683,0.0,2.9353143685450265,0.9784381228483421,0.0,0.0,0.0,2,1,0.0,1
statsbomb,1,43,2,2018,66,29,785,5469,32.96666666666667,68,1,5,16.380182002022245,92.3076923076923,0.0,0.0,24.570273003033368,0.0,0.0,2.730030333670374,8.190091001011123,0.0,0.0,0.0,5,4,0.0,1
statsbomb,1,43,2,2018,66,29,785,5470,92.98333333333333,187,4,25,28.069546513712133,81.15942028985508,100.0,0.0053475935828877,22.262054131564796,1.9358307940491126,0.0,0.0,3.8716615880982252,0.018438444,0.0,0.017846853844775048,25,14,0.0,7
statsbomb,1,43,2,2018,66,29,785,5472,84.98333333333333,80,0,5,5.295155912924104,64.0,0.0,0.0125,23.298686016866053,0.0,0.0,0.0,1.0590311825848207,0.42800066999999997,0.0,0.4532660556971955,12,4,0.0,1
statsbomb,1,43,2,2018,66,29,785,5474,91.96666666666667,134,3,12,14.679231605654222,82.92682926829268,100.0,0.007462686567164179,16.636462486408117,3.9144617615077926,1.9572308807538963,0.9786154403769481,0.9786154403769481,0.06695514,0.0,0.06552333381660021,17,4,0.0,2
statsbomb,1,43,2,2018,67,19,771,,95.93333333333334,0,0,0,0.0,0.0,0.0,0.0,0.0,0.0,0.0,0.0,0.0,0.0,0.0,0.0,0,0,0.0,0
statsbomb,1,43,2,2018,67,19,771,20004,94.98333333333333,174,9,24,31.268643621688014,84.48275862068965,0.0,0.005747126436781609,14.213019828040007,5.685207931216002,0.0,0.0,3.7901386208106684,0.050655685,0.0,0.047998017020529915,29,18,0.0,2
statsbomb,1,43,2,2018,67,19,771,2948,24.9,52,3,4,25.30120481927711,71.42857142857143,33.33333333333333,0.038461538461538464,28.91566265060241,7.228915662650603,3.6144578313253013,0.0,10.843373493975903,0.009332593,0.0,0.03373226385542169,9,2,0.0,2
statsbomb,1,43,2,2018,67,19,771,3009,94.98333333333333,101,1,4,4.737673276013336,90.47619047619048,50.0,0.039603960396039604,18.950693104053343,1.8950693104053342,0.0,0.0,2.842603965608001,0.011586021,0.0,0.010978156413405861,17,2,0.0,4
statsbomb,1,43,2,2018,67,19,771,3099,93.96666666666667,44,0,15,14.366796736431358,78.94736842105263,0.0,0.0,0.0,0.0,0.0,0.0,0.9577864490954239,0.0,0.0,0.0,2,1,0.0,0
statsbomb,1,43,2,2018,67,19,771,3604,23.916666666666668,17,1,1,7.526132404181184,100.0,0.0,0.058823529411764705,33.86759581881533,7.526132404181184,0.0,0.0,3.763066202090592,0.0,0.0,0.0,1,0,0.0,2
statsbomb,1,43,2,2018,67,19,771,3961,93.96666666666667,163,5,19,22.986874778290172,90.32258064516128,100.0,0.0,11.493437389145086,4.7889322454771195,1.9155728981908478,0.0,7.662291592763391,0.0,0.0,0.0,13,7,0.0,1
statsbomb,1,43,2,2018,67,19,771,4375,17.983333333333334,29,0,2,10.009267840593141,63.63636363636363,0.0,0.0,30.027803521779425,0.0,0.0,5.004633920296571,0.0,0.0,0.0,0.0,6,1,0.0,1
statsbomb,1,43,2,2018,67,19,771,5476,94.98333333333333,187,3,22,23.68836638006668,75.34246575342466,0.0,0.0053475935828877,4.737673276013336,3.7901386208106684,0.9475346552026671,0.9475346552026671,2.842603965608001,0.030792372,0.0,0.029176839585892258,27,9,0.0,1
statsbomb,1,43,2,2018,67,19,771,5477,67.98333333333333,70,3,1,5.295415543025252,58.82352941176471,33.33333333333333,0.05714285714285714,23.82936994361363,5.295415543025252,0.0,0.0,0.0,0.0,0.0,0.0,12,3,0.0,2
statsbomb,1,43,2,2018,67,19,771,5480,77.96666666666667,185,4,18,25.395468148781532,85.29411764705883,0.0,0.005405405405405406,17.31509191962377,3.463018383924754,0.0,2.3086789226165028,8.08037622915776,0.0,0.0,0.0,30,13,0.0,1
statsbomb,1,43,2,2018,67,19,771,5484,92.98333333333333,153,5,11,15.486646352392901,76.36363636363637,50.0,0.013071895424836602,12.582900161319232,1.9358307940491126,0.0,0.0,4.839576985122782,0.11589181500000001,0.0,0.11217347212762144,24,13,0.0,2
statsbomb,1,43,2,2018,67,19,771,5485,95.96666666666667,167,5,30,32.8238971865231,87.14285714285714,0.0,0.005988023952095809,0.0,2.81347690170198,0.0,0.93782563390066,10.31608197290726,0.0,0.0,0.0,16,13,0.0,0
statsbomb,1,43,2,2018,67,19,771,5487,69.98333333333333,74,0,7,9.002143367468445,52.38095238095239,0.0,0.013513513513513514,19.29030721600381,0.0,0.0,0.0,1.2860204810669207,1.336258533,0.0,1.7184558414384379,12,3,0.0,0
statsbomb,1,43,2,2018,67,19,771,5492,92.98333333333333,146,4,20,23.22996952858935,96.49122807017544,0.0,0.0,0.0,2.903746191073669,0.0,1.9358307940491126,2.903746191073669,0.007040045,0.0,0.006814167951245742,9,5,0.0,0
statsbomb,1,43,2,2018,67,7,792,,95.98333333333333,0,0,0,0.0,0.0,0.0,0.0,0.0,0.0,0.0,0.0,0.0,0.0,0.0,0.0,0,0,0.0,0
statsbomb,1,43,2,2018,67,7,792,3240,90.98333333333333,105,3,27,29.67576479208646,84.44444444444444,0.0,0.0,0.9891921597362154,1.9783843194724309,0.0,0.0,8.90272943762594,0.0,0.0,0.0,5,2,0.0,0
statsbomb,1,43,2,2018,67,7,792,3281,94.98333333333333,148,2,19,19.89822775925601,75.0,100.0,0.0,15.160554483242674,1.8950693104053342,0.9475346552026671,1.8950693104053342,11.370415862432004,0.0,0.0,0.0,19,6,0.0,4
statsbomb,1,43,2,2018,67,7,792,5478,94.98333333333333,139,4,30,32.21617827689068,80.7017543859649,0.0,0.0,3.7901386208106684,1.8950693104053342,0.9475346552026671,2.842603965608001,1.8950693104053342,0.0,0.0,0.0,8,7,0.0,0
statsbomb,1,43,2,2018,67,7,792,5479,94.98333333333333,162,6,16,20.845762414458676,77.04918032786885,0.0,0.006172839506172839,12.317950517634673,3.7901386208106684,0.0,0.9475346552026671,6.6327425864186695,0.012084869,0.0,0.0114508321810844,20,11,0.0,1
statsbomb,1,43,2,2018,67,7,792,5481,92.93333333333334,75,2,4,5.810616929698709,55.00000000000001,0.0,0.013333333333333334,15.494978479196556,1.9368723098995695,0.0,1.9368723098995695,2.9053084648493543,0.139994226,0.0,0.1355754699426112,5,3,0.0,2
statsbomb,1,43,2,2018,67,7,792,5482,92.98333333333333,109,1,18,18.39039254346657,57.49999999999999,100.0,0.01834862385321101,6.7754077791718945,1.9358307940491126,0.0,0.9679153970245563,0.9679153970245563,0.044451967,0.0,0.04302574328732748,17,6,0.0,0
statsbomb,1,43,2,2018,67,7,792,5483,10.85,13,1,1,16.589861751152075,50.0,0.0,0.0,16.589861751152075,8.294930875576037,0.0,0.0,16.589861751152075,0.0,0.0,0.0,3,1,0.0,0
statsbomb,1,43,2,2018,67,7,792,5486,63.88333333333333,24,1,2,4.2264544743021135,60.0,0.0,0.041666666666666664,9.861727106704931,1.4088181581007044,0.0,0.0,0.0,0.0,0.0,0.0,3,1,0.0,1
statsbomb,1,43,2,2018,67,7,792,5488,91.98333333333333,207,3,24,26.417829316905237,88.1578947368421,0.0,0.0,1.9568762456966842,5.870628737090053,0.9784381228483421,2.9353143685450265,1.9568762456966842,0.0,0.0,0.0,11,8,0.0,0
statsbomb,1,43,2,2018,67,7,792,5489,94.96666666666667,90,0,10,9.477009477009478,78.94736842105263,0.0,0.011111111111111112,7.581607581607582,0.0,0.9477009477009477,0.9477009477009477,0.9477009477009477,0.7835,0.0,0.7425236925236925,7,4,0.0,2
statsbomb,1,43,2,2018,67,7,792,5490,22.933333333333334,19,1,1,7.848837209302325,75.0,0.0,0.05263157894736842,19.622093023255815,3.9244186046511627,0.0,3.9244186046511627,7.848837209302325,0.0,0.0,0.0,1,1,0.0,1
statsbomb,1,43,2,2018,67,7,792,5491,70.96666666666667,55,1,1,2.5364020666979803,92.85714285714286,50.0,0.01818181818181818,13.950211366838891,1.2682010333489901,0.0,1.2682010333489901,2.5364020666979803,0.0,0.0,0.0,3,2,0.0,2
statsbomb,1,43,2,2018,67,7,792,5493,29.85,16,1,1,6.030150753768844,66.66666666666666,0.0,0.125,3.015075376884422,0.0,0.0,0.0,9.045226130653266,0.0,0.0,0.0,3,0,0.0,0
statsbomb,1,43,2,2018,67,7,792,5494,83.96666666666667,52,0,1,1.0718539102818578,84.61538461538461,0.0,0.019230769230769232,21.437078205637157,0.0,0.0,0.0,2.1437078205637157,0.0,0.0,0.0,6,0,0.0,6
statsbomb,1,43,2,2018,68,18,779,,95.86666666666666,0,0,0,0.0,0.0,0.0,0.0,0.0,0.0,0.0,0.0,0.0,0.0,0.0,0.0,0,0,0.0,0
statsbomb,1,43,2,2018,68,18,779,2995,74.98333333333333,114,5,1,7.201600355634586,80.48780487804879,0.0,0.0,1.2002667259390976,4.80106690375639,0.0,0.0,3.600800177817293,0.0,0.0,0.0,29,2,0.0,0
statsbomb,1,43,2,2018,68,18,779,3090,93.98333333333333,219,7,22,27.770881361943605,85.54216867469879,100.0,0.0,5.745699592126263,8.618549388189395,0.0,0.9576165986877105,7.660932789501684,0.366568716,0.0,0.35103228700124134,16,14,0.0,2
statsbomb,1,43,2,2018,68,18,779,3237,92.98333333333333,141,3,5,7.7433231761964505,79.54545454545455,0.0,0.0070921985815602835,10.64706936727012,2.903746191073669,1.9358307940491126,0.0,2.903746191073669,0.187333773,0.0,0.1813232432694031,29,3,0.0,2
statsbomb,1,43,2,2018,68,18,779,3602,93.98333333333333,203,11,23,32.55896435538216,93.33333333333333,0.0,0.0,3.830466394750842,8.618549388189395,0.0,0.9576165986877105,1.915233197375421,0.0062765433,0.0,0.006010522046462139,11,11,0.0,0
statsbomb,1,43,2,2018,68,18,779,3659,92.93333333333334,39,0,12,11.621233859397417,88.88888888888889,0.0,0.0,0.0,0.0,0.0,0.0,4.842180774748924,0.0,0.0,0.0,1,1,0.0,0
statsbomb,1,43,2,2018,68,18,779,5496,18.9,36,1,1,9.523809523809524,77.77777777777779,0.0,0.05555555555555555,14.285714285714285,4.761904761904762,0.0,0.0,4.761904761904762,0.029067878,0.0,0.13841846666666666,7,0,0.0,0
statsbomb,1,43,2,2018,68,18,779,5497,7.716666666666667,16,1,0,11.663066954643629,83.33333333333334,0.0,0.0,0.0,11.663066954643629,0.0,0.0,11.663066954643629,0.0,0.0,0.0,5,0,0.0,0
statsbomb,1,43,2,2018,68,18,779,5499,82.95,141,2,2,4.3399638336347195,83.6734693877551,0.0,0.028368794326241134,10.849909584086799,8.679927667269439,0.0,0.0,5.424954792043399,0.0,0.0,0.0,27,3,0.0,1
statsbomb,1,43,2,2018,68,18,779,5503,91.98333333333333,280,12,25,36.20221054538866,85.71428571428571,57.14285714285714,0.02142857142857143,3.9137524913933683,12.719695597028448,0.9784381228483421,0.0,4.89219061424171,1.0809845754,0.0,1.0576765187823882,59,22,0.0,0
statsbomb,1,43,2,2018,68,18,779,5504,39.983333333333334,176,13,16,65.27719883284702,84.21052631578947,50.0,0.005681818181818182,9.003751563151313,15.756565235514799,0.0,0.0,2.2509378907878284,0.079239004,0.0,0.1783620765318883,33,16,0.0,0
statsbomb,1,43,2,2018,68,18,779,5506,93.98333333333333,385,12,48,57.45699592126263,94.44444444444444,0.0,0.0,18.1947153750665,6.703316190813974,0.0,0.9576165986877105,6.703316190813974,0.01982028,0.0,0.018980229118638055,55,37,0.0,1
statsbomb,1,43,2,2018,68,18,779,5507,93.98333333333333,188,3,10,12.449015782940236,94.28571428571428,0.0,0.0,10.533782585564817,0.0,0.0,0.0,5.745699592126263,0.14656551,0.0,0.14035356517112962,28,8,0.0,0
statsbomb,1,43,2,2018,68,18,779,5510,53.96666666666667,138,2,10,20.012353304508956,91.83673469387756,0.0,0.007246376811594203,8.338480543545398,5.003088326127239,0.0,0.0,3.335392217418159,0.134481003,0.0,0.22427344539839403,12,5,0.0,1
statsbomb,1,43,2,2018,68,18,779,5513,92.98333333333333,216,8,14,21.29413873454024,81.48148148148148,66.66666666666666,0.004629629629629629,5.807492382147338,8.711238573221006,0.0,0.0,4.839576985122782,0.030180966,0.0,0.029212621688474636,34,7,0.0,0
statsbomb,1,43,2,2018,68,35,793,,95.9,0,0,0,0.0,0.0,0.0,0.0,0.0,0.0,0.0,0.0,0.0,0.0,0.0,0.0,0,0,0.0,0
statsbomb,1,43,2,2018,68,35,793,3720,62.983333333333334,43,2,6,11.431595660227574,71.42857142857143,0.0,0.046511627906976744,8.57369674517068,2.8578989150568934,0.0,7.144747287642233,4.28684837258534,0.03494443,0.0,0.04993382429214078,5,3,0.0,0
statsbomb,1,43,2,2018,68,35,793,3944,91.9,83,1,7,7.834602829162132,65.21739130434783,100.0,0.03614457831325301,28.40043525571273,0.0,0.9793253536452665,2.9379760609357994,4.896626768226333,0.1446119865,0.0,0.14162218482045702,16,6,0.0,3
statsbomb,1,43,2,2018,68,35,793,5495,30.85,21,2,2,11.669367909238249,100.0,0.0,0.0,8.752025931928687,5.834683954619124,0.0,0.0,8.752025931928687,0.0,0.0,0.0,0,1,0.0,0
statsbomb,1,43,2,2018,68,35,793,5498,90.98333333333333,48,3,26,28.68657263235025,35.714285714285715,0.0,0.0,0.0,1.9783843194724309,0.0,0.0,2.9675764792086463,0.0,0.0,0.0,12,11,0.0,0
statsbomb,1,43,2,2018,68,35,793,5500,5.9,9,0,1,15.254237288135592,33.33333333333333,0.0,0.0,15.254237288135592,0.0,0.0,0.0,0.0,0.0,0.0,0.0,2,0,0.0,0
statsbomb,1,43,2,2018,68,35,793,5501,92.98333333333333,63,1,15,15.486646352392901,34.48275862068966,0.0,0.015873015873015872,10.64706936727012,0.9679153970245563,0.0,0.0,0.9679153970245563,0.0,0.0,0.0,16,7,0.0,2
statsbomb,1,43,2,2018,68,35,793,5502,18.9,10,0,0,0.0,100.0,0.0,0.0,33.333333333333336,0.0,0.0,0.0,0.0,0.0,0.0,0.0,0,0,0.0,0
statsbomb,1,43,2,2018,68,35,793,5505,93.96666666666667,44,2,11,12.45122383824051,64.70588235294117,0.0,0.0,9.577864490954239,1.9155728981908478,0.9577864490954239,0.9577864490954239,0.9577864490954239,0.0,0.0,0.0,8,6,0.0,3
statsbomb,1,43,2,2018,68,35,793,5508,83.98333333333333,23,0,7,7.501488390553681,83.33333333333334,0.0,0.0,17.146259178408414,0.0,0.0,6.429847191903155,0.0,0.0,0.0,0.0,3,3,0.0,3
statsbomb,1,43,2,2018,68,35,793,5509,92.93333333333334,50,2,7,8.715925394548062,52.94117647058824,0.0,0.04,15.494978479196556,2.9053084648493543,0.0,2.9053084648493543,2.9053084648493543,0.31297603,0.0,0.3030973030846485,9,5,0.0,0
statsbomb,1,43,2,2018,68,35,793,5511,85.98333333333333,27,0,7,7.3270013568521035,78.57142857142857,0.0,0.0,10.467144795503005,0.0,0.0,3.1401434386509015,3.1401434386509015,0.0,0.0,0.0,6,4,0.0,2
statsbomb,1,43,2,2018,68,35,793,5512,90.98333333333333,64,1,5,5.935152958417293,88.46153846153845,100.0,0.015625,29.67576479208646,0.9891921597362154,0.0,3.9567686389448617,5.935152958417293,0.0,0.0,0.0,4,1,0.0,6
statsbomb,1,43,2,2018,68,35,793,5514,88.98333333333333,72,1,4,5.057126802772055,76.92307692307693,50.0,0.041666666666666664,24.274208653305863,1.011425360554411,0.0,2.022850721108822,4.045701442217644,0.539592048,0.0,0.5457570817006931,7,1,0.0,3
statsbomb,1,43,2,2018,68,35,793,5515,71.96666666666667,37,0,8,10.00463177396943,55.00000000000001,0.0,0.0,16.257526632700326,0.0,0.0,1.2505789717461788,1.2505789717461788,0.0,0.0,0.0,9,3,0.0,2
statsbomb,1,43,2,2018,69,1,776,,95.86666666666666,0,0,0,0.0,0.0,0.0,0.0,0.0,0.0,0.0,0.0,0.0,0.0,0.0,0.0,0,0,0.0,0
statsbomb,1,43,2,2018,69,1,776,3027,7.25,2,0,0,0.0,100.0,0.0,0.0,0.0,0.0,0.0,0.0,0.0,0.0,0.0,0.0,0,0,0.0,0
statsbomb,1,43,2,2018,69,1,776,3043,94.98333333333333,150,8,13,19.89822775925601,68.62745098039215,0.0,0.02,22.74083172486401,5.685207931216002,0.0,1.8950693104053342,3.7901386208106684,0.491777878,0.0,0.4659765820670293,30,9,0.0,5
statsbomb,1,43,2,2018,69,1,776,3815,90.91666666666667,51,1,25,25.737855178735103,64.28571428571429,0.0,0.0,0.0,0.989917506874427,0.0,0.0,3.959670027497708,0.0,0.0,0.0,12,11,0.0,0
statsbomb,1,43,2,2018,69,1,776,3959,80.98333333333333,129,1,9,11.11339781848117,93.75,0.0,0.0,10.002058036633052,2.222679563696234,0.0,2.222679563696234,2.222679563696234,0.0,0.0,0.0,2,2,0.0,1
statsbomb,1,43,2,2018,69,1,776,4447,25.95,12,0,0,0.0,100.0,0.0,0.08333333333333333,17.341040462427745,0.0,0.0,0.0,3.468208092485549,0.0,0.0,0.0,2,0,0.0,1
statsbomb,1,43,2,2018,69,1,776,4763,89.98333333333333,94,2,21,23.004260048157064,76.74418604651163,0.0,0.010638297872340425,6.001111316910539,2.0003704389701795,1.0001852194850898,0.0,2.0003704389701795,0.0,0.0,0.0,21,9,0.0,0
statsbomb,1,43,2,2018,69,1,776,5516,65.98333333333333,111,3,10,17.731750442030815,86.66666666666667,75.0,0.018018018018018018,30.007577671129074,6.819904016165699,0.0,0.0,4.091942409699419,0.055096734,0.0,0.07515088749684264,20,3,0.0,2
statsbomb,1,43,2,2018,69,1,776,5517,35.93333333333333,48,0,5,12.523191094619667,85.0,0.0,0.020833333333333332,10.018552875695734,0.0,0.0,0.0,2.5046382189239336,0.0,0.0,0.0,5,3,0.0,0
statsbomb,1,43,2,2018,69,1,776,5520,54.95,41,0,6,9.827115559599635,66.66666666666666,0.0,0.0,24.56778889899909,0.0,0.0,3.275705186533212,8.189262966333029,0.024234127,0.0,0.03969192775250228,6,2,0.0,3
statsbomb,1,43,2,2018,69,1,776,5522,94.96666666666667,89,4,4,7.581607581607582,40.0,0.0,0.011235955056179775,12.32011232011232,3.790803790803791,0.0,0.0,1.8954018954018954,0.11509085,0.0,0.1090717076167076,16,1,0.0,2
statsbomb,1,43,2,2018,69,1,776,5524,90.98333333333333,88,3,10,12.859498076570802,78.78787878787878,100.0,0.011363636363636364,14.83788239604323,2.9675764792086463,0.9891921597362154,1.9783843194724309,2.9675764792086463,0.019323658,0.0,0.019114810991024,17,4,0.0,1
statsbomb,1,43,2,2018,69,1,776,5527,93.98333333333333,109,4,16,19.15233197375421,72.5,0.0,0.009174311926605505,19.15233197375421,0.9576165986877105,0.0,1.915233197375421,0.9576165986877105,0.06992337100000001,0.0,0.0669597807057989,13,12,0.0,5
statsbomb,1,43,2,2018,69,1,776,5534,94.98333333333333,99,1,12,12.317950517634673,91.66666666666666,0.0,0.0,6.6327425864186695,0.9475346552026671,0.0,0.0,0.0,0.0,0.0,0.0,7,7,0.0,0
statsbomb,1,43,2,2018,69,1,776,5536,94.98333333333333,109,1,2,2.842603965608001,70.0,75.0,0.027522935779816515,28.426039656080015,1.8950693104053342,0.0,0.9475346552026671,5.685207931216002,0.34612102,0.0,0.32796166134409543,20,1,0.0,3
statsbomb,1,43,2,2018,69,36,784,,95.93333333333334,0,0,0,0.0,0.0,0.0,0.0,0.0,0.0,0.0,0.0,0.0,0.0,0.0,0.0,0,0,0.0,0
statsbomb,1,43,2,2018,69,36,784,3632,93.98333333333333,142,8,7,14.364248980315658,72.5,83.33333333333334,0.028169014084507043,8.618549388189395,10.533782585564817,0.0,0.9576165986877105,7.660932789501684,0.02998372,0.0,0.02871290796240468,29,6,0.0,2
statsbomb,1,43,2,2018,69,36,784,5518,94.98333333333333,139,2,30,30.321108966485347,84.21052631578947,100.0,0.0,8.527811896824003,0.9475346552026671,0.9475346552026671,0.9475346552026671,5.685207931216002,0.0,0.0,0.0,19,6,0.0,0
statsbomb,1,43,2,2018,69,36,784,5519,94.98333333333333,184,11,13,22.74083172486401,78.57142857142857,50.0,0.03260869565217391,24.635901035269345,8.527811896824003,0.0,0.0,4.737673276013336,0.7835,0.0,0.7423934023512897,36,13,0.0,0
statsbomb,1,43,2,2018,69,36,784,5521,93.98333333333333,111,4,6,9.576165986877106,94.87179487179486,75.0,0.009009009009009009,13.406632381627947,0.9576165986877105,0.0,0.9576165986877105,2.8728497960631314,0.0170945807,0.0,0.01637005422592658,22,5,0.0,1
statsbomb,1,43,2,2018,69,36,784,5523,85.96666666666667,67,1,13,14.6568437378829,74.07407407407408,0.0,0.0,16.750678557580457,2.093834819697557,1.0469174098487786,0.0,2.093834819697557,0.016538767,0.0,0.017314723109732453,9,5,0.0,1
statsbomb,1,43,2,2018,69,36,784,5525,61.983333333333334,78,1,6,10.16402258671686,72.0,50.0,0.038461538461538464,14.520032266738369,0.0,0.0,2.904006453347674,4.356009680021511,0.222743462,0.0,0.3234242255445012,9,0,0.0,1
statsbomb,1,43,2,2018,69,36,784,5526,8.866666666666667,24,0,4,40.6015037593985,80.0,0.0,0.0,10.150375939849624,10.150375939849624,10.150375939849624,0.0,10.150375939849624,0.0,0.0,0.0,5,1,0.0,0
statsbomb,1,43,2,2018,69,36,784,5528,84.96666666666667,31,0,14,14.829344841114162,64.70588235294117,0.0,0.0,0.0,0.0,0.0,0.0,3.1777167516673206,0.0,0.0,0.0,3,3,0.0,0
statsbomb,1,43,2,2018,69,36,784,5529,94.98333333333333,182,8,18,24.635901035269345,85.33333333333334,0.0,0.005494505494505495,13.265485172837339,5.685207931216002,0.0,0.0,6.6327425864186695,0.005467236,0.0,0.0051803955781716095,30,9,0.0,4
statsbomb,1,43,2,2018,69,36,784,5530,89.98333333333333,80,9,14,23.004260048157064,84.375,0.0,0.0,6.001111316910539,9.001666975365808,0.0,1.0001852194850898,2.0003704389701795,0.0,0.0,0.0,6,6,0.0,1
statsbomb,1,43,2,2018,69,36,784,5531,84.96666666666667,80,1,5,6.355433503334641,83.33333333333334,0.0,0.025,10.5923891722244,0.0,0.0,0.0,1.0592389172224401,0.2904629573,0.0,0.3076696683836799,9,4,0.0,2
statsbomb,1,43,2,2018,69,36,784,5532,92.98333333333333,67,2,9,10.64706936727012,83.33333333333334,0.0,0.029850746268656716,5.807492382147338,0.9679153970245563,0.0,1.9358307940491126,1.9358307940491126,0.13170114900000002,0.0,0.12747556992292527,4,4,0.0,2
statsbomb,1,43,2,2018,69,36,784,5533,6.9,9,0,0,0.0,100.0,0.0,0.0,0.0,0.0,0.0,0.0,0.0,0.0,0.0,0.0,2,0,0.0,0
statsbomb,1,43,2,2018,69,36,784,5535,32.9,35,0,2,5.471124620060791,85.71428571428571,0.0,0.02857142857142857,0.0,2.7355623100303954,0.0,0.0,2.7355623100303954,0.42888632,0.0,1.1732452522796353,6,1,0.0,0
statsbomb,1,43,2,2018,70,6,773,,96.98333333333333,0,0,0,0.0,0.0,0.0,0.0,0.0,0.0,0.0,0.0,0.0,0.0,0.0,0.0,0,0,0.0,0
statsbomb,1,43,2,2018,70,6,773,3500,92.98333333333333,160,4,23,26.13371571966302,84.7457627118644,0.0,0.0,22.262054131564796,2.903746191073669,0.0,0.9679153970245563,0.9679153970245563,0.0,0.0,0.0,16,14,0.0,1
statsbomb,1,43,2,2018,70,6,773,3533,94.98333333333333,158,7,9,15.160554483242674,74.46808510638297,40.0,0.02531645569620253,28.426039656080015,5.685207931216002,0.9475346552026671,1.8950693104053342,4.737673276013336,0.029170832,0.0,0.027640374241094928,30,8,0.0,4
statsbomb,1,43,2,2018,70,6,773,5537,95.98333333333333,151,2,15,15.94026740753603,79.3103448275862,0.0,0.0,9.3766278867859,2.81298836603577,0.93766278867859,2.81298836603577,3.75065115471436,0.0,0.0,0.0,13,9,0.0,1
statsbomb,1,43,2,2018,70,6,773,5538,23.866666666666667,9,1,0,3.770949720670391,75.0,0.0,0.0,56.564245810055866,3.770949720670391,0.0,0.0,3.770949720670391,0.0,0.0,0.0,0,0,0.0,1
statsbomb,1,43,2,2018,70,6,773,5540,69.98333333333333,119,0,7,9.002143367468445,93.33333333333333,0.0,0.008403361344537815,41.15265539414146,1.2860204810669207,3.858061443200762,3.858061443200762,3.858061443200762,0.0,0.0,0.0,3,2,0.0,4
statsbomb,1,43,2,2018,70,6,773,5541,86.98333333333333,117,4,17,21.728300440697453,72.3404255319149,0.0,0.03418803418803419,24.83234336079709,3.1040429200996362,0.0,1.0346809733665454,5.173404866832727,0.008365875,0.0,0.008656011688062848,22,5,0.0,4
statsbomb,1,43,2,2018,70,6,773,5543,79.95,65,0,4,4.50281425891182,54.54545454545454,100.0,0.03076923076923077,24.765478424015008,0.0,0.0,1.125703564727955,1.125703564727955,0.0,0.0,0.0,10,3,0.0,2
statsbomb,1,43,2,2018,70,6,773,5544,94.98333333333333,109,1,9,9.475346552026672,82.05128205128204,100.0,0.0,20.845762414458676,2.842603965608001,0.0,0.0,1.8950693104053342,0.0,0.0,0.0,15,4,0.0,3
statsbomb,1,43,2,2018,70,6,773,5545,14.966666666666667,6,1,0,6.013363028953229,0.0,0.0,0.16666666666666666,48.10690423162583,6.013363028953229,0.0,0.0,0.0,0.0,0.0,0.0,0,0,0.0,0
statsbomb,1,43,2,2018,70,6,773,5546,5.7,3,0,2,31.57894736842105,0.0,0.0,0.0,31.57894736842105,0.0,0.0,15.789473684210526,0.0,0.0,0.0,0.0,0,0,0.0,0
statsbomb,1,43,2,2018,70,6,773,5548,92.98333333333333,108,5,7,11.614984764294675,70.0,60.0,0.018518518518518517,26.13371571966302,1.9358307940491126,0.0,0.0,3.8716615880982252,0.23517036,0.0,0.22762501236780783,22,7,0.0,4
statsbomb,1,43,2,2018,70,6,773,5549,95.98333333333333,183,7,25,30.00520923771488,86.95652173913044,100.0,0.0,8.43896509810731,6.5636395207501295,1.87532557735718,0.93766278867859,3.75065115471436,0.0,0.0,0.0,7,6,0.0,4
statsbomb,1,43,2,2018,70,6,773,5550,92.96666666666667,47,0,18,17.425600573682324,62.5,0.0,0.0,0.0,0.9680889207601291,0.0,0.0,4.840444603800646,0.0,0.0,0.0,1,0,0.0,0
statsbomb,1,43,2,2018,70,6,773,5554,92.98333333333333,99,2,6,7.7433231761964505,86.95652173913044,0.0,0.04040404040404041,40.652446675031364,1.9358307940491126,0.0,1.9358307940491126,2.903746191073669,0.19939958430000002,0.0,0.193001927804266,12,4,0.0,1
statsbomb,1,43,2,2018,70,8,781,,96.96666666666667,0,0,0,0.0,0.0,0.0,0.0,0.0,0.0,0.0,0.0,0.0,0.0,0.0,0.0,0,0,0.0,0
statsbomb,1,43,2,2018,70,8,781,3054,32.983333333333334,31,0,2,5.457301667508843,100.0,0.0,0.03225806451612903,24.557857503789794,0.0,0.0,0.0,5.457301667508843,0.04854534,0.0,0.13246328246589187,0,0,0.0,1
statsbomb,1,43,2,2018,70,8,781,3063,91.98333333333333,147,5,20,24.460953071208554,92.98245614035088,100.0,0.0,18.5903243341185,5.870628737090053,0.9784381228483421,0.0,5.870628737090053,0.0,0.0,0.0,19,11,0.0,4
statsbomb,1,43,2,2018,70,8,781,3202,78.98333333333333,82,3,1,4.557923612576493,55.00000000000001,50.0,0.07317073170731707,46.718717028909055,2.2789618062882466,0.0,3.41844270943237,5.697404515720617,0.17634274,0.0,0.2009391846381093,12,3,0.0,4
statsbomb,1,43,2,2018,70,8,781,3295,93.98333333333333,145,1,19,19.15233197375421,89.0909090909091,0.0,0.0,3.830466394750842,0.9576165986877105,0.0,3.830466394750842,3.830466394750842,0.19529406,0.0,0.18701683348111364,4,4,0.0,1
statsbomb,1,43,2,2018,70,8,781,3472,94.98333333333333,134,3,8,10.422881207229338,75.60975609756098,66.66666666666666,0.007462686567164179,28.426039656080015,8.527811896824003,0.0,0.9475346552026671,2.842603965608001,0.056895897,0.0,0.053910834146341464,23,6,0.0,2
statsbomb,1,43,2,2018,70,8,781,3501,91.98333333333333,225,11,19,29.353143685450263,88.1578947368421,100.0,0.008888888888888889,28.37470556260192,7.827504982786737,0.0,0.0,4.89219061424171,0.214253838,0.0,0.20963412306577278,27,10,0.0,6
statsbomb,1,43,2,2018,70,8,781,3535,17.966666666666665,33,0,1,5.009276437847867,100.0,0.0,0.06060606060606061,35.06493506493507,0.0,0.0,5.009276437847867,0.0,0.18350318999999998,0.0,0.9192182059369203,1,1,0.0,2
statsbomb,1,43,2,2018,70,8,781,4320,93.98333333333333,188,10,5,14.364248980315658,80.0,76.92307692307693,0.031914893617021274,19.15233197375421,11.491399184252526,0.0,0.0,2.8728497960631314,0.263670604,0.0,0.25249534697641424,31,6,0.0,3
statsbomb,1,43,2,2018,70,8,781,5539,59.95,96,2,10,18.015012510425354,91.66666666666666,100.0,0.0,24.02001668056714,3.0025020850708923,0.0,7.506255212677231,9.007506255212677,0.027605115,0.0,0.04144220767306088,11,5,0.0,5
statsbomb,1,43,2,2018,70,8,781,5542,66.98333333333333,91,2,4,8.061706892261757,88.88888888888889,0.0,0.03296703296703297,26.872356307539185,1.3436178153769593,0.0,1.3436178153769593,4.0308534461308785,0.5253904,0.0,0.7059239014680269,7,3,0.0,3
statsbomb,1,43,2,2018,70,8,781,5547,89.86666666666666,26,0,5,5.007418397626113,100.0,0.0,0.0,0.0,0.0,0.0,0.0,5.007418397626113,0.0,0.0,0.0,1,0,0.0,0
statsbomb,1,43,2,2018,70,8,781,5551,95.98333333333333,187,1,29,28.1298836603577,91.30434782608695,100.0,0.0053475935828877,6.5636395207501295,1.87532557735718,0.93766278867859,0.93766278867859,2.81298836603577,0.067018665,0.0,0.06284090831741622,5,3,0.0,1
statsbomb,1,43,2,2018,70,8,781,5552,93.98333333333333,249,15,24,37.34704734882071,78.16091954022988,100.0,0.004016064257028112,24.898031565880473,10.533782585564817,0.9576165986877105,4.788082993438553,5.745699592126263,0.0,0.0,0.0,35,13,0.0,3
statsbomb,1,43,2,2018,70,8,781,5553,28.833333333333332,52,2,3,15.606936416184972,88.23529411764706,0.0,0.019230769230769232,18.728323699421964,6.242774566473988,0.0,3.121387283236994,9.364161849710982,0.1243309,0.0,0.3880848901734104,6,1,0.0,1
statsbomb,1,43,2,2018,71,16,770,,93.96666666666667,0,0,0,0.0,0.0,0.0,0.0,0.0,0.0,0.0,0.0,0.0,0.0,0.0,0.0,0,0,0.0,0
statsbomb,1,43,2,2018,71,16,770,3186,89.96666666666667,173,5,10,15.005557613931085,90.56603773584906,71.42857142857143,0.011560693641618497,11.004075583549463,6.002223045572434,1.0003705075954057,0.0,3.001111522786217,0.260642691,0.0,0.2607392610967025,39,7,0.0,2
statsbomb,1,43,2,2018,71,16,770,3496,92.98333333333333,226,10,28,36.78078508693314,91.02564102564102,66.66666666666666,0.01327433628318584,14.518730955368344,4.839576985122782,0.0,0.0,4.839576985122782,0.034154605,0.0,0.0330587680587919,61,19,0.0,1
statsbomb,1,43,2,2018,71,16,770,5555,4.6,18,0,1,19.565217391304348,100.0,100.0,0.0,58.69565217391305,0.0,0.0,0.0,19.565217391304348,0.035709005,0.0,0.6986544456521739,4,0,0.0,0
statsbomb,1,43,2,2018,71,16,770,5557,85.98333333333333,75,2,0,2.093428959100601,82.35294117647058,0.0,0.013333333333333334,17.794146152355108,1.0467144795503005,0.0,0.0,5.2335723977515025,0.483696845,0.0,0.5062924913742973,10,0,0.0,0
statsbomb,1,43,2,2018,71,16,770,5559,31.966666666666665,89,1,3,11.261730969760167,75.86206896551724,0.0,0.011235955056179775,19.708029197080293,2.815432742440042,0.0,0.0,5.630865484880084,0.009542241,0.0,0.026865537747653805,20,1,0.0,1
statsbomb,1,43,2,2018,71,16,770,5562,91.98333333333333,167,0,6,5.870628737090053,65.38461538461539,0.0,0.017964071856287425,26.417829316905237,1.9568762456966842,0.9784381228483421,0.0,0.9784381228483421,0.0,0.0,0.0,36,2,0.0,5
statsbomb,1,43,2,2018,71,16,770,5565,11.916666666666666,12,1,1,15.104895104895105,50.0,0.0,0.0,15.104895104895105,0.0,0.0,0.0,7.5524475524475525,0.888384265,0.0,6.709475567832168,2,1,0.0,0
statsbomb,1,43,2,2018,71,16,770,5566,59.983333333333334,149,5,16,31.508752431230896,78.43137254901961,100.0,0.0,16.50458460683523,3.000833564879133,0.0,0.0,4.501250347318699,0.06585366,0.0,0.09880793664906917,21,9,0.0,1
statsbomb,1,43,2,2018,71,16,770,5569,77.96666666666667,75,3,8,12.697734074390766,83.33333333333334,0.0,0.0,3.463018383924754,1.1543394613082514,0.0,1.1543394613082514,1.1543394613082514,0.02910846,0.0,0.03360104403591278,16,5,0.0,0
statsbomb,1,43,2,2018,71,16,770,5570,92.93333333333334,38,0,9,8.715925394548062,88.88888888888889,0.0,0.0,0.0,0.0,0.0,0.0,3.873744619799139,0.0,0.0,0.0,1,0,0.0,0
statsbomb,1,43,2,2018,71,16,770,5572,90.98333333333333,84,1,14,14.83788239604323,97.22222222222221,0.0,0.0,15.827074555779447,1.9783843194724309,0.0,2.9675764792086463,3.9567686389448617,0.07167251,0.0,0.0708978849606155,8,3,0.0,1
statsbomb,1,43,2,2018,71,16,770,5574,93.96666666666667,220,2,37,37.35367151472153,92.7710843373494,0.0,0.0,17.24015608371763,4.7889322454771195,0.0,0.9577864490954239,8.620078041858815,0.2702364485,0.0,0.2588288084249734,43,16,0.0,1
statsbomb,1,43,2,2018,71,16,770,5578,91.98333333333333,220,20,54,72.40442109077732,85.18518518518519,0.0,0.0,16.633448088421815,15.655009965573473,1.9568762456966842,0.9784381228483421,4.89219061424171,0.0076826327,0.0,0.00751698071752129,39,32,0.0,5
statsbomb,1,43,2,2018,71,16,770,5579,92.98333333333333,243,7,23,29.03746191073669,79.7752808988764,0.0,0.0,17.422477146442013,4.839576985122782,0.0,0.0,5.807492382147338,0.142575486,0.0,0.13800100813765906,52,13,0.0,4
statsbomb,1,43,2,2018,71,11,794,,93.95,0,0,0,0.0,0.0,0.0,0.0,0.0,0.0,0.0,0.0,0.0,0.0,0.0,0.0,0,0,0.0,0
statsbomb,1,43,2,2018,71,11,794,3058,90.98333333333333,75,1,4,4.945960798681077,76.92307692307693,33.33333333333333,0.04,12.859498076570802,0.9891921597362154,0.0,0.0,0.0,0.043891508,0.0,0.04341713559259938,9,3,0.0,1
statsbomb,1,43,2,2018,71,11,794,5556,91.98333333333333,73,3,9,11.741257474180106,75.0,50.0,0.0273972602739726,26.417829316905237,2.9353143685450265,0.9784381228483421,3.9137524913933683,0.9784381228483421,0.301605539,0.0,0.2951023574198224,14,8,0.0,1
statsbomb,1,43,2,2018,71,11,794,5558,19.966666666666665,15,0,3,13.522537562604342,83.33333333333334,100.0,0.0,94.65776293823039,0.0,0.0,4.507512520868114,4.507512520868114,0.0,0.0,0.0,1,1,0.0,2
statsbomb,1,43,2,2018,71,11,794,5560,57.96666666666667,86,4,3,10.868315123634272,79.16666666666666,50.0,0.03488372093023256,38.815411155836685,6.21046578493387,0.0,0.0,9.315698677400805,0.13477883,0.0,0.20925982806210464,18,4,0.0,1
statsbomb,1,43,2,2018,71,11,794,5561,85.96666666666667,44,2,7,9.422256688639006,83.33333333333334,0.0,0.0,10.469174098487786,1.0469174098487786,0.0,1.0469174098487786,2.093834819697557,0.0,0.0,0.0,0,0,0.0,3
statsbomb,1,43,2,2018,71,11,794,5563,72.96666666666667,76,1,6,8.634079488350846,85.18518518518519,100.0,0.0,45.63727729556875,0.0,0.0,0.0,0.0,0.074448265,0.0,0.09182746253997259,6,2,0.0,5
statsbomb,1,43,2,2018,71,11,794,5564,88.98333333333333,56,1,15,16.182805768870576,76.0,0.0,0.0,27.3084847349691,2.022850721108822,0.0,1.011425360554411,1.011425360554411,0.0,0.0,0.0,9,7,0.0,1
statsbomb,1,43,2,2018,71,11,794,5567,33.95,16,0,4,10.603829160530191,66.66666666666666,0.0,0.125,50.36818851251841,0.0,0.0,0.0,5.3019145802650955,0.0,0.0,0.0,2,2,0.0,1
statsbomb,1,43,2,2018,71,11,794,5568,26.95,35,2,4,20.037105751391465,50.0,0.0,0.0,73.46938775510205,3.339517625231911,0.0,0.0,6.679035250463822,0.0,0.0,0.0,3,2,0.0,4
statsbomb,1,43,2,2018,71,11,794,5571,65.98333333333333,80,5,1,8.183884819398838,90.9090909090909,33.33333333333333,0.0375,38.19146249052791,8.183884819398838,1.3639808032331397,2.7279616064662795,4.091942409699419,0.3128779,0.0,0.42675944935589794,12,3,0.0,6
statsbomb,1,43,2,2018,71,11,794,5573,83.93333333333334,80,1,15,17.15647339158062,78.125,0.0,0.0,5.361397934868943,3.216838760921366,0.0,1.0722795869737887,2.1445591739475773,0.09705013,0.0,0.1040648733121525,5,4,0.0,1
statsbomb,1,43,2,2018,71,11,794,5575,91.98333333333333,140,7,11,17.611886211270157,84.21052631578947,55.55555555555556,0.03571428571428571,52.835658633810475,4.89219061424171,0.9784381228483421,1.9568762456966842,4.89219061424171,0.028636595,0.0,0.028019136256568218,15,7,0.0,5
statsbomb,1,43,2,2018,71,11,794,5576,91.98333333333333,124,3,22,24.460953071208554,78.0,83.33333333333334,0.008064516129032258,35.223772422540314,1.9568762456966842,0.0,4.89219061424171,3.9137524913933683,0.0,0.0,0.0,20,10,0.0,4
statsbomb,1,43,2,2018,71,11,794,5577,92.98333333333333,64,2,28,29.03746191073669,69.6969696969697,0.0,0.0,0.0,1.9358307940491126,0.0,0.0,6.7754077791718945,0.0,0.0,0.0,5,4,0.0,0
statsbomb,1,43,2,2018,72,5,786,,97.98333333333333,0,0,0,0.0,0.0,0.0,0.0,0.0,0.0,0.0,0.0,0.0,0.0,0.0,0.0,0,0,0.0,0
statsbomb,1,43,2,2018,72,5,786,3381,92.98333333333333,122,3,9,11.614984764294675,87.2340425531915,100.0,0.00819672131147541,16.454561749417458,3.8716615880982252,0.0,0.9679153970245563,9.679153970245563,0.07834383,0.0,0.07583019931887434,8,4,0.0,0
statsbomb,1,43,2,2018,72,5,786,3455,85.96666666666667,132,4,24,29.3136874757658,88.23529411764706,0.0,0.007575757575757576,12.563008918185343,5.234587049243893,1.0469174098487786,0.0,5.234587049243893,0.0,0.0,0.0,15,12,0.0,1
statsbomb,1,43,2,2018,72,5,786,3831,80.96666666666667,107,10,9,21.119802387813916,67.74193548387096,0.0,0.07476635514018691,13.338822560724578,6.669411280362289,2.2231370934540964,0.0,6.669411280362289,0.0,0.0,0.0,18,6,0.0,1
statsbomb,1,43,2,2018,72,5,786,4269,88.96666666666667,81,2,3,5.058074185088048,57.89473684210527,0.0,0.037037037037037035,14.162607718246536,2.0232296740352194,2.0232296740352194,0.0,0.0,0.79080807,0.0,0.7999931768452604,12,2,0.0,0
statsbomb,1,43,2,2018,72,5,786,5580,93.96666666666667,120,6,19,23.9446612273856,85.1063829787234,0.0,0.0,5.746718694572543,6.7045051436679675,0.9577864490954239,1.9155728981908478,1.9155728981908478,0.0,0.0,0.0,9,9,0.0,1
statsbomb,1,43,2,2018,72,5,786,5583,6.333333333333333,6,0,1,14.210526315789474,66.66666666666666,0.0,0.0,28.42105263157895,0.0,0.0,0.0,0.0,0.0,0.0,0.0,2,1,0.0,0
statsbomb,1,43,2,2018,72,5,786,5587,69.91666666666667,62,2,2,5.148986889153754,71.42857142857143,100.0,0.016129032258064516,11.585220500595947,5.148986889153754,0.0,0.0,3.8617401668653155,0.0,0.0,0.0,15,3,0.0,1
statsbomb,1,43,2,2018,72,5,786,5588,10.85,13,0,1,8.294930875576037,100.0,0.0,0.0,41.474654377880185,0.0,0.0,0.0,8.294930875576037,0.0,0.0,0.0,0,0,0.0,1
statsbomb,1,43,2,2018,72,5,786,5589,91.98333333333333,130,8,11,18.5903243341185,70.27027027027027,50.0,0.05384615384615385,10.762819351331762,3.9137524913933683,0.0,0.0,4.89219061424171,0.182434612,0.0,0.17850097930784561,27,11,0.0,2
statsbomb,1,43,2,2018,72,5,786,5591,28.866666666666667,25,2,4,18.706697459584294,33.33333333333333,0.0,0.04,12.471131639722863,6.235565819861431,0.0,0.0,6.235565819861431,0.923558457,0.0,2.879454773556582,4,3,0.0,0
statsbomb,1,43,2,2018,72,5,786,5594,97.98333333333333,138,5,26,28.474230311277427,77.04918032786885,100.0,0.0,21.126041843850995,4.592617792141521,0.0,0.9185235584283041,1.8370471168566083,0.0,0.0,0.0,23,13,0.0,1
statsbomb,1,43,2,2018,72,5,786,5596,95.9,104,5,15,18.769551616266945,80.0,0.0,0.0,6.56934306569343,4.692387904066736,0.0,1.8769551616266944,1.8769551616266944,0.017424035,0.0,0.01635206621480709,14,8,0.0,2
statsbomb,1,43,2,2018,72,5,786,5601,94.96666666666667,28,1,14,14.215514215514215,68.42105263157895,0.0,0.0,0.0,0.9477009477009477,0.0,0.0,1.8954018954018954,0.0,0.0,0.0,8,8,0.0,0
statsbomb,1,43,2,2018,72,5,786,5603,97.98333333333333,119,0,14,12.859329817996258,87.2340425531915,0.0,0.0,3.6740942337132165,0.9185235584283041,0.0,0.0,0.9185235584283041,0.0,0.0,0.0,4,4,0.0,0
statsbomb,1,43,2,2018,72,31,795,,97.96666666666667,0,0,0,0.0,0.0,0.0,0.0,0.0,0.0,0.0,0.0,0.0,0.0,0.0,0.0,0,0,0.0,0
statsbomb,1,43,2,2018,72,31,795,5581,31.933333333333334,48,2,4,16.910229645093946,69.23076923076923,100.0,0.0,8.455114822546973,8.455114822546973,0.0,0.0,5.6367432150313155,0.02729148,0.0,0.07691753235908143,11,2,0.0,0
statsbomb,1,43,2,2018,72,31,795,5582,91.98333333333333,145,1,12,12.719695597028448,85.45454545454545,100.0,0.0,13.69813371987679,0.9784381228483421,0.0,0.9784381228483421,7.827504982786737,0.068592064,0.0,0.06711309034245334,18,6,0.0,1
statsbomb,1,43,2,2018,72,31,795,5584,94.96666666666667,97,1,16,16.11091611091611,87.8048780487805,0.0,0.0,0.0,1.8954018954018954,0.0,0.0,4.738504738504739,0.20470591999999999,0.0,0.19399999438399437,3,3,0.0,0
statsbomb,1,43,2,2018,72,31,795,5585,19.733333333333334,17,3,0,13.682432432432432,100.0,0.0,0.058823529411764705,18.243243243243242,9.121621621621621,4.5608108108108105,0.0,0.0,0.0,0.0,0.0,2,1,0.0,0
statsbomb,1,43,2,2018,72,31,795,5586,66.96666666666667,43,1,1,2.687904430064709,85.71428571428571,100.0,0.0,13.439522150323544,0.0,0.0,0.0,1.3439522150323544,0.067131013,0.0,0.09022087361871578,3,2,0.0,1
statsbomb,1,43,2,2018,72,31,795,5590,91.96666666666667,73,3,9,11.743385284523377,86.66666666666667,0.0,0.0,9.786154403769482,1.9572308807538963,0.9786154403769481,0.0,1.9572308807538963,0.0,0.0,0.0,5,2,0.0,1
statsbomb,1,43,2,2018,72,31,795,5592,94.98333333333333,168,8,11,18.003158448850677,84.0,75.0,0.023809523809523808,10.422881207229338,5.685207931216002,0.0,0.9475346552026671,0.9475346552026671,0.10570443,0.0,0.10015861063344446,20,12,0.0,2
statsbomb,1,43,2,2018,72,31,795,5593,34.983333333333334,74,1,8,23.153882801333967,73.07692307692307,50.0,0.02702702702702703,12.863268222963315,5.145307289185326,0.0,0.0,0.0,0.0,0.0,0.0,19,5,0.0,0
statsbomb,1,43,2,2018,72,31,795,5595,58.96666666666667,73,5,8,19.841718485019783,54.166666666666664,0.0,0.0821917808219178,21.368004522329,7.631430186546071,0.0,0.0,6.105144149236857,0.0,0.0,0.0,15,6,0.0,2
statsbomb,1,43,2,2018,72,31,795,5597,97.98333333333333,56,1,22,21.126041843850995,69.23076923076923,0.0,0.0,0.0,0.9185235584283041,0.0,0.0,10.103759142711345,0.0,0.0,0.0,7,6,0.0,0
statsbomb,1,43,2,2018,72,31,795,5598,94.96666666666667,146,10,22,30.326430326430327,77.96610169491525,100.0,0.0,0.9477009477009477,10.424710424710424,0.0,2.843102843102843,1.8954018954018954,0.059850305,0.0,0.05672019076869077,17,12,0.0,0
statsbomb,1,43,2,2018,72,31,795,5599,72.98333333333333,123,1,16,20.96369034026033,85.1063829787234,0.0,0.0,12.331582553094314,1.2331582553094314,0.0,2.4663165106188627,3.699474765928294,0.0,0.0,0.0,13,6,0.0,0
statsbomb,1,43,2,2018,72,31,795,5600,90.98333333333333,117,2,15,16.816266715515663,84.31372549019608,66.66666666666666,0.02564102564102564,8.90272943762594,0.9891921597362154,0.0,1.9783843194724309,2.9675764792086463,0.056129273,0.0,0.055522636783293645,16,2,0.0,2
statsbomb,1,43,2,2018,72,31,795,5602,93.98333333333333,122,4,15,18.1947153750665,74.46808510638297,0.0,0.00819672131147541,5.745699592126263,5.745699592126263,0.0,0.0,6.703316190813974,0.0066172387,0.0,0.006336777616598687,19,7,0.0,0
statsbomb,1,43,2,2018,73,22,782,,94.86666666666666,0,0,0,0.0,0.0,0.0,0.0,0.0,0.0,0.0,0.0,0.0,0.0,0.0,0.0,0,0,0.0,0
statsbomb,1,43,2,2018,73,22,782,20005,90.98333333333333,300,10,30,39.56768638944862,88.57142857142857,0.0,0.0,4.945960798681077,7.9135372778897235,0.9891921597362154,0.0,3.9567686389448617,0.0,0.0,0.0,21,17,0.0,1
statsbomb,1,43,2,2018,73,22,782,3037,20.983333333333334,21,0,2,8.57823669579031,100.0,0.0,0.0,34.31294678316124,0.0,0.0,0.0,4.289118347895155,0.0,0.0,0.0,2,1,0.0,1
statsbomb,1,43,2,2018,73,22,782,3077,90.98333333333333,189,0,24,23.74061183366917,89.1891891891892,0.0,0.0,14.83788239604323,0.0,0.9891921597362154,0.0,1.9783843194724309,0.0,0.0,0.0,20,9,0.0,5
statsbomb,1,43,2,2018,73,22,782,3089,91.98333333333333,203,4,34,37.180648668237,74.32432432432432,0.0,0.0049261083743842365,21.525638702663525,2.9353143685450265,0.9784381228483421,1.9568762456966842,2.9353143685450265,0.121723746,0.0,0.11909915354230838,36,18,0.0,1
statsbomb,1,43,2,2018,73,22,782,3176,94.98333333333333,133,4,9,12.317950517634673,84.31372549019608,0.0,0.015037593984962405,16.10808913844534,2.842603965608001,0.9475346552026671,0.0,1.8950693104053342,0.0,0.0,0.0,23,7,0.0,0
statsbomb,1,43,2,2018,73,22,782,3289,92.98333333333333,93,3,2,4.839576985122782,77.77777777777779,40.0,0.043010752688172046,12.582900161319232,0.9679153970245563,0.0,0.0,0.9679153970245563,0.74532752,0.0,0.7214139824341279,9,1,0.0,1
statsbomb,1,43,2,2018,73,22,782,3509,88.9,59,1,10,11.136107986501685,76.0,0.0,0.0,0.0,1.012373453318335,0.0,0.0,6.07424071991001,0.0,0.0,0.0,3,3,0.0,0
statsbomb,1,43,2,2018,73,22,782,3621,91.98333333333333,164,10,7,16.633448088421815,78.04878048780488,16.666666666666664,0.042682926829268296,22.504076825511866,9.78438122848342,0.0,4.89219061424171,2.9353143685450265,0.181980115,0.0,0.17805628211632543,34,12,0.0,2
statsbomb,1,43,2,2018,73,22,782,4831,4.883333333333334,10,0,1,18.43003412969283,75.0,0.0,0.0,18.43003412969283,0.0,0.0,0.0,0.0,0.0,0.0,0.0,2,1,0.0,0
statsbomb,1,43,2,2018,73,22,782,5630,82.98333333333333,125,1,11,13.014661578630246,64.1025641025641,0.0,0.016,32.53665394657562,0.0,1.0845551315525206,2.169110263105041,6.507330789315123,0.13024707400000002,0.0,0.1412601324764009,24,6,0.0,2
statsbomb,1,43,2,2018,73,22,782,5632,10.9,14,0,1,8.256880733944953,80.0,0.0,0.07142857142857142,66.05504587155963,0.0,0.0,0.0,8.256880733944953,0.0,0.0,0.0,2,1,0.0,3
statsbomb,1,43,2,2018,73,22,782,5633,73.98333333333333,91,3,5,9.731921603964857,95.83333333333334,66.66666666666666,0.02197802197802198,23.113313809416535,1.216490200495607,0.0,1.216490200495607,1.216490200495607,0.0327767,0.0,0.03987253435458436,12,5,0.0,4
statsbomb,1,43,2,2018,73,22,782,5639,93.98333333333333,227,1,16,16.27948217769108,92.04545454545455,0.0,0.0,4.788082993438553,2.8728497960631314,0.0,1.915233197375421,3.830466394750842,0.0,0.0,0.0,2,2,0.0,1
statsbomb,1,43,2,2018,73,22,782,5642,89.98333333333333,155,1,6,7.001296536395628,96.29629629629629,100.0,0.0064516129032258064,26.004815706612334,1.0001852194850898,1.0001852194850898,0.0,4.000740877940359,0.0,0.0,0.0,10,2,0.0,3
statsbomb,1,43,2,2018,73,37,798,,94.98333333333333,0,0,0,0.0,0.0,0.0,0.0,0.0,0.0,0.0,0.0,0.0,0.0,0.0,0.0,0,0,0.0,0
statsbomb,1,43,2,2018,73,37,798,5628,62.85,47,0,1,1.431980906921241,70.0,0.0,0.0851063829787234,30.071599045346062,2.863961813842482,0.0,1.431980906921241,1.431980906921241,0.0,0.0,0.0,6,0,0.0,0
statsbomb,1,43,2,2018,73,37,798,5629,28.95,29,1,2,9.32642487046632,66.66666666666666,0.0,0.06896551724137931,40.41450777202073,3.1088082901554404,0.0,0.0,3.1088082901554404,0.0,0.0,0.0,4,0,0.0,1
statsbomb,1,43,2,2018,73,37,798,5631,73.95,71,1,4,6.085192697768762,52.63157894736842,50.0,0.014084507042253521,32.860040567951316,1.2170385395537524,0.0,0.0,3.6511156186612572,0.0,0.0,0.0,13,4,0.0,3
statsbomb,1,43,2,2018,73,37,798,5634,90.98333333333333,116,5,16,20.773035354460525,77.08333333333334,0.0,0.0,15.827074555779447,3.9567686389448617,0.0,2.9675764792086463,1.9783843194724309,0.0,0.0,0.0,21,10,0.0,2
statsbomb,1,43,2,2018,73,37,798,5635,91.98333333333333,61,1,17,17.611886211270157,70.83333333333334,0.0,0.0,9.78438122848342,0.9784381228483421,0.0,0.0,1.9568762456966842,0.17472669000000002,0.0,0.1709592545751042,3,2,0.0,5
statsbomb,1,43,2,2018,73,37,798,5636,91.95,27,1,18,18.597063621533444,47.368421052631575,0.0,0.0,0.0,0.9787928221859706,0.0,0.0,1.9575856443719413,0.0,0.0,0.0,4,4,0.0,0
statsbomb,1,43,2,2018,73,37,798,5637,62.96666666666667,81,5,4,12.863949179460032,76.19047619047619,0.0,0.08641975308641975,37.162519851773425,7.146638433033351,1.4293276866066702,0.0,10.00529380624669,0.071790019,0.0,0.1026114617787189,10,3,0.0,3
statsbomb,1,43,2,2018,73,37,798,5638,93.98333333333333,66,0,16,15.321865579003369,78.57142857142857,0.0,0.0,7.660932789501684,0.0,0.9576165986877105,0.0,3.830466394750842,0.009304588,0.0,0.008910227912750488,8,8,0.0,2
statsbomb,1,43,2,2018,73,37,798,5640,93.98333333333333,110,1,11,11.491399184252526,97.77777777777777,0.0,0.0,17.23709877637879,0.9576165986877105,0.0,1.915233197375421,5.745699592126263,0.0,0.0,0.0,10,6,0.0,5
statsbomb,1,43,2,2018,73,37,798,5641,90.98333333333333,124,5,16,20.773035354460525,77.08333333333334,0.0,0.0,21.762227514196738,2.9675764792086463,1.9783843194724309,0.9891921597362154,4.945960798681077,0.34641263,0.0,0.34266865762960247,14,9,0.0,3
statsbomb,1,43,2,2018,73,37,798,5643,21.983333333333334,39,1,4,20.47005307050796,72.72727272727273,0.0,0.07692307692307693,28.658074298711142,0.0,0.0,0.0,0.0,0.0,0.0,0.0,5,3,0.0,3
statsbomb,1,43,2,2018,73,37,798,5644,30.983333333333334,30,2,1,8.714362560516406,100.0,0.0,0.13333333333333333,40.667025282409895,5.809575040344271,0.0,5.809575040344271,5.809575040344271,0.0,0.0,0.0,3,2,0.0,2
statsbomb,1,43,2,2018,73,37,798,5645,93.98333333333333,106,6,7,12.449015782940236,85.29411764705883,80.0,0.018867924528301886,24.898031565880473,4.788082993438553,0.9576165986877105,1.915233197375421,3.830466394750842,0.023121053,0.0,0.022141104131938285,14,6,0.0,0
statsbomb,1,43,2,2018,73,37,798,5646,94.98333333333333,134,1,10,10.422881207229338,93.02325581395348,33.33333333333333,0.014925373134328358,27.478505000877345,2.842603965608001,0.0,3.7901386208106684,1.8950693104053342,0.0,0.0,0.0,16,6,0.0,2
statsbomb,1,43,2,2018,74,13,768,,94.88333333333334,0,0,0,0.0,0.0,0.0,0.0,0.0,0.0,0.0,0.0,0.0,0.0,0.0,0.0,0,0,0.0,0
statsbomb,1,43,2,2018,74,13,768,10955,92.98333333333333,90,1,7,7.7433231761964505,60.86956521739131,0.0,0.022222222222222223,14.518730955368344,0.9679153970245563,0.0,0.0,3.8716615880982252,0.596464368,0.0,0.577327045563721,17,4,0.0,1
statsbomb,1,43,2,2018,74,13,768,3094,79.98333333333333,105,1,7,9.001875390706397,80.0,0.0,0.05714285714285714,49.510314648885185,3.375703271514899,0.0,2.2504688476765993,4.5009376953531985,0.19579348000000002,0.0,0.22031356365909566,16,4,0.0,8
statsbomb,1,43,2,2018,74,13,768,3205,92.98333333333333,210,9,27,34.844954292884026,93.33333333333333,50.0,0.004761904761904762,3.8716615880982252,8.711238573221006,0.0,0.9679153970245563,4.839576985122782,0.0,0.0,0.0,18,14,0.0,2
statsbomb,1,43,2,2018,74,13,768,3233,65.96666666666667,89,2,3,6.821627084386054,75.0,75.0,0.056179775280898875,16.37190500252653,2.7286508337544215,0.0,0.0,5.457301667508843,0.40336105,0.0,0.5503157326932795,13,4,0.0,1
statsbomb,1,43,2,2018,74,13,768,3244,89.98333333333333,200,5,17,22.004074828671975,97.1830985915493,0.0,0.0,5.000926097425449,4.000740877940359,1.0001852194850898,1.0001852194850898,3.0005556584552693,0.588691799,0.0,0.5888008361918874,10,5,0.0,1
statsbomb,1,43,2,2018,74,13,768,3293,91.98333333333333,108,5,3,7.827504982786737,96.29629629629629,66.66666666666666,0.027777777777777776,28.37470556260192,6.849066859938395,0.0,0.0,2.9353143685450265,0.61260453,0.0,0.5993956263815909,13,3,0.0,3
statsbomb,1,43,2,2018,74,13,768,3308,93.96666666666667,171,3,18,20.1135154310039,80.55555555555556,100.0,0.0,19.155728981908478,1.9155728981908478,0.0,0.0,2.8733593472862715,0.0375056,0.0,0.03592235544519333,36,5,0.0,2
statsbomb,1,43,2,2018,74,13,768,3318,24.95,36,1,3,14.428857715430862,87.5,33.33333333333333,0.08333333333333333,18.03607214428858,3.6072144288577155,0.0,0.0,7.214428857715431,0.0,0.0,0.0,6,2,0.0,2
statsbomb,1,43,2,2018,74,13,768,3336,90.98333333333333,214,10,25,34.62172559076754,88.75,50.0,0.004672897196261682,7.9135372778897235,7.9135372778897235,0.0,0.9891921597362154,6.924345118153508,0.089010017,0.0,0.08804801095438725,21,13,0.0,2
statsbomb,1,43,2,2018,74,13,768,3468,87.98333333333333,66,0,20,20.458420155332448,72.41379310344827,0.0,0.0,0.0,1.0229210077666224,0.0,0.0,3.0687630232998675,0.0,0.0,0.0,7,7,0.0,0
statsbomb,1,43,2,2018,74,13,768,3504,8.883333333333333,27,2,0,20.26266416510319,57.14285714285714,100.0,0.037037037037037035,30.393996247654783,20.26266416510319,0.0,0.0,20.26266416510319,0.0,0.0,0.0,7,1,0.0,0
statsbomb,1,43,2,2018,74,13,768,3532,93.98333333333333,186,1,25,24.898031565880473,85.5072463768116,0.0,0.0,23.940414967192762,1.915233197375421,0.0,0.9576165986877105,2.8728497960631314,0.024635071,0.0,0.023590952899450256,23,15,0.0,5
statsbomb,1,43,2,2018,74,13,768,3612,92.98333333333333,149,2,15,16.454561749417458,87.3015873015873,0.0,0.006711409395973154,17.422477146442013,1.9358307940491126,0.9679153970245563,0.0,0.9679153970245563,0.07838383,0.0,0.07586891593475532,27,9,0.0,3
statsbomb,1,43,2,2018,74,2,777,,94.98333333333333,0,0,0,0.0,0.0,0.0,0.0,0.0,0.0,0.0,0.0,0.0,0.0,0.0,0.0,0,0,0.0,0
statsbomb,1,43,2,2018,74,2,777,3196,84.98333333333333,78,3,1,4.236124730339283,66.66666666666666,0.0,0.038461538461538464,39.18415375563836,4.236124730339283,0.0,0.0,2.1180623651696413,0.008759379,0.0,0.009276455501078643,11,4,0.0,5
statsbomb,1,43,2,2018,74,2,777,3557,72.98333333333333,73,2,5,8.632107787166019,72.22222222222221,60.0,0.0410958904109589,33.29527289335465,7.398949531856588,1.2331582553094314,1.2331582553094314,1.2331582553094314,0.037835463,0.0,0.04665711354190454,11,5,0.0,3
statsbomb,1,43,2,2018,74,2,777,3767,89.98333333333333,103,0,4,4.000740877940359,88.23529411764706,50.0,0.019417475728155338,26.004815706612334,1.0001852194850898,0.0,1.0001852194850898,2.0003704389701795,0.0,0.0,0.0,7,2,0.0,4
statsbomb,1,43,2,2018,74,2,777,5647,93.91666666666667,116,5,11,15.33274179236912,88.09523809523809,100.0,0.008620689655172414,30.66548358473824,1.91659272404614,0.0,0.0,3.83318544809228,0.0,0.0,0.0,5,2,0.0,3
statsbomb,1,43,2,2018,74,2,777,5648,73.95,44,1,20,25.5578093306288,30.76923076923077,0.0,0.0,0.0,1.2170385395537524,0.0,0.0,4.86815415821501,0.0,0.0,0.0,1,1,0.0,0
statsbomb,1,43,2,2018,74,2,777,5649,92.98333333333333,106,2,4,5.807492382147338,93.93939393939394,66.66666666666666,0.018867924528301886,21.29413873454024,2.903746191073669,1.9358307940491126,2.903746191073669,1.9358307940491126,0.0,0.0,0.0,7,2,0.0,1
statsbomb,1,43,2,2018,74,2,777,5650,91.98333333333333,112,1,7,7.827504982786737,79.48717948717949,0.0,0.0,36.20221054538866,0.9784381228483421,0.0,0.9784381228483421,4.89219061424171,0.83398326,0.0,0.8160010154013408,10,4,0.0,2
statsbomb,1,43,2,2018,74,2,777,5651,87.98333333333333,107,3,23,26.595946201932183,84.44444444444444,0.0,0.0,13.297973100966091,4.09168403106649,1.0229210077666224,3.0687630232998675,3.0687630232998675,0.0,0.0,0.0,4,1,0.0,1
statsbomb,1,43,2,2018,74,2,777,5652,7.783333333333333,8,0,0,0.0,0.0,0.0,0.375,92.50535331905782,0.0,0.0,0.0,0.0,0.0,0.0,0.0,0,0,0.0,0
statsbomb,1,43,2,2018,74,2,777,5653,14.983333333333333,11,0,2,12.013348164627365,60.0,0.0,0.0,0.0,0.0,0.0,0.0,6.006674082313682,0.0,0.0,0.0,1,1,0.0,0
statsbomb,1,43,2,2018,74,2,777,5654,92.96666666666667,109,0,10,9.680889207601291,72.72727272727273,0.0,0.009174311926605505,24.202223019003227,0.0,1.9361778415202582,0.9680889207601291,3.8723556830405164,0.06507511,0.0,0.06299849300824668,8,4,0.0,6
statsbomb,1,43,2,2018,74,2,777,5655,92.96666666666667,112,5,16,20.32986733596271,81.81818181818183,0.0,0.008928571428571428,11.617067049121548,3.8723556830405164,0.0,0.9680889207601291,5.808533524560774,0.0,0.0,0.0,8,5,0.0,2
statsbomb,1,43,2,2018,74,2,777,5656,90.98333333333333,58,1,8,8.90272943762594,91.30434782608695,100.0,0.0,14.83788239604323,0.9891921597362154,0.0,1.9783843194724309,0.0,0.0,0.0,0.0,4,3,0.0,3
statsbomb,1,43,2,2018,74,2,777,5657,19.983333333333334,17,0,0,0.0,100.0,0.0,0.058823529411764705,49.54128440366972,0.0,4.5037531276063385,0.0,0.0,0.0,0.0,0.0,0,0,0.0,0
statsbomb,1,43,2,2018,75,38,790,,94.93333333333334,0,0,0,0.0,0.0,0.0,0.0,0.0,0.0,0.0,0.0,0.0,0.0,0.0,0.0,0,0,0.0,0
statsbomb,1,43,2,2018,75,38,790,11098,94.98333333333333,72,0,2,1.8950693104053342,63.63636363636363,0.0,0.0,18.003158448850677,0.0,0.9475346552026671,0.0,0.9475346552026671,0.603545341,0.0,0.5718801265836112,8,2,0.0,2
statsbomb,1,43,2,2018,75,38,790,4417,76.98333333333333,62,1,4,5.845421086815328,55.55555555555556,50.0,0.016129032258064516,10.52175795626759,1.1690842173630656,0.0,0.0,1.1690842173630656,0.10468406,0.0,0.1223844823554882,14,2,0.0,0
statsbomb,1,43,2,2018,75,38,790,4709,90.98333333333333,138,1,10,10.881113757098369,90.9090909090909,0.0,0.0,0.9891921597362154,0.9891921597362154,0.0,0.0,2.9675764792086463,0.08360676,0.0,0.08270315149294744,5,3,0.0,1
statsbomb,1,43,2,2018,75,38,790,5605,22.933333333333334,18,2,1,11.773255813953488,71.42857142857143,0.0,0.0,39.24418604651163,3.9244186046511627,0.0,0.0,11.773255813953488,0.0,0.0,0.0,3,2,0.0,0
statsbomb,1,43,2,2018,75,38,790,5607,92.98333333333333,186,6,28,32.909123498834916,88.05970149253731,0.0,0.005376344086021506,3.8716615880982252,5.807492382147338,0.0,0.9679153970245563,1.9358307940491126,0.949703215,0.0,0.9192323644022226,18,18,0.0,0
statsbomb,1,43,2,2018,75,38,790,5611,12.716666666666667,7,0,2,14.154652686762779,66.66666666666666,0.0,0.0,42.463958060288334,0.0,0.0,0.0,0.0,0.0,0.0,0.0,2,2,0.0,1
statsbomb,1,43,2,2018,75,38,790,5612,92.98333333333333,104,0,17,16.454561749417458,65.95744680851064,100.0,0.0,1.9358307940491126,0.0,0.0,0.0,2.903746191073669,0.0075467415,0.0,0.007304607295214195,15,2,0.0,0
statsbomb,1,43,2,2018,75,38,790,5613,91.98333333333333,100,0,10,9.78438122848342,75.75757575757575,50.0,0.05,11.741257474180106,0.0,0.0,0.9784381228483421,7.827504982786737,0.11814914200000001,0.0,0.11560162471462222,21,4,0.0,2
statsbomb,1,43,2,2018,75,38,790,5615,17.9,14,0,1,5.027932960893855,50.0,0.0,0.07142857142857142,20.11173184357542,0.0,0.0,0.0,5.027932960893855,0.0,0.0,0.0,3,1,0.0,0
statsbomb,1,43,2,2018,75,38,790,5617,79.96666666666667,196,6,23,32.63859941642351,75.32467532467533,0.0,0.00510204081632653,11.254689453939141,3.3764068361817428,0.0,1.1254689453939142,4.501875781575657,0.006241017,0.0,0.00702407082117549,28,17,0.0,0
statsbomb,1,43,2,2018,75,38,790,5621,91.95,110,3,14,16.6394779771615,70.2127659574468,0.0,0.00909090909090909,6.851549755301795,1.9575856443719413,0.0,0.9787928221859706,2.936378466557912,0.0,0.0,0.0,17,3,0.0,0
statsbomb,1,43,2,2018,75,38,790,5622,91.95,33,0,10,9.787928221859707,85.71428571428571,0.0,0.0,0.0,0.0,0.0,0.0,2.936378466557912,0.0,0.0,0.0,3,3,0.0,0
statsbomb,1,43,2,2018,75,38,790,5624,69.98333333333333,179,6,12,23.14836865920457,93.75,100.0,0.0,16.71826625386997,7.716122886401524,0.0,1.2860204810669207,7.716122886401524,0.0,0.0,0.0,23,11,0.0,2
statsbomb,1,43,2,2018,75,38,790,5625,92.98333333333333,117,5,3,7.7433231761964505,96.42857142857143,50.0,0.05128205128205128,17.422477146442013,2.903746191073669,0.0,1.9358307940491126,2.903746191073669,0.1416481795,0.0,0.1371034538985481,8,5,0.0,3
statsbomb,1,43,2,2018,75,14,791,,94.98333333333333,0,0,0,0.0,0.0,0.0,0.0,0.0,0.0,0.0,0.0,0.0,0.0,0.0,0.0,0,0,0.0,0
statsbomb,1,43,2,2018,75,14,791,3083,93.98333333333333,100,2,6,7.660932789501684,72.0,66.66666666666666,0.04,15.321865579003369,2.8728497960631314,0.0,0.9576165986877105,2.8728497960631314,0.0,0.0,0.0,20,2,0.0,0
statsbomb,1,43,2,2018,75,14,791,3605,92.98333333333333,118,7,17,23.22996952858935,89.58333333333334,50.0,0.00847457627118644,15.486646352392901,3.8716615880982252,0.0,0.9679153970245563,7.7433231761964505,0.0,0.0,0.0,19,14,0.0,3
statsbomb,1,43,2,2018,75,14,791,5604,93.98333333333333,98,3,23,24.898031565880473,78.04878048780488,0.0,0.0,6.703316190813974,1.915233197375421,0.0,0.9576165986877105,0.9576165986877105,0.0,0.0,0.0,11,10,0.0,0
statsbomb,1,43,2,2018,75,14,791,5606,93.98333333333333,107,2,15,16.27948217769108,86.36363636363636,0.0,0.0,8.618549388189395,1.915233197375421,0.0,0.0,4.788082993438553,0.0,0.0,0.0,8,4,0.0,1
statsbomb,1,43,2,2018,75,14,791,5608,92.98333333333333,118,3,14,16.454561749417458,72.3404255319149,0.0,0.0,8.711238573221006,4.839576985122782,0.0,0.9679153970245563,3.8716615880982252,0.0,0.0,0.0,22,6,0.0,1
statsbomb,1,43,2,2018,75,14,791,5609,24.95,23,0,3,10.821643286573146,70.0,100.0,0.043478260869565216,10.821643286573146,0.0,0.0,0.0,0.0,0.0,0.0,0.0,7,0,0.0,0
statsbomb,1,43,2,2018,75,14,791,5610,65.96666666666667,80,4,9,17.73623041940374,61.29032258064516,0.0,0.05,12.278928751894897,5.457301667508843,0.0,2.7286508337544215,2.7286508337544215,0.026066551,0.0,0.035563258059626075,10,4,0.0,1
statsbomb,1,43,2,2018,75,14,791,5616,20.933333333333334,37,1,4,21.4968152866242,69.23076923076923,0.0,0.0,21.4968152866242,8.598726114649681,0.0,0.0,0.0,0.028747292,0.0,0.12359504522292993,4,1,0.0,1
statsbomb,1,43,2,2018,75,14,791,5618,25.95,66,2,11,45.08670520231214,90.9090909090909,0.0,0.015151515151515152,20.809248554913296,13.872832369942197,0.0,0.0,6.936416184971098,0.0,0.0,0.0,6,2,0.0,1
statsbomb,1,43,2,2018,75,14,791,5619,78.98333333333333,45,4,14,20.51065625659422,72.72727272727273,0.0,0.0,0.0,2.2789618062882466,0.0,0.0,3.41844270943237,0.0,0.0,0.0,5,5,0.0,0
statsbomb,1,43,2,2018,75,14,791,5620,94.95,80,3,4,6.6350710900473935,56.25,75.0,0.0375,18.009478672985782,2.843601895734597,0.9478672985781991,0.9478672985781991,4.739336492890995,0.19956683,0.0,0.1891628720379147,5,4,0.0,1
statsbomb,1,43,2,2018,75,14,791,5623,92.98333333333333,97,4,1,4.839576985122782,87.87878787878788,33.33333333333333,0.041237113402061855,29.03746191073669,6.7754077791718945,0.0,0.9679153970245563,2.903746191073669,0.041962028,0.0,0.040615692991575546,16,3,0.0,9
statsbomb,1,43,2,2018,75,14,791,5626,66.9,37,0,6,8.071748878923767,46.15384615384615,0.0,0.0,9.417040358744394,0.0,0.0,0.0,2.6905829596412554,0.0,0.0,0.0,9,3,0.0,1
statsbomb,1,43,2,2018,75,14,791,5627,70.98333333333333,60,1,3,5.071613054707678,88.23529411764706,0.0,0.0,15.214839164123033,1.2679032636769194,0.0,0.0,2.535806527353839,0.11802932,0.0,0.1496497600375675,6,2,0.0,2
statsbomb,1,43,2,2018,76,21,787,,94.98333333333333,0,0,0,0.0,0.0,0.0,0.0,0.0,0.0,0.0,0.0,0.0,0.0,0.0,0.0,0,0,0.0,0
statsbomb,1,43,2,2018,76,21,787,2941,91.96666666666667,91,11,4,14.679231605654222,75.0,25.0,0.054945054945054944,32.294309532439286,7.828923523015585,0.9786154403769481,0.0,4.893077201884741,0.0,0.0,0.0,14,5,0.0,5
statsbomb,1,43,2,2018,76,21,787,3404,93.98333333333333,126,6,12,17.23709877637879,84.0,100.0,0.0,16.27948217769108,4.788082993438553,0.0,2.8728497960631314,7.660932789501684,0.0,0.0,0.0,21,9,0.0,3
statsbomb,1,43,2,2018,76,21,787,3436,94.98333333333333,134,4,12,15.160554483242674,88.23529411764706,0.0,0.014925373134328358,28.426039656080015,2.842603965608001,0.0,1.8950693104053342,3.7901386208106684,0.054520755000000004,0.0,0.051660304790314096,17,6,0.0,4
statsbomb,1,43,2,2018,76,21,787,3555,18.783333333333335,12,0,1,4.79148181011535,100.0,0.0,0.08333333333333333,47.9148181011535,0.0,0.0,0.0,0.0,0.0,0.0,0.0,2,0,0.0,0
statsbomb,1,43,2,2018,76,21,787,3603,61.983333333333334,47,0,1,1.452003226673837,75.0,0.0,0.06382978723404255,33.39607421349825,0.0,0.0,0.0,2.904006453347674,0.097462624,0.0,0.14151604452809893,2,0,0.0,2
statsbomb,1,43,2,2018,76,21,787,3629,93.98333333333333,126,5,3,7.660932789501684,89.47368421052632,40.0,0.03968253968253968,22.025181769817344,3.830466394750842,0.0,0.9576165986877105,1.915233197375421,0.13267757,0.0,0.12705424330555062,14,4,0.0,3
statsbomb,1,43,2,2018,76,21,787,3684,7.766666666666667,8,0,0,0.0,100.0,0.0,0.0,11.587982832618026,0.0,11.587982832618026,0.0,0.0,0.0,0.0,0.0,1,0,0.0,0
statsbomb,1,43,2,2018,76,21,787,5659,89.85,42,1,25,26.043405676126877,36.0,0.0,0.0,0.0,1.001669449081803,0.0,0.0,3.005008347245409,0.0,0.0,0.0,15,15,0.0,0
statsbomb,1,43,2,2018,76,21,787,5661,74.98333333333333,123,11,11,26.405867970660147,66.66666666666666,100.0,0.016260162601626018,21.604801066903757,10.802400533451879,0.0,2.400533451878195,7.201600355634586,0.99186546,0.0,1.190503108246277,24,10,0.0,2
statsbomb,1,43,2,2018,76,21,787,5664,91.96666666666667,92,2,13,14.679231605654222,78.37837837837837,0.0,0.0,3.9144617615077926,2.9358463211308443,0.0,2.9358463211308443,0.9786154403769481,0.15190103500000002,0.0,0.14865269826023922,8,6,0.0,0
statsbomb,1,43,2,2018,76,21,787,5671,85.98333333333333,73,2,14,16.747431672804808,75.0,100.0,0.0,27.21457646830781,0.0,0.0,2.093428959100601,2.093428959100601,0.0,0.0,0.0,9,7,0.0,5
statsbomb,1,43,2,2018,76,21,787,5674,91.96666666666667,80,1,13,13.700616165277275,75.0,100.0,0.0,10.76476984414643,0.9786154403769481,0.0,3.9144617615077926,2.9358463211308443,0.0,0.0,0.0,16,8,0.0,3
statsbomb,1,43,2,2018,76,21,787,5675,92.98333333333333,76,0,15,14.518730955368344,75.75757575757575,0.0,0.0,10.64706936727012,0.0,0.0,0.0,5.807492382147338,0.0,0.0,0.0,5,5,0.0,2
statsbomb,1,43,2,2018,76,21,787,5676,30.9,30,1,7,23.300970873786408,50.0,0.0,0.03333333333333333,40.77669902912621,0.0,0.0,2.912621359223301,8.737864077669903,0.0,0.0,0.0,6,2,0.0,3
statsbomb,1,43,2,2018,76,17,789,,94.95,0,0,0,0.0,0.0,0.0,0.0,0.0,0.0,0.0,0.0,0.0,0.0,0.0,0.0,0,0,0.0,0
statsbomb,1,43,2,2018,76,17,789,3637,93.96666666666667,222,3,21,22.986874778290172,85.36585365853658,0.0,0.009009009009009009,17.24015608371763,3.8311457963816955,0.9577864490954239,0.0,4.7889322454771195,0.36511415,0.0,0.349701385242994,18,13,0.0,1
statsbomb,1,43,2,2018,76,17,789,4626,46.983333333333334,94,1,17,34.48031216743526,97.36842105263158,0.0,0.0,1.9155728981908478,1.9155728981908478,0.0,3.8311457963816955,3.8311457963816955,0.0,0.0,0.0,1,0,0.0,0
statsbomb,1,43,2,2018,76,17,789,5658,82.98333333333333,125,3,11,15.183771841735288,70.58823529411765,0.0,0.024,14.099216710182768,1.0845551315525206,0.0,1.0845551315525206,2.169110263105041,0.04273148,0.0,0.0463446459128339,25,6,0.0,2
statsbomb,1,43,2,2018,76,17,789,5660,92.98333333333333,231,7,30,35.81286968990858,80.48780487804879,50.0,0.017316017316017316,11.614984764294675,1.9358307940491126,0.9679153970245563,0.0,3.8716615880982252,0.029653154,0.0,0.02870174432694031,31,16,0.0,2
statsbomb,1,43,2,2018,76,17,789,5662,94.98333333333333,207,12,25,35.05878224249868,88.88888888888889,0.0,0.004830917874396135,12.317950517634673,11.370415862432004,0.0,1.8950693104053342,4.737673276013336,0.0,0.0,0.0,8,6,0.0,1
statsbomb,1,43,2,2018,76,17,789,5663,46.916666666666664,43,0,2,3.8365896980461813,60.0,50.0,0.046511627906976744,21.101243339253998,0.0,0.0,0.0,0.0,0.0,0.0,0.0,3,1,0.0,2
statsbomb,1,43,2,2018,76,17,789,5665,70.98333333333333,70,2,5,8.875322845738436,65.21739130434783,0.0,0.0,22.82225874618455,2.535806527353839,0.0,1.2679032636769194,2.535806527353839,0.12166226,0.0,0.15425597652030992,9,3,0.0,0
statsbomb,1,43,2,2018,76,17,789,5666,20.95,28,0,0,0.0,85.71428571428571,0.0,0.07142857142857142,38.663484486873514,0.0,0.0,0.0,8.591885441527447,0.05977887,0.0,0.2568066014319809,2,0,0.0,1
statsbomb,1,43,2,2018,76,17,789,5667,91.96666666666667,98,2,3,4.893077201884741,66.66666666666666,100.0,0.0,14.679231605654222,2.9358463211308443,0.0,0.9786154403769481,1.9572308807538963,0.297110998,0.0,0.29075741014860457,22,5,0.0,1
statsbomb,1,43,2,2018,76,17,789,5668,92.98333333333333,88,3,2,4.839576985122782,88.23529411764706,50.0,0.06818181818181818,11.614984764294675,0.9679153970245563,0.9679153970245563,0.0,3.8716615880982252,0.126272472,0.0,0.12222106986915217,9,4,0.0,0
statsbomb,1,43,2,2018,76,17,789,5669,81.96666666666667,48,0,13,14.274095160634404,90.0,0.0,0.0,0.0,0.0,0.0,0.0,3.294021960146401,0.0,0.0,0.0,1,0,0.0,0
statsbomb,1,43,2,2018,76,17,789,5670,93.98333333333333,264,6,36,40.219897144883845,85.57692307692307,0.0,0.003787878787878788,4.788082993438553,3.830466394750842,0.9576165986877105,0.9576165986877105,0.9576165986877105,0.0,0.0,0.0,20,14,0.0,0
statsbomb,1,43,2,2018,76,17,789,5672,93.98333333333333,106,5,4,8.618549388189395,91.8918918918919,0.0,0.009433962264150943,16.27948217769108,4.788082993438553,0.9576165986877105,1.915233197375421,1.915233197375421,0.0,0.0,0.0,11,3,0.0,3
statsbomb,1,43,2,2018,76,17,789,5673,10.9,9,1,0,8.256880733944953,100.0,0.0,0.0,33.027522935779814,8.256880733944953,0.0,8.256880733944953,0.0,0.0,0.0,0.0,2,1,0.0,1
statsbomb,1,43,2,2018,77,39,774,,94.95,0,0,0,0.0,0.0,0.0,0.0,0.0,0.0,0.0,0.0,0.0,0.0,0.0,0.0,0,0,0.0,0
statsbomb,1,43,2,2018,77,39,774,3531,92.95,96,2,2,3.8730500268961805,76.19047619047619,0.0,0.07291666666666667,21.301775147928993,0.9682625067240451,0.0,0.9682625067240451,3.8730500268961805,1.045561952,0.0,1.0123784365788056,12,2,0.0,1
statsbomb,1,43,2,2018,77,39,774,3536,25.95,39,3,3,20.809248554913296,90.9090909090909,0.0,0.02564102564102564,10.404624277456648,6.936416184971098,0.0,0.0,6.936416184971098,0.0,0.0,0.0,7,3,0.0,0
statsbomb,1,43,2,2018,77,39,774,3568,63.983333333333334,65,2,7,12.659546756967961,78.26086956521739,0.0,0.015384615384615385,29.538942432925243,0.0,0.0,0.0,2.813232612659547,0.0,0.0,0.0,7,5,0.0,5
statsbomb,1,43,2,2018,77,39,774,4063,91.96666666666667,106,3,14,16.636462486408117,75.55555555555556,0.0,0.0,5.871692642261689,4.893077201884741,0.9786154403769481,2.9358463211308443,1.9572308807538963,0.0,0.0,0.0,4,4,0.0,0
statsbomb,1,43,2,2018,77,39,774,5250,93.98333333333333,167,6,24,28.728497960631316,77.94117647058823,0.0,0.005988023952095809,17.23709877637879,3.830466394750842,0.0,1.915233197375421,2.8728497960631314,0.0,0.0,0.0,26,13,0.0,1
statsbomb,1,43,2,2018,77,39,774,5251,93.98333333333333,166,4,18,21.067565171129633,86.76470588235294,0.0,0.006024096385542169,22.025181769817344,1.915233197375421,0.0,0.0,5.745699592126263,0.02183278,0.0,0.020907432523497072,35,11,0.0,2
statsbomb,1,43,2,2018,77,39,774,5252,80.96666666666667,81,0,5,5.5578427336352405,56.52173913043478,0.0,0.04938271604938271,14.450391107451626,0.0,1.1115685467270482,1.1115685467270482,6.669411280362289,0.36240920499999996,0.0,0.40284267332235485,16,3,0.0,1
statsbomb,1,43,2,2018,77,39,774,5253,30.95,61,1,1,5.815831987075929,50.0,100.0,0.01639344262295082,11.631663974151857,8.723747980613894,0.0,2.9079159935379644,2.9079159935379644,0.014450283,0.0,0.042020209046849756,11,1,0.0,0
statsbomb,1,43,2,2018,77,39,774,5254,92.98333333333333,71,0,10,9.679153970245563,78.57142857142857,0.0,0.014084507042253521,2.903746191073669,0.0,0.0,0.0,2.903746191073669,0.06319924,0.0,0.06117151747625022,5,2,0.0,0
statsbomb,1,43,2,2018,77,39,774,5257,12.933333333333334,10,0,0,0.0,100.0,0.0,0.0,41.75257731958763,0.0,0.0,0.0,0.0,0.0,0.0,0.0,2,0,0.0,1
statsbomb,1,43,2,2018,77,39,774,5261,67.98333333333333,112,5,8,17.210100514832067,67.74193548387096,60.0,0.026785714285714284,23.82936994361363,5.295415543025252,0.0,0.0,7.9431233145378775,0.1637376,0.0,0.21676465800441289,12,4,0.0,4
statsbomb,1,43,2,2018,77,39,774,5262,91.96666666666667,123,0,20,19.572308807538963,80.7017543859649,0.0,0.0,15.65784704603117,0.0,0.0,2.9358463211308443,5.871692642261689,0.026327193,0.0,0.025764197571583904,15,12,0.0,4
statsbomb,1,43,2,2018,77,39,774,5263,93.98333333333333,168,6,31,35.43181415144529,71.83098591549296,100.0,0.005952380952380952,10.533782585564817,3.830466394750842,0.0,1.915233197375421,4.788082993438553,0.0,0.0,0.0,25,17,0.0,3
statsbomb,1,43,2,2018,77,39,774,5265,90.96666666666667,29,2,15,16.819347746427262,37.5,0.0,0.0,0.0,0.0,0.0,0.0,5.9362403810919755,0.0,0.0,0.0,4,4,0.0,0
statsbomb,1,43,2,2018,77,33,796,,94.95,0,0,0,0.0,0.0,0.0,0.0,0.0,0.0,0.0,0.0,0.0,0.0,0.0,0.0,0,0,0.0,0
statsbomb,1,43,2,2018,77,33,796,5170,93.98333333333333,109,3,17,19.15233197375421,74.0,0.0,0.009174311926605505,16.27948217769108,2.8728497960631314,0.0,0.9576165986877105,4.788082993438553,0.0,0.0,0.0,23,4,0.0,3
statsbomb,1,43,2,2018,77,33,796,5171,92.96666666666667,122,8,14,21.29795625672284,80.0,100.0,0.0,22.26604517748297,9.680889207601291,2.904266762280387,0.9680889207601291,14.521333811401936,0.042581692000000004,0.0,0.04122286425242023,17,8,0.0,3
statsbomb,1,43,2,2018,77,33,796,5172,87.9,28,1,16,17.406143344709896,31.25,0.0,0.0,0.0,1.023890784982935,0.0,0.0,2.04778156996587,0.0,0.0,0.0,6,6,0.0,0
statsbomb,1,43,2,2018,77,33,796,5174,84.98333333333333,63,1,14,15.88546773877231,56.666666666666664,0.0,0.0,2.1180623651696413,2.1180623651696413,0.0,0.0,2.1180623651696413,0.35203282,0.0,0.3728137336732693,5,5,0.0,0
statsbomb,1,43,2,2018,77,33,796,5175,92.98333333333333,54,0,13,12.582900161319232,50.0,0.0,0.0,8.711238573221006,0.0,0.0,1.9358307940491126,0.9679153970245563,0.0,0.0,0.0,6,6,0.0,2
statsbomb,1,43,2,2018,77,33,796,5177,92.98333333333333,133,4,8,11.614984764294675,66.66666666666666,100.0,0.015037593984962405,36.78078508693314,3.8716615880982252,0.0,0.0,5.807492382147338,0.054492563,0.0,0.05274419075103065,30,5,0.0,2
statsbomb,1,43,2,2018,77,33,796,5179,18.733333333333334,31,0,1,4.804270462633451,92.85714285714286,0.0,0.0,19.217081850533805,4.804270462633451,0.0,0.0,4.804270462633451,0.0,0.0,0.0,1,0,0.0,0
statsbomb,1,43,2,2018,77,33,796,5181,87.95,137,2,21,23.536100056850483,77.19298245614034,0.0,0.0,21.489482660602615,1.023308698123934,0.0,0.0,7.163160886867539,0.01850139,0.0,0.018932633314383173,19,8,0.0,3
statsbomb,1,43,2,2018,77,33,796,5182,91.96666666666667,169,6,12,17.615077926785066,72.58064516129032,100.0,0.0,18.593693367162015,3.9144617615077926,0.9786154403769481,0.0,6.850308082638637,0.0,0.0,0.0,37,6,0.0,3
statsbomb,1,43,2,2018,77,33,796,5186,73.98333333333333,108,7,4,13.381392205451679,65.625,100.0,0.027777777777777776,26.762784410903357,8.51543140346925,0.0,2.432980400991214,1.216490200495607,0.179570637,0.0,0.2184459202072539,19,5,0.0,2
statsbomb,1,43,2,2018,77,33,796,5193,84.98333333333333,106,6,23,30.711904294959798,66.66666666666666,0.0,0.0,7.413218278093744,5.295155912924104,0.0,1.0590311825848207,2.1180623651696413,0.0,0.0,0.0,20,11,0.0,1
statsbomb,1,43,2,2018,77,33,796,5194,15.95,26,2,0,11.285266457680251,87.5,0.0,0.0,28.213166144200628,11.285266457680251,0.0,0.0,0.0,0.0,0.0,0.0,5,2,0.0,0
statsbomb,1,43,2,2018,77,33,796,5195,78.96666666666667,143,2,6,9.117771211481637,75.75757575757575,75.0,0.04895104895104895,15.956099620092864,2.2794428028704092,0.0,1.1397214014352046,1.1397214014352046,0.333971695,0.0,0.3806346882650907,18,4,0.0,1
statsbomb,1,43,2,2018,77,33,796,5677,6.733333333333333,9,0,0,0.0,100.0,0.0,0.0,40.0990099009901,0.0,0.0,0.0,0.0,0.0,0.0,0.0,2,0,0.0,0
statsbomb,1,43,2,2018,78,40,769,,95.95,0,0,0,0.0,0.0,0.0,0.0,0.0,0.0,0.0,0.0,0.0,0.0,0.0,0.0,0,0,0.0,0
statsbomb,1,43,2,2018,78,40,769,3279,69.98333333333333,99,3,2,6.430102405334603,76.0,50.0,0.050505050505050504,33.43653250773994,3.858061443200762,0.0,0.0,5.144081924267683,0.0,0.0,0.0,10,3,0.0,4
statsbomb,1,43,2,2018,78,40,769,3445,93.98333333333333,139,2,4,5.745699592126263,80.76923076923077,0.0,0.05755395683453238,39.26228054619613,1.915233197375421,0.0,0.0,1.915233197375421,0.38417701000000004,0.0,0.3678942816102146,6,4,0.0,6
statsbomb,1,43,2,2018,78,40,769,3494,94.98333333333333,91,1,17,17.055623793648007,68.42105263157895,0.0,0.0,17.055623793648007,1.8950693104053342,0.0,2.842603965608001,5.685207931216002,0.0,0.0,0.0,5,4,0.0,5
statsbomb,1,43,2,2018,78,40,769,4276,91.98333333333333,49,2,17,18.5903243341185,59.09090909090909,0.0,0.0,0.0,1.9568762456966842,0.0,0.0,2.9353143685450265,0.0,0.0,0.0,4,4,0.0,0
statsbomb,1,43,2,2018,78,40,769,5678,94.98333333333333,132,3,9,11.370415862432004,86.95652173913044,0.0,0.007575757575757576,25.58343569047201,2.842603965608001,0.9475346552026671,1.8950693104053342,3.7901386208106684,0.056293465,0.0,0.05334000894893841,13,7,0.0,1
statsbomb,1,43,2,2018,78,40,769,5680,94.98333333333333,100,3,19,20.845762414458676,73.33333333333333,0.0,0.0,8.527811896824003,1.8950693104053342,0.0,3.7901386208106684,0.0,0.19078906,0.0,0.18077924618354096,3,3,0.0,3
statsbomb,1,43,2,2018,78,40,769,5685,2.316666666666667,10,0,1,38.84892086330935,75.0,0.0,0.0,38.84892086330935,0.0,0.0,0.0,0.0,0.0,0.0,0.0,1,0,0.0,0
statsbomb,1,43,2,2018,78,40,769,5686,61.983333333333334,79,3,12,21.780048400107553,80.76923076923077,0.0,0.012658227848101266,59.53213229362731,4.356009680021511,4.356009680021511,1.452003226673837,5.808012906695348,0.0,0.0,0.0,8,4,0.0,9
statsbomb,1,43,2,2018,78,40,769,5688,24.95,31,0,3,10.821643286573146,80.0,0.0,0.03225806451612903,10.821643286573146,0.0,0.0,0.0,7.214428857715431,0.07248526,0.0,0.261469875751503,8,3,0.0,0
statsbomb,1,43,2,2018,78,40,769,5689,30.966666666666665,59,4,2,17.438105489773953,81.81818181818183,66.66666666666666,0.03389830508474576,5.8127018299246505,5.8127018299246505,0.0,0.0,5.8127018299246505,0.008843584,0.0,0.025702558449946178,7,2,0.0,0
statsbomb,1,43,2,2018,78,40,769,5691,94.98333333333333,180,11,36,44.53412879452535,78.26086956521739,62.5,0.022222222222222223,19.89822775925601,9.475346552026672,1.8950693104053342,1.8950693104053342,6.6327425864186695,0.0,0.0,0.0,26,13,0.0,2
statsbomb,1,43,2,2018,78,40,769,5692,57.96666666666667,81,2,15,26.39447958596895,75.86206896551724,100.0,0.024691358024691357,26.39447958596895,3.105232892466935,0.0,0.0,4.6578493387004025,0.033179437,0.0,0.051514939562967224,16,9,0.0,3
statsbomb,1,43,2,2018,78,40,769,5695,36.96666666666667,69,2,6,19.477006311992785,71.42857142857143,33.33333333333333,0.028985507246376812,43.82326420198377,2.434625788999098,0.0,0.0,0.0,0.060488213,0.0,0.1472661633002705,17,5,0.0,2
statsbomb,1,43,2,2018,78,40,769,5696,94.95,105,3,20,21.80094786729858,68.0,100.0,0.009523809523809525,22.748815165876778,2.843601895734597,0.9478672985781991,0.9478672985781991,4.739336492890995,0.0,0.0,0.0,17,7,0.0,3
statsbomb,1,43,2,2018,78,3,778,,95.93333333333334,0,0,0,0.0,0.0,0.0,0.0,0.0,0.0,0.0,0.0,0.0,0.0,0.0,0.0,0,0,0.0,0
statsbomb,1,43,2,2018,78,3,778,3175,86.98333333333333,42,1,13,14.485533627131636,83.33333333333334,0.0,0.0,0.0,1.0346809733665454,0.0,0.0,4.138723893466182,0.0,0.0,0.0,3,3,0.0,0
statsbomb,1,43,2,2018,78,3,778,3300,93.98333333333333,262,5,30,33.516580954069866,88.17204301075269,0.0,0.0,8.618549388189395,5.745699592126263,0.0,2.8728497960631314,2.8728497960631314,0.120759696,0.0,0.11564148934208192,9,8,0.0,1
statsbomb,1,43,2,2018,78,3,778,3530,93.98333333333333,151,5,15,19.15233197375421,77.19298245614034,50.0,0.006622516556291391,15.321865579003369,1.915233197375421,0.0,0.9576165986877105,0.9576165986877105,0.109086256,0.0,0.10446280943429687,29,10,0.0,2
statsbomb,1,43,2,2018,78,3,778,3810,10.8,9,0,0,0.0,100.0,0.0,0.1111111111111111,24.999999999999996,0.0,0.0,0.0,16.666666666666664,0.0,0.0,0.0,1,0,0.0,1
statsbomb,1,43,2,2018,78,3,778,5679,84.98333333333333,86,2,2,4.236124730339283,68.18181818181817,100.0,0.0,16.94449892135713,0.0,1.0590311825848207,1.0590311825848207,1.0590311825848207,0.804912585,0.0,0.8524275267699549,16,2,0.0,2
statsbomb,1,43,2,2018,78,3,778,5681,94.98333333333333,206,3,15,17.055623793648007,92.3076923076923,0.0,0.0,24.635901035269345,2.842603965608001,1.8950693104053342,0.9475346552026671,3.7901386208106684,0.0,0.0,0.0,19,12,0.0,2
statsbomb,1,43,2,2018,78,3,778,5682,91.98333333333333,207,7,21,27.39626743975358,92.20779220779221,0.0,0.0,0.9784381228483421,5.870628737090053,0.0,1.9568762456966842,3.9137524913933683,0.0,0.0,0.0,6,6,0.0,1
statsbomb,1,43,2,2018,78,3,778,5683,24.983333333333334,77,3,3,21.61440960640427,80.76923076923077,100.0,0.0,10.807204803202135,14.409606404269512,0.0,0.0,3.602401601067378,0.008464088,0.0,0.03049104416277518,19,3,0.0,0
statsbomb,1,43,2,2018,78,3,778,5684,69.98333333333333,121,3,8,14.146225291736128,84.0909090909091,100.0,0.01652892561983471,23.14836865920457,6.430102405334603,0.0,1.2860204810669207,1.2860204810669207,1.02080883,0.0,1.3127810626339604,19,8,0.0,3
statsbomb,1,43,2,2018,78,3,778,5687,92.98333333333333,140,4,6,9.679153970245563,81.81818181818183,66.66666666666666,0.014285714285714285,12.582900161319232,5.807492382147338,0.0,2.903746191073669,2.903746191073669,0.256642505,0.0,0.2484082321204517,18,5,0.0,3
statsbomb,1,43,2,2018,78,3,778,5690,93.98333333333333,137,10,18,26.813264763255894,81.81818181818183,100.0,0.0,16.27948217769108,7.660932789501684,0.0,1.915233197375421,1.915233197375421,0.0,0.0,0.0,23,15,0.0,1
statsbomb,1,43,2,2018,78,3,778,5693,79.98333333333333,203,6,18,27.005626172119193,80.82191780821918,50.0,0.009852216748768473,16.878516357574494,6.751406543029798,1.1252344238382996,3.375703271514899,2.2504688476765993,0.0,0.0,0.0,26,13,0.0,2
statsbomb,1,43,2,2018,78,3,778,5694,15.966666666666667,36,0,6,33.82045929018789,78.57142857142857,0.0,0.0,16.910229645093946,0.0,0.0,0.0,11.273486430062631,0.0,0.0,0.0,5,3,0.0,0
statsbomb,1,43,2,2018,78,3,778,5697,93.98333333333333,136,5,5,9.576165986877106,87.17948717948718,100.0,0.007352941176470588,30.643731158006737,0.9576165986877105,0.9576165986877105,1.915233197375421,0.0,0.0,0.0,0.0,16,6,0.0,3
statsbomb,1,43,2,2018,79,15,780,,95.88333333333334,0,0,0,0.0,0.0,0.0,0.0,0.0,0.0,0.0,0.0,0.0,0.0,0.0,0.0,0,0,0.0,0
statsbomb,1,43,2,2018,79,15,780,20016,92.98333333333333,79,0,27,26.13371571966302,73.17073170731707,100.0,0.0,3.8716615880982252,1.9358307940491126,0.0,0.0,0.9679153970245563,0.0,0.0,0.0,14,11,0.0,1
statsbomb,1,43,2,2018,79,15,780,3168,88.96666666666667,88,1,11,12.139378044211316,85.0,0.0,0.0,14.162607718246536,0.0,2.0232296740352194,0.0,2.0232296740352194,0.0,0.0,0.0,12,6,0.0,0
statsbomb,1,43,2,2018,79,15,780,3193,58.983333333333334,74,5,4,13.732692851087878,55.55555555555556,0.0,0.0,24.413676179711782,7.629273806159932,1.5258547612319864,3.0517095224639728,4.577564283695959,0.0,0.0,0.0,10,5,0.0,2
statsbomb,1,43,2,2018,79,15,780,3329,94.98333333333333,106,5,22,25.58343569047201,70.83333333333334,0.0,0.0,6.6327425864186695,4.737673276013336,0.9475346552026671,0.9475346552026671,8.527811896824003,0.0,0.0,0.0,18,11,0.0,0
statsbomb,1,43,2,2018,79,15,780,3707,6.6,13,0,3,40.90909090909091,40.0,0.0,0.0,13.636363636363637,0.0,0.0,0.0,13.636363636363637,0.0,0.0,0.0,2,1,0.0,0
statsbomb,1,43,2,2018,79,15,780,3960,86.98333333333333,76,0,15,15.520214600498182,69.6969696969697,0.0,0.0,2.069361946733091,0.0,0.0,1.0346809733665454,0.0,0.081678025,0.0,0.08451069840965703,4,2,0.0,0
statsbomb,1,43,2,2018,79,15,780,4272,68.96666666666667,85,2,3,6.524891251812469,74.07407407407408,0.0,0.011764705882352941,22.184630256162396,0.0,0.0,0.0,2.6099565007249876,0.0,0.0,0.0,6,3,0.0,1
statsbomb,1,43,2,2018,79,15,780,4367,94.98333333333333,75,4,7,10.422881207229338,72.22222222222221,0.0,0.04,13.265485172837339,4.737673276013336,0.9475346552026671,0.0,4.737673276013336,0.27095858500000003,0.0,0.2567426494121776,8,4,0.0,0
statsbomb,1,43,2,2018,79,15,780,5204,25.916666666666668,48,1,2,10.418006430868168,73.33333333333333,0.0,0.0,24.308681672025724,3.472668810289389,0.0,3.472668810289389,0.0,0.043342972,0.0,0.1505157870096463,6,2,0.0,0
statsbomb,1,43,2,2018,79,15,780,5205,91.98333333333333,44,1,19,19.56876245696684,54.166666666666664,0.0,0.0,0.0,0.9784381228483421,0.0,0.0,8.805943105635079,0.0,0.0,0.0,3,2,0.0,0
statsbomb,1,43,2,2018,79,15,780,5207,94.96666666666667,102,0,2,1.8954018954018954,72.72727272727273,0.0,0.058823529411764705,10.424710424710424,0.0,0.0,0.0,3.790803790803791,0.46615798999999997,0.0,0.44177836890136885,9,1,0.0,2
statsbomb,1,43,2,2018,79,15,780,5209,91.95,91,4,13,16.6394779771615,72.5,100.0,0.0,9.787928221859707,2.936378466557912,0.9787928221859706,0.0,3.9151712887438825,0.022848671,0.0,0.022364115171288744,11,6,0.0,2
statsbomb,1,43,2,2018,79,15,780,5214,93.98333333333333,107,1,14,14.364248980315658,81.25,0.0,0.0,12.449015782940236,1.915233197375421,0.0,0.9576165986877105,7.660932789501684,0.0,0.0,0.0,8,3,0.0,0
statsbomb,1,43,2,2018,79,15,780,5723,34.85,47,1,1,5.164992826398852,88.88888888888889,66.66666666666666,0.02127659574468085,15.494978479196558,2.582496413199426,0.0,0.0,5.164992826398852,0.0,0.0,0.0,4,0,0.0,0
statsbomb,1,43,2,2018,79,28,788,,95.86666666666666,0,0,0,0.0,0.0,0.0,0.0,0.0,0.0,0.0,0.0,0.0,0.0,0.0,0.0,0,0,0.0,0
statsbomb,1,43,2,2018,79,28,788,3302,93.98333333333333,149,7,8,14.364248980315658,75.0,60.0,0.03355704697986577,8.618549388189395,5.745699592126263,0.0,0.9576165986877105,5.745699592126263,0.0,0.0,0.0,26,5,0.0,1
statsbomb,1,43,2,2018,79,28,788,5221,91.96666666666667,114,3,27,29.358463211308443,69.38775510204081,0.0,0.0,2.9358463211308443,3.9144617615077926,0.0,1.9572308807538963,3.9144617615077926,0.0881195,0.0,0.08623510329829648,14,13,0.0,1
statsbomb,1,43,2,2018,79,28,788,5229,24.833333333333332,18,0,0,0.0,75.0,0.0,0.0,7.248322147651007,0.0,0.0,0.0,0.0,0.0,0.0,0.0,4,0,0.0,0
statsbomb,1,43,2,2018,79,28,788,5232,94.98333333333333,168,2,14,15.160554483242674,80.0,0.0,0.005952380952380952,15.160554483242674,0.9475346552026671,0.9475346552026671,1.8950693104053342,5.685207931216002,0.084413245,0.0,0.07998447499561326,27,11,0.0,3
statsbomb,1,43,2,2018,79,28,788,5233,93.91666666666667,36,1,13,13.41614906832298,46.666666666666664,0.0,0.0,0.0,0.95829636202307,0.0,0.0,1.91659272404614,0.0,0.0,0.0,3,3,0.0,0
statsbomb,1,43,2,2018,79,28,788,5236,84.98333333333333,106,0,19,20.121592469111594,78.84615384615384,0.0,0.0,24.357717199450875,0.0,2.1180623651696413,2.1180623651696413,7.413218278093744,0.0058760555,0.0,0.00622292600509904,18,8,0.0,6
statsbomb,1,43,2,2018,79,28,788,5237,94.91666666666667,188,4,10,13.274802458296751,68.85245901639344,30.0,0.0425531914893617,14.223002633889376,2.8446005267778753,0.0,0.948200175592625,7.585601404741,0.189027781,0.0,0.17923617513608428,41,9,0.0,1
statsbomb,1,43,2,2018,79,28,788,5242,74.96666666666667,148,0,9,10.804802134281902,71.42857142857143,100.0,0.006756756756756757,6.002667852378835,0.0,1.200533570475767,1.200533570475767,3.6016007114273005,0.273043148,0.0,0.3277974653623833,21,2,0.0,1
statsbomb,1,43,2,2018,79,28,788,5244,94.98333333333333,92,2,18,18.950693104053343,75.0,100.0,0.0,6.6327425864186695,0.0,0.0,0.0,6.6327425864186695,0.50364115,0.0,0.4772174434111247,11,8,0.0,1
statsbomb,1,43,2,2018,79,28,788,5245,93.98333333333333,141,5,16,20.109948572441922,75.86206896551724,100.0,0.0070921985815602835,18.1947153750665,1.915233197375421,0.0,0.9576165986877105,4.788082993438553,0.0,0.0,0.0,28,11,0.0,3
statsbomb,1,43,2,2018,79,28,788,5724,7.85,33,1,3,45.85987261146497,76.92307692307693,0.0,0.030303030303030304,11.464968152866243,11.464968152866243,0.0,0.0,11.464968152866243,0.0,0.0,0.0,4,1,0.0,0
statsbomb,1,43,2,2018,79,28,788,5725,18.916666666666668,28,2,1,14.273127753303964,62.5,0.0,0.0,4.757709251101321,9.515418502202643,0.0,0.0,0.0,0.0,0.0,0.0,5,1,0.0,0
statsbomb,1,43,2,2018,79,28,788,5726,68.93333333333334,79,1,2,3.9168278529980656,73.33333333333333,100.0,0.012658227848101266,13.056092843326885,1.3056092843326885,0.0,1.3056092843326885,3.9168278529980656,0.304894166,0.0,0.39807265386847196,11,3,0.0,0
statsbomb,1,43,2,2018,79,28,788,5727,93.96666666666667,150,4,16,19.155728981908478,87.3015873015873,50.0,0.006666666666666667,8.620078041858815,4.7889322454771195,0.9577864490954239,2.8733593472862715,8.620078041858815,0.006087828,0.0,0.005830839162823696,23,7,0.0,1
statsbomb,1,43,2,2018,80,4,772,,94.9,0,0,0,0.0,0.0,0.0,0.0,0.0,0.0,0.0,0.0,0.0,0.0,0.0,0.0,0,0,0.0,0
statsbomb,1,43,2,2018,80,4,772,3064,93.98333333333333,241,7,18,23.940414967192762,88.75,50.0,0.012448132780082987,19.15233197375421,4.788082993438553,0.0,0.0,3.830466394750842,0.491591886,0.0,0.4707565498137967,53,13,0.0,6
statsbomb,1,43,2,2018,80,4,772,3333,88.96666666666667,39,1,8,9.104533533158488,100.0,0.0,0.0,0.0,1.0116148370176097,0.0,0.0,4.046459348070439,0.0,0.0,0.0,0,0,0.0,0
statsbomb,1,43,2,2018,80,4,772,4926,94.98333333333333,357,16,19,33.16371293209335,88.49557522123894,60.0,0.022408963585434174,15.160554483242674,15.160554483242674,0.9475346552026671,0.0,0.9475346552026671,0.143861468,0.0,0.1363137264783295,64,14,0.0,3
statsbomb,1,43,2,2018,80,4,772,5198,87.96666666666667,68,0,0,0.0,85.71428571428571,0.0,0.04411764705882353,12.277377794619174,0.0,0.0,0.0,1.0231148162182644,0.476199445,0.0,0.4872067076544145,8,0,0.0,1
statsbomb,1,43,2,2018,80,4,772,5199,22.933333333333334,87,1,6,27.47093023255814,90.625,100.0,0.011494252873563218,35.31976744186046,0.0,0.0,0.0,11.773255813953488,0.0,0.0,0.0,3,1,0.0,1
statsbomb,1,43,2,2018,80,4,772,5200,78.98333333333333,124,2,3,5.697404515720617,63.1578947368421,50.0,0.04032258064516129,22.789618062882468,2.2789618062882466,0.0,1.1394809031441233,1.1394809031441233,0.0,0.0,0.0,28,1,0.0,4
statsbomb,1,43,2,2018,80,4,772,5201,93.98333333333333,259,10,38,45.9655967370101,93.93939393939394,0.0,0.0,8.618549388189395,6.703316190813974,0.9576165986877105,0.9576165986877105,2.8728497960631314,0.11837049399999999,0.0,0.11335354984926405,37,21,0.0,2
statsbomb,1,43,2,2018,80,4,772,5203,92.98333333333333,273,4,23,26.13371571966302,93.87755102040816,100.0,0.003663003663003663,10.64706936727012,3.8716615880982252,0.9679153970245563,0.9679153970245563,4.839576985122782,0.036238745,0.0,0.03507603925434666,36,15,0.0,2
statsbomb,1,43,2,2018,80,4,772,5211,92.98333333333333,244,4,8,11.614984764294675,86.51685393258427,0.0,0.0,12.582900161319232,2.903746191073669,0.0,0.9679153970245563,6.7754077791718945,0.0,0.0,0.0,40,3,0.0,2
statsbomb,1,43,2,2018,80,4,772,5213,92.98333333333333,182,7,31,36.78078508693314,87.83783783783784,0.0,0.005494505494505495,0.9679153970245563,3.8716615880982252,0.0,0.9679153970245563,10.64706936727012,0.92444806,0.0,0.8947875110234809,13,10,0.0,0
statsbomb,1,43,2,2018,80,4,772,5216,70.93333333333334,236,6,20,32.98872180451128,84.14634146341463,100.0,0.00423728813559322,12.68796992481203,3.806390977443609,0.0,0.0,2.537593984962406,0.0,0.0,0.0,50,12,0.0,1
statsbomb,1,43,2,2018,80,4,772,5718,3.966666666666667,8,0,0,0.0,100.0,0.0,0.125,22.6890756302521,22.6890756302521,0.0,0.0,22.6890756302521,0.0,0.0,0.0,1,0,0.0,0
statsbomb,1,43,2,2018,80,4,772,5719,14.9,38,1,2,18.120805369127517,66.66666666666666,66.66666666666666,0.02631578947368421,12.080536912751677,0.0,0.0,0.0,0.0,0.0,0.0,0.0,3,1,0.0,1
statsbomb,1,43,2,2018,80,4,772,5721,93.98333333333333,191,5,9,13.406632381627947,92.7536231884058,50.0,0.005235602094240838,14.364248980315658,0.9576165986877105,0.0,0.9576165986877105,6.703316190813974,0.0062442855,0.0,0.00597963144174499,30,6,0.0,1
statsbomb,1,43,2,2018,80,25,797,,94.9,0,0,0,0.0,0.0,0.0,0.0,0.0,0.0,0.0,0.0,0.0,0.0,0.0,0.0,0,0,0.0,0
statsbomb,1,43,2,2018,80,25,797,5220,91.9,35,0,4,3.917301414581066,82.35294117647058,0.0,0.02857142857142857,1.958650707290533,0.0,0.0,0.0,2.9379760609357994,0.0,0.0,0.0,4,2,0.0,0
statsbomb,1,43,2,2018,80,25,797,5224,92.96666666666667,74,1,4,4.840444603800646,42.857142857142854,0.0,0.06756756756756757,19.361778415202583,0.0,0.0,0.0,0.0,0.121088564,0.0,0.11722449723915382,7,4,0.0,1
statsbomb,1,43,2,2018,80,25,797,5225,93.98333333333333,60,0,10,9.576165986877106,79.16666666666666,100.0,0.016666666666666666,47.880829934385524,0.9576165986877105,0.0,0.0,8.618549388189395,0.0,0.0,0.0,6,3,0.0,5
statsbomb,1,43,2,2018,80,25,797,5226,92.98333333333333,77,2,6,7.7433231761964505,50.0,66.66666666666666,0.025974025974025976,33.87703889585947,1.9358307940491126,1.9358307940491126,4.839576985122782,2.903746191073669,0.21644713,0.0,0.20950250976877574,7,1,0.0,1
statsbomb,1,43,2,2018,80,25,797,5227,84.95,28,2,18,21.18893466745144,30.0,0.0,0.0,0.0,1.0594467333725721,0.0,0.0,3.1783402001177166,0.0,0.0,0.0,8,7,0.0,0
statsbomb,1,43,2,2018,80,25,797,5228,91.98333333333333,42,1,8,8.805943105635079,66.66666666666666,0.0,0.0,0.9784381228483421,1.9568762456966842,0.0,0.0,0.9784381228483421,0.0,0.0,0.0,6,4,0.0,0
statsbomb,1,43,2,2018,80,25,797,5230,65.93333333333334,53,2,13,20.475227502527808,59.25925925925925,100.0,0.0,10.920121334681497,1.365015166835187,0.0,0.0,8.190091001011123,0.0,0.0,0.0,7,3,0.0,3
statsbomb,1,43,2,2018,80,25,797,5231,73.96666666666667,55,2,6,9.734114465975665,62.5,0.0,0.03636363636363636,26.76881478143308,2.4335286164939163,1.2167643082469581,1.2167643082469581,3.6502929247408744,0.071875084,0.0,0.08745503686345202,9,1,0.0,1
statsbomb,1,43,2,2018,80,25,797,5235,92.98333333333333,68,3,21,23.22996952858935,59.375,100.0,0.0,19.358307940491127,1.9358307940491126,0.0,0.0,7.7433231761964505,0.0,0.0,0.0,10,6,0.0,4
statsbomb,1,43,2,2018,80,25,797,5239,20.966666666666665,21,0,3,12.877583465818763,77.77777777777779,0.0,0.0,34.3402225755167,0.0,0.0,4.292527821939587,0.0,0.0,0.0,0.0,5,1,0.0,0
statsbomb,1,43,2,2018,80,25,797,5240,8.783333333333333,3,0,1,10.246679316888045,100.0,0.0,0.0,51.23339658444023,0.0,0.0,0.0,0.0,0.0,0.0,0.0,1,1,0.0,1
statsbomb,1,43,2,2018,80,25,797,5241,85.98333333333333,78,1,9,10.467144795503005,73.07692307692307,100.0,0.01282051282051282,55.475867416165926,1.0467144795503005,1.0467144795503005,1.0467144795503005,7.3270013568521035,0.017048458,0.0,0.017844867842605156,16,6,0.0,4
statsbomb,1,43,2,2018,80,25,797,5720,21.983333333333334,24,1,7,32.752084912812734,61.53846153846154,0.0,0.0,16.376042456406367,4.094010614101592,4.094010614101592,8.188021228203183,4.094010614101592,0.0,0.0,0.0,4,2,0.0,1
statsbomb,1,43,2,2018,80,25,797,5722,93.98333333333333,65,0,11,10.533782585564817,73.91304347826086,0.0,0.015384615384615385,25.855648164568183,0.9576165986877105,0.9576165986877105,1.915233197375421,4.788082993438553,0.0,0.0,0.0,5,4,0.0,3
statsbomb,1,43,2,2018,81,24,783,,94.98333333333333,0,0,0,0.0,0.0,0.0,0.0,0.0,0.0,0.0,0.0,0.0,0.0,0.0,0.0,0,0,0.0,0
statsbomb,1,43,2,2018,81,24,783,4319,90.98333333333333,107,2,5,6.924345118153508,76.92307692307693,100.0,0.04672897196261682,38.578494229712405,4.945960798681077,0.0,0.0,3.9567686389448617,0.6891027439999999,0.0,0.6816550316175123,18,2,0.0,4
statsbomb,1,43,2,2018,81,24,783,5246,93.96666666666667,102,0,8,7.662291592763391,76.92307692307693,33.33333333333333,0.049019607843137254,18.197942532813055,0.0,0.0,0.0,2.8733593472862715,0.567622716,0.0,0.5436613455835403,21,4,0.0,3
statsbomb,1,43,2,2018,81,24,783,5247,9.95,37,0,4,36.18090452261307,90.9090909090909,100.0,0.0,99.49748743718594,0.0,0.0,0.0,9.045226130653267,0.0,0.0,0.0,5,4,0.0,2
statsbomb,1,43,2,2018,81,24,783,5248,92.96666666666667,135,1,16,16.457511652922193,82.6923076923077,0.0,0.007407407407407408,6.776622445320903,0.0,0.9680889207601291,0.9680889207601291,3.8723556830405164,0.36702119,0.0,0.35530914772319827,15,8,0.0,1
statsbomb,1,43,2,2018,81,24,783,5249,91.98333333333333,125,5,14,18.5903243341185,91.11111111111111,0.0,0.008,3.9137524913933683,5.870628737090053,0.9784381228483421,0.9784381228483421,3.9137524913933683,0.0,0.0,0.0,5,5,0.0,2
statsbomb,1,43,2,2018,81,24,783,5255,58.96666666666667,166,4,19,35.10457885811193,83.87096774193549,100.0,0.006024096385542169,32.052006783493496,9.157716223855285,0.0,0.0,4.578858111927643,0.0,0.0,0.0,15,12,0.0,2
statsbomb,1,43,2,2018,81,24,783,5256,57.983333333333334,56,0,7,10.865191146881287,52.38095238095239,0.0,0.017857142857142856,34.14774360448405,1.552170163840184,0.0,3.104340327680368,3.104340327680368,0.0,0.0,0.0,10,4,0.0,0
statsbomb,1,43,2,2018,81,24,783,5259,92.98333333333333,149,2,16,17.422477146442013,96.66666666666667,0.0,0.0,4.839576985122782,0.0,0.0,0.9679153970245563,1.9358307940491126,0.0,0.0,0.0,3,3,0.0,1
statsbomb,1,43,2,2018,81,24,783,5260,92.98333333333333,213,6,20,25.165800322638464,87.17948717948718,0.0,0.0,41.62036207205592,4.839576985122782,2.903746191073669,2.903746191073669,3.8716615880982252,0.0,0.0,0.0,14,13,0.0,2
statsbomb,1,43,2,2018,81,24,783,5264,91.98333333333333,114,2,7,8.805943105635079,93.18181818181817,0.0,0.017543859649122806,18.5903243341185,0.9784381228483421,0.9784381228483421,0.0,0.0,0.0,0.0,0.0,7,4,0.0,5
statsbomb,1,43,2,2018,81,24,783,5266,34.95,57,0,2,5.150214592274677,94.73684210526315,50.0,0.017543859649122806,28.326180257510725,2.5751072961373387,0.0,5.150214592274677,5.150214592274677,0.024888527,0.0,0.06409062746781115,3,2,0.0,0
statsbomb,1,43,2,2018,81,24,783,5267,91.98333333333333,39,0,9,8.805943105635079,88.88888888888889,0.0,0.0,0.0,0.0,0.0,0.0,7.827504982786737,0.0,0.0,0.0,2,2,0.0,0
statsbomb,1,43,2,2018,81,24,783,5268,79.98333333333333,97,1,9,11.252344238382996,61.76470588235294,0.0,0.010309278350515464,31.50656386747239,2.2504688476765993,0.0,0.0,7.876640966868098,0.15817063,0.0,0.1779790377161909,14,4,0.0,4
statsbomb,1,43,2,2018,81,24,783,5717,34.96666666666667,42,0,1,2.573879885605338,86.66666666666667,0.0,0.0,28.312678741658722,0.0,0.0,0.0,0.0,0.0,0.0,0.0,11,0,0.0,1
statsbomb,1,43,2,2018,81,10,799,,94.93333333333334,0,0,0,0.0,0.0,0.0,0.0,0.0,0.0,0.0,0.0,0.0,0.0,0.0,0.0,0,0,0.0,0
statsbomb,1,43,2,2018,81,10,799,5173,93.98333333333333,236,4,23,25.855648164568183,89.77272727272727,50.0,0.00847457627118644,13.406632381627947,0.9576165986877105,0.9576165986877105,3.830466394750842,4.788082993438553,0.0,0.0,0.0,24,13,0.0,4
statsbomb,1,43,2,2018,81,10,799,5178,93.96666666666667,223,8,23,29.69137992195814,87.17948717948718,50.0,0.017937219730941704,26.81802057467187,6.7045051436679675,0.0,1.9155728981908478,4.7889322454771195,0.0,0.0,0.0,27,13,0.0,3
statsbomb,1,43,2,2018,81,10,799,5183,91.98333333333333,149,4,12,15.655009965573473,89.65517241379311,0.0,0.013422818791946308,12.719695597028448,5.870628737090053,0.0,0.9784381228483421,1.9568762456966842,0.033263839,0.0,0.03254660818988948,16,3,0.0,2
statsbomb,1,43,2,2018,81,10,799,5184,92.96666666666667,87,0,12,11.617067049121548,86.11111111111111,0.0,0.0,11.617067049121548,1.9361778415202582,0.0,0.9680889207601291,3.8723556830405164,0.0,0.0,0.0,6,5,0.0,2
statsbomb,1,43,2,2018,81,10,799,5185,42.95,99,1,3,8.381839348079161,87.87878787878788,0.0,0.020202020202020204,6.286379511059371,4.190919674039581,2.0954598370197903,0.0,0.0,0.0,0.0,0.0,9,3,0.0,0
statsbomb,1,43,2,2018,81,10,799,5187,93.98333333333333,199,7,10,16.27948217769108,89.65517241379311,77.77777777777779,0.020100502512562814,15.321865579003369,10.533782585564817,0.0,1.915233197375421,8.618549388189395,0.0055306493,0.0,0.005296241571200567,33,12,0.0,7
statsbomb,1,43,2,2018,81,10,799,5188,74.98333333333333,105,1,4,6.001333629695488,87.09677419354838,33.33333333333333,0.0380952380952381,25.20560124472105,3.600800177817293,0.0,1.2002667259390976,3.600800177817293,0.11192265350000001,0.0,0.1343370368748611,14,3,0.0,3
statsbomb,1,43,2,2018,81,10,799,5190,77.96666666666667,51,0,0,0.0,83.33333333333334,50.0,0.058823529411764705,17.31509191962377,0.0,0.0,0.0,2.3086789226165028,0.0121245505,0.0,0.01399584709277469,5,0,0.0,1
statsbomb,1,43,2,2018,81,10,799,5191,92.98333333333333,209,6,19,24.19788492561391,81.25,100.0,0.014354066985645933,11.614984764294675,2.903746191073669,0.0,3.8716615880982252,0.9679153970245563,0.05547695,0.0,0.05369699408496146,34,10,0.0,3
statsbomb,1,43,2,2018,81,10,799,5196,13.833333333333334,26,0,1,6.506024096385542,100.0,100.0,0.15384615384615385,52.04819277108434,0.0,0.0,0.0,0.0,0.0,0.0,0.0,5,0,0.0,1
statsbomb,1,43,2,2018,81,10,799,5713,18.916666666666668,32,0,1,4.757709251101321,80.0,0.0,0.0,33.30396475770925,4.757709251101321,4.757709251101321,0.0,4.757709251101321,0.05516719,0.0,0.2624694502202643,4,0,0.0,2
statsbomb,1,43,2,2018,81,10,799,5714,87.88333333333334,44,1,18,19.45761426133131,60.0,0.0,0.0,0.0,1.0240849611227005,0.0,0.0,4.096339844490802,0.0,0.0,0.0,8,4,0.0,0
statsbomb,1,43,2,2018,81,10,799,5715,89.95,110,4,16,20.01111728738188,85.71428571428571,0.0,0.0,5.00277932184547,5.00277932184547,0.0,3.001667593107282,3.001667593107282,0.0,0.0,0.0,7,5,0.0,1
statsbomb,1,43,2,2018,81,10,799,5716,47.983333333333334,100,4,5,16.880861410211878,91.42857142857143,0.0,0.0,35.63737408822508,7.50260507120528,1.87565126780132,0.0,11.25390760680792,0.0,0.0,0.0,16,6,0.0,0
statsbomb,1,43,2,2018,82,18,779,,94.98333333333333,0,0,0,0.0,0.0,0.0,0.0,0.0,0.0,0.0,0.0,0.0,0.0,0.0,0.0,0,0,0.0,0
statsbomb,1,43,2,2018,82,18,779,19597,93.98333333333333,132,2,13,14.364248980315658,63.26530612244898,50.0,0.022727272727272728,22.025181769817344,2.8728497960631314,1.915233197375421,0.0,5.745699592126263,0.037094012,0.0,0.03552184160312112,28,2,0.0,4
statsbomb,1,43,2,2018,82,18,779,3090,92.98333333333333,194,6,16,21.29413873454024,84.0,0.0,0.0,10.64706936727012,10.64706936727012,0.9679153970245563,0.9679153970245563,4.839576985122782,0.06496638,0.0,0.0628819594909482,9,6,0.0,2
statsbomb,1,43,2,2018,82,18,779,3237,53.983333333333334,48,2,1,5.00154368632294,80.0,0.0,0.020833333333333332,30.009262117937634,3.334362457548626,0.0,0.0,5.00154368632294,0.13586974,0.0,0.22651948008644643,5,1,0.0,2
statsbomb,1,43,2,2018,82,18,779,3659,87.91666666666667,84,0,22,22.52132701421801,45.45454545454545,0.0,0.0,2.0473933649289098,0.0,0.0,0.0,5.118483412322274,0.0,0.0,0.0,3,3,0.0,0
statsbomb,1,43,2,2018,82,18,779,5496,37.81666666666667,41,2,3,11.899515204936094,50.0,0.0,0.07317073170731707,9.519612163948874,2.3799030409872186,0.0,0.0,7.139709122961656,0.0,0.0,0.0,7,1,0.0,0
statsbomb,1,43,2,2018,82,18,779,5497,39.93333333333333,36,0,0,0.0,100.0,0.0,0.027777777777777776,11.268781302170286,0.0,0.0,0.0,0.0,0.036090992,0.0,0.08134029916527548,4,0,0.0,1
statsbomb,1,43,2,2018,82,18,779,5499,94.98333333333333,146,5,12,16.10808913844534,74.46808510638297,100.0,0.00684931506849315,49.27180207053869,2.842603965608001,0.9475346552026671,1.8950693104053342,4.737673276013336,0.3390807,0.0,0.321290714160379,20,8,0.0,10
statsbomb,1,43,2,2018,82,18,779,5503,93.98333333333333,123,6,8,13.406632381627947,82.75862068965517,100.0,0.008130081300813009,21.067565171129633,6.703316190813974,0.0,0.0,3.830466394750842,0.2574592,0.0,0.246547203404859,24,9,0.0,4
statsbomb,1,43,2,2018,82,18,779,5506,94.98333333333333,149,4,16,18.950693104053343,88.52459016393442,0.0,0.0,26.530970345674678,3.7901386208106684,0.0,1.8950693104053342,4.737673276013336,0.0,0.0,0.0,12,8,0.0,4
statsbomb,1,43,2,2018,82,18,779,5507,93.96666666666667,229,2,24,24.90244767648102,82.92682926829268,100.0,0.0,14.366796736431358,3.8311457963816955,0.9577864490954239,1.9155728981908478,2.8733593472862715,0.0,0.0,0.0,19,13,0.0,1
statsbomb,1,43,2,2018,82,18,779,5513,55.983333333333334,68,2,4,9.645727895206907,79.16666666666666,50.0,0.029411764705882353,20.89907710628163,1.6076213158678179,0.0,1.6076213158678179,6.4304852634712715,0.0,0.0,0.0,10,5,0.0,4
statsbomb,1,43,2,2018,82,18,779,5741,66.98333333333333,128,2,9,14.779795969146553,88.37209302325581,0.0,0.0078125,24.185120676785267,2.6872356307539187,0.0,0.0,2.6872356307539187,0.33644146,0.0,0.4520487394874347,12,6,0.0,7
statsbomb,1,43,2,2018,82,18,779,5742,92.98333333333333,122,0,11,10.64706936727012,80.3921568627451,0.0,0.00819672131147541,17.422477146442013,0.9679153970245563,0.0,2.903746191073669,1.9358307940491126,0.0,0.0,0.0,8,3,0.0,3
statsbomb,1,43,2,2018,82,18,779,5743,25.866666666666667,39,0,1,3.479381443298969,81.81818181818183,100.0,0.02564102564102564,24.355670103092784,3.479381443298969,0.0,0.0,3.479381443298969,0.011055459,0.0,0.03846615889175258,5,0,0.0,2
statsbomb,1,43,2,2018,82,29,785,,94.9,0,0,0,0.0,0.0,0.0,0.0,0.0,0.0,0.0,0.0,0.0,0.0,0.0,0.0,0,0,0.0,0
statsbomb,1,43,2,2018,82,29,785,3444,92.98333333333333,62,0,20,19.358307940491127,65.38461538461539,0.0,0.0,0.0,0.0,0.0,0.0,5.807492382147338,0.0,0.0,0.0,1,1,0.0,0
statsbomb,1,43,2,2018,82,29,785,3471,90.96666666666667,84,0,10,9.893733968486625,89.74358974358975,0.0,0.0,7.9149871747893,0.0,0.0,0.0,0.9893733968486625,0.0,0.0,0.0,5,4,0.0,0
statsbomb,1,43,2,2018,82,29,785,5456,13.983333333333333,21,2,1,19.30870083432658,83.33333333333334,100.0,0.0,45.05363528009536,12.872467222884387,0.0,0.0,12.872467222884387,0.10598648,0.0,0.6821537449344458,4,0,0.0,0
statsbomb,1,43,2,2018,82,29,785,5457,93.95,88,1,22,22.032996274614156,65.9090909090909,0.0,0.011363636363636364,12.453432676955826,0.0,0.0,0.0,1.9159127195316656,0.0,0.0,0.0,10,7,0.0,1
statsbomb,1,43,2,2018,82,29,785,5460,32.96666666666667,32,2,1,8.190091001011123,85.71428571428571,25.0,0.09375,10.920121334681497,8.190091001011123,0.0,0.0,5.460060667340748,0.0,0.0,0.0,5,1,0.0,0
statsbomb,1,43,2,2018,82,29,785,5461,93.98333333333333,95,3,15,17.23709877637879,76.74418604651163,0.0,0.021052631578947368,13.406632381627947,2.8728497960631314,0.0,5.745699592126263,3.830466394750842,0.0,0.0,0.0,13,6,0.0,0
statsbomb,1,43,2,2018,82,29,785,5463,90.98333333333333,109,3,14,16.816266715515663,81.81818181818183,66.66666666666666,0.01834862385321101,24.729803993405387,1.9783843194724309,0.0,0.9891921597362154,9.891921597362154,0.033162551,0.0,0.03280413544605239,15,9,0.0,1
statsbomb,1,43,2,2018,82,29,785,5465,56.95,58,2,2,6.321334503950834,33.33333333333333,75.0,0.034482758620689655,14.223002633889378,1.5803336259877085,0.0,1.5803336259877085,3.160667251975417,0.48206633,0.0,0.7618256312554873,7,1,0.0,3
statsbomb,1,43,2,2018,82,29,785,5468,93.96666666666667,70,0,14,13.409010287335935,66.66666666666666,0.0,0.0,5.746718694572543,0.9577864490954239,0.0,0.0,2.8733593472862715,0.0,0.0,0.0,5,5,0.0,1
statsbomb,1,43,2,2018,82,29,785,5469,93.98333333333333,142,2,18,19.15233197375421,83.05084745762711,0.0,0.0,21.067565171129633,0.9576165986877105,0.9576165986877105,0.0,3.830466394750842,0.017617416,0.0,0.01687072998758645,10,8,0.0,2
statsbomb,1,43,2,2018,82,29,785,5470,94.98333333333333,109,2,13,14.213019828040007,70.27027027027027,100.0,0.009174311926605505,25.58343569047201,0.9475346552026671,0.0,0.9475346552026671,2.842603965608001,0.6052953249999999,0.0,0.5735382970696613,11,8,0.0,0
statsbomb,1,43,2,2018,82,29,785,5472,92.98333333333333,90,2,5,6.7754077791718945,68.42105263157895,100.0,0.011111111111111112,32.909123498834916,1.9358307940491126,0.9679153970245563,1.9358307940491126,1.9358307940491126,0.47826972,0.0,0.4629246259186234,8,4,0.0,3
statsbomb,1,43,2,2018,82,29,785,5474,80.98333333333333,49,5,4,10.002058036633052,26.666666666666668,0.0,0.04081632653061224,27.783494546202924,3.334019345544351,0.0,1.111339781848117,0.0,0.10931223,0.0,0.12148302984153118,8,2,0.0,7
statsbomb,1,43,2,2018,82,29,785,5739,1.0,2,0,0,0.0,100.0,0.0,0.0,0.0,0.0,0.0,0.0,0.0,0.0,0.0,0.0,0,0,0.0,0
statsbomb,1,43,2,2018,83,19,771,,94.95,0,0,0,0.0,0.0,0.0,0.0,0.0,0.0,0.0,0.0,0.0,0.0,0.0,0.0,0,0,0.0,0
statsbomb,1,43,2,2018,83,19,771,20004,88.98333333333333,177,5,24,29.33133545607792,75.0,40.0,0.02824858757062147,40.45701442217644,5.057126802772055,2.022850721108822,2.022850721108822,8.091402884435288,0.009108837,0.0,0.00921290874695636,23,14,0.0,6
statsbomb,1,43,2,2018,83,19,771,2948,15.866666666666667,21,1,2,17.016806722689076,75.0,0.0,0.047619047619047616,45.3781512605042,0.0,0.0,0.0,5.672268907563025,0.0,0.0,0.0,4,2,0.0,2
statsbomb,1,43,2,2018,83,19,771,3009,73.98333333333333,120,4,3,8.51543140346925,67.74193548387096,66.66666666666666,0.03333333333333333,46.22662761883307,3.6494706014868212,0.0,2.432980400991214,6.082451002478035,1.20909485,0.0,1.470852036494706,19,3,0.0,7
statsbomb,1,43,2,2018,83,19,771,3099,92.95,43,1,21,21.301775147928993,65.21739130434783,0.0,0.0,0.0,0.9682625067240451,0.0,0.0,5.809575040344271,0.0,0.0,0.0,3,3,0.0,0
statsbomb,1,43,2,2018,83,19,771,3604,93.98333333333333,109,0,3,2.8728497960631314,64.0,66.66666666666666,0.01834862385321101,25.855648164568183,0.9576165986877105,0.9576165986877105,0.0,0.9576165986877105,0.17230202,0.0,0.16499927433942188,20,1,0.0,8
statsbomb,1,43,2,2018,83,19,771,3961,93.98333333333333,144,7,12,18.1947153750665,90.0,50.0,0.006944444444444444,48.83844653307324,5.745699592126263,1.915233197375421,6.703316190813974,7.660932789501684,0.0,0.0,0.0,18,9,0.0,8
statsbomb,1,43,2,2018,83,19,771,4375,92.98333333333333,119,3,9,11.614984764294675,69.44444444444444,0.0,0.025210084033613446,56.139093027424266,1.9358307940491126,0.0,1.9358307940491126,7.7433231761964505,0.039226346,0.0,0.03796778426241262,19,7,0.0,8
statsbomb,1,43,2,2018,83,19,771,5476,93.98333333333333,133,3,20,22.025181769817344,85.71428571428571,0.0,0.007518796992481203,22.98279836850505,1.915233197375421,0.0,4.788082993438553,0.9576165986877105,0.0,0.0,0.0,13,6,0.0,5
statsbomb,1,43,2,2018,83,19,771,5477,16.833333333333332,29,2,0,10.693069306930694,66.66666666666666,100.0,0.034482758620689655,37.42574257425743,10.693069306930694,0.0,10.693069306930694,0.0,0.07033722,0.0,0.3760603841584159,7,0,0.0,1
statsbomb,1,43,2,2018,83,19,771,5484,92.98333333333333,94,3,12,14.518730955368344,82.35294117647058,75.0,0.010638297872340425,18.39039254346657,1.9358307940491126,0.9679153970245563,0.9679153970245563,1.9358307940491126,0.169518572,0.0,0.16407963592041583,17,7,0.0,3
statsbomb,1,43,2,2018,83,19,771,5485,93.98333333333333,99,5,23,26.813264763255894,79.06976744186046,0.0,0.0,8.618549388189395,3.830466394750842,0.9576165986877105,0.9576165986877105,2.8728497960631314,0.10144759,0.0,0.0971478960808654,14,11,0.0,3
statsbomb,1,43,2,2018,83,19,771,5487,79.96666666666667,111,3,7,11.254689453939141,68.57142857142857,100.0,0.009009009009009009,33.76406836181742,3.3764068361817428,1.1254689453939142,0.0,4.501875781575657,0.092351041,0.0,0.10393822872030012,15,3,0.0,5
statsbomb,1,43,2,2018,83,19,771,5492,89.93333333333334,69,2,8,10.007412898443292,86.20689655172413,0.0,0.0,16.011860637509265,1.000741289844329,1.000741289844329,2.001482579688658,3.0022238695329873,0.0,0.0,0.0,4,2,0.0,3
statsbomb,1,43,2,2018,83,19,771,5737,2.45,2,0,0,0.0,0.0,0.0,0.0,73.46938775510203,0.0,0.0,0.0,0.0,0.0,0.0,0.0,0,0,0.0,2
statsbomb,1,43,2,2018,83,36,784,,94.95,0,0,0,0.0,0.0,0.0,0.0,0.0,0.0,0.0,0.0,0.0,0.0,0.0,0.0,0,0,0.0,0
statsbomb,1,43,2,2018,83,36,784,3632,92.98333333333333,157,6,4,9.679153970245563,73.17073170731707,70.0,0.03184713375796178,25.165800322638464,6.7754077791718945,0.0,0.0,6.7754077791718945,0.03232524,0.0,0.031288097508514065,20,3,0.0,5
statsbomb,1,43,2,2018,83,36,784,5518,93.96666666666667,180,1,29,28.733593472862715,70.51282051282051,0.0,0.005555555555555556,17.24015608371763,0.9577864490954239,1.9155728981908478,1.9155728981908478,6.7045051436679675,0.0,0.0,0.0,31,13,0.0,2
statsbomb,1,43,2,2018,83,36,784,5519,81.96666666666667,154,3,6,9.882065880439203,86.0,0.0,0.012987012987012988,14.274095160634404,5.490036600244002,0.0,2.1960146400976006,5.490036600244002,0.049853675,0.0,0.05473970008133387,24,5,0.0,0
statsbomb,1,43,2,2018,83,36,784,5521,94.98333333333333,164,1,22,21.793297069661342,85.0,100.0,0.006097560975609756,17.055623793648007,0.9475346552026671,0.9475346552026671,1.8950693104053342,1.8950693104053342,0.009771249,0.0,0.009258597052114405,26,9,0.0,1
statsbomb,1,43,2,2018,83,36,784,5525,93.96666666666667,154,2,13,14.366796736431358,78.57142857142857,0.0,0.006493506493506494,16.282369634622206,1.9155728981908478,0.0,0.0,4.7889322454771195,0.07359611199999999,0.0,0.0704893587797091,22,6,0.0,2
statsbomb,1,43,2,2018,83,36,784,5526,93.98333333333333,158,2,14,15.321865579003369,83.5820895522388,0.0,0.006329113924050633,25.855648164568183,2.8728497960631314,0.9576165986877105,1.915233197375421,10.533782585564817,0.032040957,0.0,0.030682952261039193,12,5,0.0,5
statsbomb,1,43,2,2018,83,36,784,5528,83.96666666666667,31,1,15,17.149662564509725,63.1578947368421,0.0,0.0,0.0,1.0718539102818578,0.0,0.0,6.431123461691147,0.0,0.0,0.0,4,3,0.0,0
statsbomb,1,43,2,2018,83,36,784,5529,45.983333333333334,81,1,9,19.572308807538963,83.33333333333334,0.0,0.012345679012345678,19.572308807538963,3.9144617615077926,0.0,3.9144617615077926,3.9144617615077926,0.002964359,0.0,0.00580193497644074,9,3,0.0,2
statsbomb,1,43,2,2018,83,36,784,5530,91.98333333333333,117,6,19,24.460953071208554,85.1063829787234,100.0,0.0,5.870628737090053,5.870628737090053,0.0,0.9784381228483421,4.89219061424171,0.0,0.0,0.0,11,11,0.0,2
statsbomb,1,43,2,2018,83,36,784,5531,46.96666666666667,56,0,1,1.9162526614620297,86.66666666666667,100.0,0.0,19.162526614620297,0.0,0.0,0.0,1.9162526614620297,0.046855085,0.0,0.08978618133427962,12,1,0.0,0
statsbomb,1,43,2,2018,83,36,784,5532,45.983333333333334,66,1,6,13.700616165277275,92.3076923076923,0.0,0.0,9.786154403769482,0.0,0.0,0.0,5.871692642261689,0.0,0.0,0.0,6,3,0.0,1
statsbomb,1,43,2,2018,83,36,784,5533,11.466666666666667,4,0,0,0.0,100.0,0.0,0.0,7.848837209302325,0.0,0.0,0.0,0.0,0.0,0.0,0.0,0,0,0.0,0
statsbomb,1,43,2,2018,83,36,784,5535,93.98333333333333,118,2,4,5.745699592126263,62.5,0.0,0.0423728813559322,7.660932789501684,0.9576165986877105,0.0,0.0,0.0,0.377814558,0.0,0.3618014919666608,13,3,0.0,0
statsbomb,1,43,2,2018,83,36,784,5738,48.88333333333333,90,3,10,23.934538015683604,94.11764705882352,100.0,0.0,3.6822366177974772,5.523354926696216,0.0,0.0,5.523354926696216,0.0,0.0,0.0,4,4,0.0,1
statsbomb,1,43,2,2018,84,1,776,,93.91666666666667,0,0,0,0.0,0.0,0.0,0.0,0.0,0.0,0.0,0.0,0.0,0.0,0.0,0.0,0,0,0.0,0
statsbomb,1,43,2,2018,84,1,776,3043,91.98333333333333,122,3,15,17.611886211270157,79.54545454545455,0.0,0.0,24.460953071208554,2.9353143685450265,0.0,0.9784381228483421,4.89219061424171,0.17304792800000002,0.0,0.16931668983511508,23,9,0.0,3
statsbomb,1,43,2,2018,84,1,776,3815,88.98333333333333,31,2,13,15.171380408316166,64.70588235294117,0.0,0.0,0.0,3.034276081663233,0.0,0.0,4.045701442217644,0.0,0.0,0.0,7,6,0.0,0
statsbomb,1,43,2,2018,84,1,776,3959,92.98333333333333,184,6,19,24.19788492561391,97.10144927536231,0.0,0.0,5.807492382147338,5.807492382147338,0.0,1.9358307940491126,3.8716615880982252,0.0,0.0,0.0,6,6,0.0,2
statsbomb,1,43,2,2018,84,1,776,4447,34.86666666666667,39,1,2,7.743785850860421,57.14285714285714,100.0,0.10256410256410256,7.743785850860421,0.0,0.0,0.0,2.581261950286807,0.041516952,0.0,0.10716612848948376,3,2,0.0,0
statsbomb,1,43,2,2018,84,1,776,4763,93.98333333333333,125,1,20,20.109948572441922,66.66666666666666,0.0,0.0,10.533782585564817,0.9576165986877105,0.9576165986877105,4.788082993438553,2.8728497960631314,0.0,0.0,0.0,23,8,0.0,1
statsbomb,1,43,2,2018,84,1,776,5516,91.98333333333333,157,3,7,9.78438122848342,89.74358974358975,60.0,0.044585987261146494,23.482514948360212,3.9137524913933683,0.0,0.0,5.870628737090053,0.145466969,0.0,0.14233042808479798,19,3,0.0,1
statsbomb,1,43,2,2018,84,1,776,5520,90.98333333333333,156,2,15,16.816266715515663,92.72727272727272,0.0,0.01282051282051282,9.891921597362154,1.9783843194724309,0.0,0.0,4.945960798681077,0.0,0.0,0.0,14,9,0.0,3
statsbomb,1,43,2,2018,84,1,776,5522,65.95,60,2,1,4.094010614101592,86.66666666666667,0.0,0.05,15.011372251705836,1.3646702047005306,0.0,0.0,1.3646702047005306,0.22533564,0.0,0.3075088339651251,13,2,0.0,1
statsbomb,1,43,2,2018,84,1,776,5524,89.96666666666667,109,0,11,11.004075583549463,78.04878048780488,100.0,0.009174311926605505,15.005557613931085,0.0,1.0003705075954057,1.0003705075954057,3.001111522786217,0.085312515,0.0,0.08534412393479067,14,4,0.0,2
statsbomb,1,43,2,2018,84,1,776,5527,88.98333333333333,134,1,14,15.171380408316166,76.59574468085107,100.0,0.007462686567164179,14.159955047761754,0.0,0.0,1.011425360554411,2.022850721108822,0.19775419,0.0,0.2000136029218955,16,9,0.0,2
statsbomb,1,43,2,2018,84,1,776,5534,92.98333333333333,181,4,35,37.7487004839577,89.85507246376811,0.0,0.0,4.839576985122782,1.9358307940491126,0.9679153970245563,0.0,1.9358307940491126,0.0,0.0,0.0,18,18,0.0,1
statsbomb,1,43,2,2018,84,1,776,5536,58.96666666666667,47,2,1,4.578858111927643,84.61538461538461,50.0,0.0425531914893617,33.578292820802716,4.578858111927643,1.5262860373092142,0.0,1.5262860373092142,0.0,0.0,0.0,8,1,0.0,2
statsbomb,1,43,2,2018,84,1,776,5732,24.75,22,0,0,0.0,80.0,100.0,0.09090909090909091,21.818181818181817,3.6363636363636362,0.0,0.0,0.0,0.14601058,0.0,0.5309475636363636,4,0,0.0,1
statsbomb,1,43,2,2018,84,7,792,,93.91666666666667,0,0,0,0.0,0.0,0.0,0.0,0.0,0.0,0.0,0.0,0.0,0.0,0.0,0.0,0,0,0.0,0
statsbomb,1,43,2,2018,84,7,792,3240,91.91666666666667,89,1,27,27.416137805983677,81.57894736842105,0.0,0.0,0.0,0.0,0.0,0.0,3.9165911151405255,0.0,0.0,0.0,2,0,0.0,0
statsbomb,1,43,2,2018,84,7,792,3281,88.98333333333333,146,3,9,12.137104326652931,84.48275862068965,0.0,0.00684931506849315,18.205656489979397,2.022850721108822,1.011425360554411,1.011425360554411,5.057126802772055,0.045065985,0.0,0.04558088012736468,17,2,0.0,3
statsbomb,1,43,2,2018,84,7,792,5478,87.96666666666667,136,4,18,22.508525956801815,92.98245614035088,0.0,0.0,7.161803713527851,6.138688897309587,0.0,0.0,4.092459264873058,0.0,0.0,0.0,8,7,0.0,2
statsbomb,1,43,2,2018,84,7,792,5479,90.98333333333333,182,3,16,18.794651034988092,80.59701492537313,66.66666666666666,0.005494505494505495,12.859498076570802,4.945960798681077,0.0,0.9891921597362154,4.945960798681077,0.0,0.0,0.0,19,8,0.0,3
statsbomb,1,43,2,2018,84,7,792,5481,90.98333333333333,124,10,4,13.848690236307016,76.66666666666667,50.0,0.03225806451612903,17.80545887525188,10.881113757098369,0.0,0.0,1.9783843194724309,0.390039513,0.0,0.3858240282469317,17,8,0.0,1
statsbomb,1,43,2,2018,84,7,792,5482,90.98333333333333,122,4,20,23.74061183366917,79.16666666666666,66.66666666666666,0.00819672131147541,21.762227514196738,3.9567686389448617,0.0,0.9891921597362154,4.945960798681077,0.0,0.0,0.0,24,7,0.0,4
statsbomb,1,43,2,2018,84,7,792,5483,23.966666666666665,36,4,0,15.02086230876217,85.71428571428571,100.0,0.027777777777777776,3.7552155771905427,15.02086230876217,0.0,0.0,3.7552155771905427,0.011980171,0.0,0.0449881247566064,7,2,0.0,0
statsbomb,1,43,2,2018,84,7,792,5486,73.98333333333333,72,1,2,3.6494706014868212,73.33333333333333,50.0,0.05555555555555555,35.27821581437261,2.432980400991214,0.0,0.0,0.0,0.0,0.0,0.0,7,1,0.0,3
statsbomb,1,43,2,2018,84,7,792,5488,90.98333333333333,239,3,33,35.61091775050376,92.22222222222223,0.0,0.0,7.9135372778897235,1.9783843194724309,0.9891921597362154,0.9891921597362154,0.9891921597362154,0.0,0.0,0.0,6,5,0.0,1
statsbomb,1,43,2,2018,84,7,792,5489,90.98333333333333,147,2,27,28.68657263235025,88.33333333333333,100.0,0.0,21.762227514196738,2.9675764792086463,0.0,0.0,1.9783843194724309,0.7835,0.0,0.7750320571533248,23,19,0.0,5
statsbomb,1,43,2,2018,84,7,792,5490,11.566666666666666,11,1,2,23.34293948126801,66.66666666666666,0.0,0.0,7.780979827089338,0.0,0.0,0.0,7.780979827089338,0.0,0.0,0.0,2,1,0.0,0
statsbomb,1,43,2,2018,84,7,792,5491,79.98333333333333,93,7,9,18.003750781412794,70.37037037037037,100.0,0.03225806451612903,15.753281933736195,12.377578662221296,0.0,0.0,6.751406543029798,0.084626772,0.0,0.09522495703271515,13,7,0.0,2
statsbomb,1,43,2,2018,84,7,792,5493,18.916666666666668,15,2,1,14.273127753303964,50.0,0.0,0.06666666666666667,14.273127753303964,9.515418502202643,0.0,0.0,4.757709251101321,0.0,0.0,0.0,3,3,0.0,0
statsbomb,1,43,2,2018,84,7,792,5494,67.95,89,4,5,11.920529801324502,72.41379310344827,0.0,0.0,15.894039735099337,5.298013245033112,1.324503311258278,0.0,1.324503311258278,0.09697945,0.0,0.1284496026490066,15,2,0.0,1
statsbomb,1,43,2,2018,85,8,781,,98.98333333333333,0,0,0,0.0,0.0,0.0,0.0,0.0,0.0,0.0,0.0,0.0,0.0,0.0,0.0,0,0,0.0,0
statsbomb,1,43,2,2018,85,8,781,3054,4.966666666666667,29,2,1,54.36241610738255,100.0,0.0,0.0,18.120805369127517,18.120805369127517,0.0,18.120805369127517,18.120805369127517,0.0,0.0,0.0,3,3,0.0,1
statsbomb,1,43,2,2018,85,8,781,3202,92.96666666666667,78,1,3,3.8723556830405164,72.22222222222221,100.0,0.038461538461538464,14.521333811401936,0.9680889207601291,0.9680889207601291,0.9680889207601291,0.9680889207601291,0.282811846,0.0,0.2737870147723198,13,1,0.0,3
statsbomb,1,43,2,2018,85,8,781,3295,94.98333333333333,230,5,24,27.478505000877345,94.18604651162791,0.0,0.0,1.8950693104053342,1.8950693104053342,0.9475346552026671,0.9475346552026671,4.737673276013336,0.127699577,0.0,0.12099977466222145,11,10,0.0,0
statsbomb,1,43,2,2018,85,8,781,3472,45.983333333333334,87,4,3,13.700616165277275,80.76923076923077,100.0,0.011494252873563218,9.786154403769482,5.871692642261689,0.0,0.0,3.9144617615077926,0.041545574,0.0,0.08131428039144618,10,2,0.0,1
statsbomb,1,43,2,2018,85,8,781,3501,94.98333333333333,260,13,27,37.901386208106686,91.86046511627907,0.0,0.0038461538461538464,14.213019828040007,7.580277241621337,0.0,0.0,6.6327425864186695,0.607448879,0.0,0.5755788641165116,42,19,0.0,1
statsbomb,1,43,2,2018,85,8,781,3535,29.983333333333334,40,3,2,15.008337965536409,91.66666666666666,100.0,0.0,21.011673151750973,6.003335186214564,3.001667593107282,0.0,9.005002779321845,0.15961349,0.0,0.4791066403557532,9,3,0.0,2
statsbomb,1,43,2,2018,85,8,781,4320,95.98333333333333,234,10,21,29.06754644903629,78.46153846153847,50.0,0.038461538461538464,6.5636395207501295,11.25195346414308,0.0,0.0,2.81298836603577,1.691641476,0.0,1.5861892638305262,48,10,0.0,2
statsbomb,1,43,2,2018,85,8,781,5539,96.98333333333333,270,6,32,35.263791029386496,84.5360824742268,100.0,0.0,12.063928510053275,2.7839835023199866,0.0,0.0,7.42395600618663,0.138317149,0.0,0.12835755363464513,29,16,0.0,2
statsbomb,1,43,2,2018,85,8,781,5542,67.98333333333333,104,3,4,9.26697720029419,92.10526315789474,100.0,0.009615384615384616,7.9431233145378775,3.9715616572689387,1.323853885756313,0.0,6.619269428781564,0.0,0.0,0.0,12,3,0.0,1
statsbomb,1,43,2,2018,85,8,781,5547,85.8,34,1,9,10.48951048951049,100.0,0.0,0.0,0.0,0.0,0.0,0.0,5.244755244755245,0.0,0.0,0.0,2,0,0.0,0
statsbomb,1,43,2,2018,85,8,781,5551,93.98333333333333,154,2,22,22.98279836850505,98.24561403508771,0.0,0.0,6.703316190813974,1.915233197375421,0.0,0.9576165986877105,2.8728497960631314,0.0,0.0,0.0,3,2,0.0,1
statsbomb,1,43,2,2018,85,8,781,5552,95.98333333333333,325,6,37,40.31949991317937,87.82608695652175,50.0,0.003076923076923077,9.3766278867859,5.62597673207154,0.0,0.0,8.43896509810731,0.0472848075,0.0,0.044337204462580306,51,24,0.0,1
statsbomb,1,43,2,2018,85,8,781,5837,51.916666666666664,113,6,6,20.802568218298553,81.81818181818183,80.0,0.017699115044247787,8.667736757624398,19.069020866773677,0.0,0.0,5.200642054574638,0.0,0.0,0.0,28,3,0.0,2
statsbomb,1,43,2,2018,85,8,781,5838,94.98333333333333,242,10,16,24.635901035269345,94.56521739130434,0.0,0.004132231404958678,11.370415862432004,3.7901386208106684,0.0,0.0,6.6327425864186695,0.0,0.0,0.0,27,14,0.0,2
statsbomb,1,43,2,2018,85,31,795,,98.91666666666667,0,0,0,0.0,0.0,0.0,0.0,0.0,0.0,0.0,0.0,0.0,0.0,0.0,0.0,0,0,0.0,0
statsbomb,1,43,2,2018,85,31,795,5582,79.98333333333333,70,1,14,16.878516357574494,80.0,100.0,0.0,12.377578662221296,1.1252344238382996,0.0,0.0,1.1252344238382996,0.09443319,0.0,0.10625947614086267,10,5,0.0,1
statsbomb,1,43,2,2018,85,31,795,5584,95.95,32,0,8,7.503908285565398,75.0,0.0,0.0,3.751954142782699,0.0,0.0,0.0,0.9379885356956748,0.0,0.0,0.0,4,4,0.0,1
statsbomb,1,43,2,2018,85,31,795,5586,53.88333333333333,44,1,1,3.3405505722239406,61.53846153846154,0.0,0.022727272727272728,23.383854005567585,1.6702752861119703,1.6702752861119703,0.0,5.010825858335911,0.0,0.0,0.0,5,0,0.0,0
statsbomb,1,43,2,2018,85,31,795,5590,96.96666666666667,52,0,6,5.5689240288759025,69.56521739130434,0.0,0.0,11.137848057751805,0.0,0.9281540048126504,0.0,2.7844620144379513,0.0,0.0,0.0,4,2,0.0,0
statsbomb,1,43,2,2018,85,31,795,5592,95.98333333333333,119,1,9,9.3766278867859,66.66666666666666,66.66666666666666,0.025210084033613446,15.00260461885744,1.87532557735718,0.93766278867859,3.75065115471436,7.50130230942872,0.0,0.0,0.0,13,6,0.0,2
statsbomb,1,43,2,2018,85,31,795,5593,40.9,24,1,2,6.601466992665037,44.44444444444444,0.0,0.041666666666666664,19.804400977995112,6.601466992665037,0.0,0.0,6.601466992665037,0.0,0.0,0.0,5,2,0.0,0
statsbomb,1,43,2,2018,85,31,795,5595,97.98333333333333,85,3,4,6.429664908998129,80.95238095238095,100.0,0.03529411764705882,30.311277428134037,5.511141350569825,0.0,0.0,4.592617792141521,0.0,0.0,0.0,9,3,0.0,1
statsbomb,1,43,2,2018,85,31,795,5597,98.98333333333333,59,4,30,30.91429533591514,58.06451612903226,0.0,0.0,0.0,0.9092439804680923,0.0,0.0,8.18319582421283,0.0,0.0,0.0,14,9,0.0,0
statsbomb,1,43,2,2018,85,31,795,5598,92.98333333333333,55,1,10,10.64706936727012,75.0,100.0,0.01818181818181818,1.9358307940491126,0.9679153970245563,0.0,0.9679153970245563,0.9679153970245563,0.04993162,0.0,0.04832958379637928,6,3,0.0,0
statsbomb,1,43,2,2018,85,31,795,5599,82.96666666666667,69,2,6,8.678184009642427,76.66666666666667,0.0,0.028985507246376812,15.186822016874247,1.0847730012053034,0.0,0.0,7.593411008437124,0.0,0.0,0.0,5,2,0.0,4
statsbomb,1,43,2,2018,85,31,795,5600,15.883333333333333,8,0,1,5.6663168940188875,75.0,0.0,0.0,5.6663168940188875,0.0,0.0,0.0,0.0,0.0,0.0,0.0,0,0,0.0,0
statsbomb,1,43,2,2018,85,31,795,5602,73.98333333333333,72,4,12,19.463843207929713,73.07692307692307,100.0,0.013888888888888888,10.948411804460463,3.6494706014868212,0.0,2.432980400991214,8.51543140346925,0.007548474,0.0,0.009182644649695877,14,7,0.0,1
statsbomb,1,43,2,2018,85,31,795,5836,96.95,65,1,5,5.56988138215575,88.46153846153845,0.0,0.015384615384615385,18.5662712738525,0.0,0.0,0.9283135636926251,0.9283135636926251,0.006780131,0.0,0.006294087570912842,12,5,0.0,3
statsbomb,1,43,2,2018,85,31,795,5839,12.916666666666666,14,0,1,6.967741935483871,60.0,0.0,0.07142857142857142,20.903225806451612,6.967741935483871,0.0,0.0,6.967741935483871,0.0,0.0,0.0,1,1,0.0,0
statsbomb,1,43,2,2018,86,34,775,,96.93333333333334,0,0,0,0.0,0.0,0.0,0.0,0.0,0.0,0.0,0.0,0.0,0.0,0.0,0.0,0,0,0.0,0
statsbomb,1,43,2,2018,86,34,775,3338,95.98333333333333,203,4,28,30.00520923771488,79.26829268292683,0.0,0.014778325123152709,15.00260461885744,4.68831394339295,0.93766278867859,0.93766278867859,11.25195346414308,0.039077105,0.0,0.036641147247786075,20,11,0.0,2
statsbomb,1,43,2,2018,86,34,775,3647,6.7,12,0,1,13.432835820895521,66.66666666666666,0.0,0.08333333333333333,26.865671641791042,0.0,0.0,0.0,0.0,0.061611153,0.0,0.8276125029850746,1,1,0.0,0
statsbomb,1,43,2,2018,86,34,775,3708,84.96666666666667,114,3,5,8.473911337779521,64.51612903225806,50.0,0.03508771929824561,10.5923891722244,1.0592389172224401,0.0,0.0,1.0592389172224401,0.072348099,0.0,0.0766339220478619,17,2,0.0,0
statsbomb,1,43,2,2018,86,34,775,3963,89.98333333333333,152,8,12,20.003704389701795,87.03703703703704,100.0,0.006578947368421052,10.001852194850898,6.001111316910539,0.0,0.0,6.001111316910539,0.092038618,0.0,0.09205566534543434,29,10,0.0,1
statsbomb,1,43,2,2018,86,34,775,5454,91.96666666666667,28,1,14,14.679231605654222,46.666666666666664,0.0,0.0,0.0,1.9572308807538963,0.0,0.0,3.9144617615077926,0.0,0.0,0.0,2,2,0.0,0
statsbomb,1,43,2,2018,86,34,775,5455,95.96666666666667,109,0,23,21.56998957971518,81.81818181818183,0.0,0.0,3.75130253560264,0.0,0.0,0.93782563390066,1.87565126780132,0.12391798700000001,0.0,0.11621346470996875,7,7,0.0,1
statsbomb,1,43,2,2018,86,34,775,5458,12.966666666666667,14,2,1,20.822622107969153,75.0,100.0,0.07142857142857142,6.940874035989717,6.940874035989717,0.0,0.0,13.881748071979434,0.0,0.0,0.0,3,1,0.0,1
statsbomb,1,43,2,2018,86,34,775,5462,45.983333333333334,43,1,2,5.871692642261689,82.35294117647058,0.0,0.0,11.743385284523377,1.9572308807538963,0.0,1.9572308807538963,3.9144617615077926,0.0,0.0,0.0,4,1,0.0,1
statsbomb,1,43,2,2018,86,34,775,5466,89.98333333333333,155,3,14,17.003148731246526,77.35849056603774,50.0,0.025806451612903226,14.002593072791257,4.000740877940359,0.0,0.0,8.001481755880718,0.087990602,0.0,0.08800689957399518,20,11,0.0,3
statsbomb,1,43,2,2018,86,34,775,5467,89.98333333333333,126,3,23,26.004815706612334,80.0,0.0,0.0,14.002593072791257,2.0003704389701795,0.0,1.0001852194850898,4.000740877940359,0.07888537,0.0,0.07889998110761251,7,5,0.0,2
statsbomb,1,43,2,2018,86,34,775,5473,95.98333333333333,121,2,2,3.75065115471436,82.75862068965517,60.0,0.03305785123966942,15.00260461885744,3.75065115471436,0.0,0.0,0.93766278867859,0.7121196320000001,0.0,0.6677280800138913,20,1,0.0,3
statsbomb,1,43,2,2018,86,34,775,5475,95.98333333333333,178,2,25,25.31689529432193,84.50704225352112,100.0,0.0,17.81559298489321,1.87532557735718,0.93766278867859,0.93766278867859,5.62597673207154,0.0,0.0,0.0,23,17,0.0,3
statsbomb,1,43,2,2018,86,34,775,5830,95.96666666666667,106,1,24,23.4456408475165,67.3913043478261,0.0,0.0,7.50260507120528,0.0,0.0,2.81347690170198,5.62695380340396,0.04417076,0.0,0.04142447099687392,9,6,0.0,2
statsbomb,1,43,2,2018,86,34,775,5832,49.983333333333334,69,3,2,9.003001000333445,92.0,0.0,0.014492753623188406,21.60720240080027,3.601200400133378,5.401800600200067,0.0,1.800600200066689,0.0,0.0,0.0,6,2,0.0,2
statsbomb,1,43,2,2018,86,35,793,,96.85,0,0,0,0.0,0.0,0.0,0.0,0.0,0.0,0.0,0.0,0.0,0.0,0.0,0.0,0,0,0.0,0
statsbomb,1,43,2,2018,86,35,793,3944,95.98333333333333,150,4,17,19.69091856225039,69.38775510204081,66.66666666666666,0.013333333333333334,48.75846501128668,3.75065115471436,0.0,0.93766278867859,6.5636395207501295,0.9390215869999999,0.0,0.8804855998958151,30,10,0.0,8
statsbomb,1,43,2,2018,86,35,793,5495,95.98333333333333,91,5,6,10.31429067546449,70.0,0.0,0.02197802197802198,18.7532557735718,3.75065115471436,0.0,0.93766278867859,1.87532557735718,0.043580372,0.0,0.04086369314117034,19,6,0.0,0
statsbomb,1,43,2,2018,86,35,793,5498,96.96666666666667,41,0,23,21.34754211069096,75.0,0.0,0.0,0.0,0.0,0.0,0.0,5.5689240288759025,0.0,0.0,0.0,9,7,0.0,0
statsbomb,1,43,2,2018,86,35,793,5500,25.916666666666668,26,0,2,6.945337620578778,57.14285714285714,0.0,0.038461538461538464,45.144694533762056,0.0,0.0,0.0,0.0,0.0,0.0,0.0,5,1,0.0,2
statsbomb,1,43,2,2018,86,35,793,5501,92.98333333333333,91,2,21,22.262054131564796,47.368421052631575,100.0,0.0,18.39039254346657,1.9358307940491126,0.0,0.9679153970245563,3.8716615880982252,0.0,0.0,0.0,17,8,0.0,1
statsbomb,1,43,2,2018,86,35,793,5502,9.683333333333334,13,2,1,27.882960413080895,100.0,0.0,0.07692307692307693,18.588640275387263,18.588640275387263,0.0,0.0,9.294320137693632,0.0,0.0,0.0,2,1,0.0,0
statsbomb,1,43,2,2018,86,35,793,5505,95.98333333333333,76,1,21,20.62858135092898,60.60606060606061,0.0,0.013157894736842105,15.00260461885744,0.93766278867859,0.0,0.0,4.68831394339295,0.0,0.0,0.0,12,5,0.0,2
statsbomb,1,43,2,2018,86,35,793,5508,88.98333333333333,93,8,19,27.3084847349691,70.0,50.0,0.010752688172043012,11.125678966098521,7.079977523880877,0.0,1.011425360554411,2.022850721108822,0.0,0.0,0.0,25,17,0.0,1
statsbomb,1,43,2,2018,86,35,793,5509,92.96666666666667,70,3,5,7.744711366081033,89.47368421052632,50.0,0.07142857142857142,34.85120114736465,0.9680889207601291,0.9680889207601291,0.9680889207601291,4.840444603800646,0.093423405,0.0,0.09044216332018645,11,5,0.0,2
statsbomb,1,43,2,2018,86,35,793,5511,64.96666666666667,18,0,8,11.082606464853772,50.0,0.0,0.0,11.082606464853772,0.0,0.0,1.3853258081067215,2.770651616213443,0.0,0.0,0.0,4,3,0.0,2
statsbomb,1,43,2,2018,86,35,793,5514,92.98333333333333,85,0,0,0.0,80.0,0.0,0.011764705882352941,32.909123498834916,0.9679153970245563,0.0,0.0,1.9358307940491126,0.35217955,0.0,0.34088000896217957,8,0,0.0,3
statsbomb,1,43,2,2018,86,35,793,5515,86.98333333333333,83,4,15,19.658938493964364,63.63636363636363,100.0,0.0,34.144472121096,3.1040429200996362,1.0346809733665454,1.0346809733665454,7.242766813565818,0.0,0.0,0.0,17,6,0.0,5
statsbomb,1,43,2,2018,86,35,793,5829,70.98333333333333,75,1,4,6.339516318384597,77.77777777777779,0.0,0.02666666666666667,39.3050011739845,2.535806527353839,0.0,0.0,2.535806527353839,0.045343757,0.0,0.05749149748767316,9,3,0.0,6
statsbomb,1,43,2,2018,86,35,793,5831,32.95,19,0,8,21.851289833080422,81.81818181818183,0.0,0.0,27.314112291350526,0.0,0.0,0.0,2.7314112291350527,0.078613296,0.0,0.21472523945371771,2,2,0.0,1
statsbomb,1,43,2,2018,87,6,773,,95.98333333333333,0,0,0,0.0,0.0,0.0,0.0,0.0,0.0,0.0,0.0,0.0,0.0,0.0,0.0,0,0,0.0,0
statsbomb,1,43,2,2018,87,6,773,3500,92.98333333333333,234,4,26,29.03746191073669,87.77777777777777,0.0,0.004273504273504274,10.64706936727012,4.839576985122782,0.0,0.0,12.582900161319232,0.0161626105,0.0,0.015644039559060765,23,13,0.0,2
statsbomb,1,43,2,2018,87,6,773,3533,95.98333333333333,188,10,12,20.62858135092898,88.0,66.66666666666666,0.026595744680851064,12.18961625282167,11.25195346414308,0.0,0.93766278867859,6.5636395207501295,0.556112752,0.0,0.5214462338600451,28,12,0.0,1
statsbomb,1,43,2,2018,87,6,773,5537,89.98333333333333,179,6,26,32.00592702352287,84.72222222222221,0.0,0.0,7.001296536395628,5.000926097425449,0.0,2.0003704389701795,7.001296536395628,0.0712261,0.0,0.07123929246156695,13,10,0.0,2
statsbomb,1,43,2,2018,87,6,773,5540,94.96666666666667,171,1,7,7.581607581607582,96.7741935483871,100.0,0.0,27.483327483327482,2.843102843102843,0.0,0.0,3.790803790803791,0.0,0.0,0.0,2,0,0.0,5
statsbomb,1,43,2,2018,87,6,773,5541,94.98333333333333,142,1,19,18.950693104053343,88.23529411764706,25.0,0.04225352112676056,12.317950517634673,2.842603965608001,0.0,0.9475346552026671,3.7901386208106684,0.025827019,0.0,0.024471995543077732,16,5,0.0,1
statsbomb,1,43,2,2018,87,6,773,5543,45.85,19,0,0,0.0,25.0,0.0,0.0,9.814612868047982,0.0,0.0,0.0,0.0,0.0,0.0,0.0,2,0,0.0,1
statsbomb,1,43,2,2018,87,6,773,5544,91.98333333333333,122,1,14,14.676571842725131,79.16666666666666,50.0,0.01639344262295082,15.655009965573473,2.9353143685450265,0.0,0.9784381228483421,1.9568762456966842,0.06203559,0.0,0.060697986229389385,24,3,0.0,4
statsbomb,1,43,2,2018,87,6,773,5545,21.866666666666667,45,4,3,28.8109756097561,70.0,40.0,0.06666666666666667,16.463414634146343,8.231707317073171,0.0,0.0,12.347560975609756,0.027681582,0.0,0.1139333405487805,7,4,0.0,0
statsbomb,1,43,2,2018,87,6,773,5548,92.96666666666667,123,4,7,10.64897812836142,81.08108108108108,25.0,0.04065040650406504,11.617067049121548,2.904266762280387,0.0,0.0,3.8723556830405164,0.0,0.0,0.0,14,5,0.0,1
statsbomb,1,43,2,2018,87,6,773,5549,95.98333333333333,190,8,21,27.19222087167911,91.30434782608695,100.0,0.0,10.31429067546449,6.5636395207501295,0.0,1.87532557735718,3.75065115471436,0.175208666,0.0,0.16428664636221565,16,13,0.0,4
statsbomb,1,43,2,2018,87,6,773,5550,90.96666666666667,81,2,23,24.734334921216565,68.57142857142857,0.0,0.0,0.0,0.9893733968486625,0.0,0.0,3.95749358739465,0.0,0.0,0.0,4,3,0.0,0
statsbomb,1,43,2,2018,87,6,773,5554,72.98333333333333,73,3,3,7.398949531856588,80.0,0.0,0.0684931506849315,14.797899063713176,3.699474765928294,2.4663165106188627,1.2331582553094314,1.2331582553094314,0.39431401,0.0,0.48625157661566565,7,3,0.0,3
statsbomb,1,43,2,2018,87,6,773,5834,50.96666666666667,35,1,2,5.297580117724003,100.0,0.0,0.05714285714285714,24.72204054937868,1.7658600392413342,0.0,0.0,0.0,0.22874036,0.0,0.4039234610856769,4,2,0.0,1
statsbomb,1,43,2,2018,87,5,786,,95.93333333333334,0,0,0,0.0,0.0,0.0,0.0,0.0,0.0,0.0,0.0,0.0,0.0,0.0,0.0,0,0,0.0,0
statsbomb,1,43,2,2018,87,5,786,3381,95.98333333333333,97,7,13,18.7532557735718,77.14285714285715,0.0,0.020618556701030927,30.00520923771488,4.68831394339295,0.93766278867859,0.0,6.5636395207501295,0.07350789,0.0,0.06892561312727905,15,9,0.0,4
statsbomb,1,43,2,2018,87,5,786,3455,80.98333333333333,61,0,9,10.002058036633052,86.95652173913044,0.0,0.03278688524590164,27.783494546202924,0.0,0.0,1.111339781848117,3.334019345544351,0.0,0.0,0.0,7,4,0.0,4
statsbomb,1,43,2,2018,87,5,786,3831,93.98333333333333,81,5,9,13.406632381627947,62.5,50.0,0.037037037037037035,35.43181415144529,3.830466394750842,0.0,0.9576165986877105,2.8728497960631314,0.09354683,0.0,0.08958199716261749,21,5,0.0,6
statsbomb,1,43,2,2018,87,5,786,4269,93.98333333333333,112,1,3,3.830466394750842,73.68421052631578,33.33333333333333,0.044642857142857144,45.9655967370101,0.9576165986877105,0.9576165986877105,0.0,0.9576165986877105,0.8084352650000001,0.0,0.774171028728498,13,2,0.0,3
statsbomb,1,43,2,2018,87,5,786,5580,92.98333333333333,105,6,19,24.19788492561391,77.5,0.0,0.01904761904761905,11.614984764294675,5.807492382147338,0.0,0.9679153970245563,1.9358307940491126,0.0,0.0,0.0,11,10,0.0,3
statsbomb,1,43,2,2018,87,5,786,5587,30.883333333333333,39,1,3,11.656772800863465,90.9090909090909,100.0,0.02564102564102564,29.14193200215866,5.828386400431732,2.914193200215866,0.0,0.0,0.052877877,0.0,0.15409634959525093,8,2,0.0,3
statsbomb,1,43,2,2018,87,5,786,5589,93.98333333333333,112,2,10,11.491399184252526,77.77777777777779,33.33333333333333,0.0625,59.37222911863805,2.8728497960631314,0.0,0.0,4.788082993438553,0.035976026,0.0,0.03445123965242064,15,4,0.0,2
statsbomb,1,43,2,2018,87,5,786,5591,63.983333333333334,73,3,5,11.252930450638187,57.89473684210527,50.0,0.0273972602739726,43.605105496222976,2.813232612659547,1.4066163063297734,1.4066163063297734,2.813232612659547,0.08914139,0.0,0.1253877327429018,13,4,0.0,5
statsbomb,1,43,2,2018,87,5,786,5594,94.98333333333333,90,1,23,22.74083172486401,78.04878048780488,100.0,0.0,12.317950517634673,1.8950693104053342,0.9475346552026671,1.8950693104053342,1.8950693104053342,0.0,0.0,0.0,17,10,0.0,0
statsbomb,1,43,2,2018,87,5,786,5596,95.93333333333334,93,4,19,21.577484364141764,75.55555555555556,0.0,0.021505376344086023,13.134120917303683,3.7526059763724806,0.0,4.6907574704656,4.6907574704656,0.0,0.0,0.0,23,8,0.0,2
statsbomb,1,43,2,2018,87,5,786,5601,92.93333333333334,61,2,23,24.21090387374462,81.81818181818183,0.0,0.0,0.0,2.9053084648493543,0.0,0.0,3.873744619799139,0.0,0.0,0.0,5,5,0.0,0
statsbomb,1,43,2,2018,87,5,786,5603,81.98333333333333,65,3,6,9.880056922138646,92.5925925925926,0.0,0.0,9.880056922138646,2.195568204919699,0.0,2.195568204919699,4.391136409839398,0.0,0.0,0.0,1,0,0.0,1
statsbomb,1,43,2,2018,87,5,786,5833,13.85,8,1,1,12.99638989169675,33.33333333333333,0.0,0.125,19.494584837545126,6.498194945848375,0.0,0.0,6.498194945848375,0.0,0.0,0.0,1,1,0.0,0
statsbomb,1,43,2,2018,88,16,770,,97.98333333333333,0,0,0,0.0,0.0,0.0,0.0,0.0,0.0,0.0,0.0,0.0,0.0,0.0,0.0,0,0,0.0,0
statsbomb,1,43,2,2018,88,16,770,10287,66.98333333333333,155,9,12,28.215974122916148,92.15686274509804,0.0,0.0,21.49788504603135,6.718089076884796,1.3436178153769593,0.0,0.0,0.021909917,0.0,0.029438554814630504,21,7,0.0,2
statsbomb,1,43,2,2018,88,16,770,3167,92.98333333333333,231,2,13,14.518730955368344,93.02325581395348,0.0,0.0,11.614984764294675,0.9679153970245563,0.0,0.0,4.839576985122782,0.0,0.0,0.0,12,8,0.0,0
statsbomb,1,43,2,2018,88,16,770,3186,45.96666666666667,89,1,3,7.8317621464829585,85.71428571428571,0.0,0.011235955056179775,13.705583756345177,7.8317621464829585,0.0,0.0,0.0,0.2657264,0.0,0.5202764902102972,14,0,0.0,2
statsbomb,1,43,2,2018,88,16,770,5555,5.666666666666667,22,1,1,31.76470588235294,80.0,0.0,0.09090909090909091,0.0,31.76470588235294,0.0,0.0,15.88235294117647,0.064983755,0.0,1.0320949323529411,4,0,0.0,0
statsbomb,1,43,2,2018,88,16,770,5557,94.95,111,6,4,9.47867298578199,64.70588235294117,100.0,0.018018018018018018,20.85308056872038,7.5829383886255926,0.0,0.0,2.843601895734597,0.13043028,0.0,0.12363059715639811,25,2,0.0,2
statsbomb,1,43,2,2018,88,16,770,5559,94.98333333333333,161,4,6,9.475346552026672,81.48148148148148,50.0,0.012422360248447204,24.635901035269345,2.842603965608001,0.0,0.0,3.7901386208106684,0.18484493100000002,0.0,0.1751469779610458,39,5,0.0,0
statsbomb,1,43,2,2018,88,16,770,5562,96.98333333333333,150,2,2,3.711978003093315,74.46808510638297,100.0,0.006666666666666667,19.487884516239905,1.8559890015466576,0.0,0.0,0.9279945007733288,0.052033167,0.0,0.04828649283382024,37,1,0.0,3
statsbomb,1,43,2,2018,88,16,770,5565,40.88333333333333,21,0,1,2.2013860578883,50.0,0.0,0.047619047619047616,8.8055442315532,0.0,0.0,0.0,0.0,0.16166209,0.0,0.35588067101508364,5,0,0.0,2
statsbomb,1,43,2,2018,88,16,770,5570,95.96666666666667,67,0,25,23.4456408475165,90.0,0.0,0.0,0.0,0.0,0.0,0.0,8.440430705105939,0.0,0.0,0.0,2,2,0.0,0
statsbomb,1,43,2,2018,88,16,770,5574,94.98333333333333,358,17,48,61.58975258817336,91.80327868852459,100.0,0.002793296089385475,19.89822775925601,8.527811896824003,1.8950693104053342,0.0,5.685207931216002,0.191603084,0.0,0.18155056213370768,76,36,0.0,3
statsbomb,1,43,2,2018,88,16,770,5578,80.98333333333333,293,29,53,91.12986211154559,92.23300970873787,0.0,0.0,10.002058036633052,20.004116073266104,0.0,2.222679563696234,3.334019345544351,0.034103792,0.0,0.03790090076147356,53,41,0.0,0
statsbomb,1,43,2,2018,88,16,770,5579,93.98333333333333,245,16,21,35.43181415144529,82.35294117647058,100.0,0.0,13.406632381627947,18.1947153750665,0.9576165986877105,0.9576165986877105,5.745699592126263,0.0,0.0,0.0,51,10,0.0,2
statsbomb,1,43,2,2018,88,16,770,6039,30.983333333333334,46,1,2,8.714362560516406,100.0,0.0,0.0,14.523937600860677,0.0,0.0,0.0,5.809575040344271,0.027065128,0.0,0.07861844604626143,6,2,0.0,0
statsbomb,1,43,2,2018,88,16,770,6040,86.96666666666667,132,0,3,3.10463779225757,90.0,0.0,0.007575757575757576,12.41855116903028,0.0,0.0,0.0,4.1395170563434265,0.183722288,0.0,0.19013038620160982,13,2,0.0,2
statsbomb,1,43,2,2018,88,38,790,,97.85,0,0,0,0.0,0.0,0.0,0.0,0.0,0.0,0.0,0.0,0.0,0.0,0.0,0.0,0,0,0.0,0
statsbomb,1,43,2,2018,88,38,790,11098,89.98333333333333,64,2,4,6.001111316910539,88.88888888888889,0.0,0.03125,28.005186145582513,2.0003704389701795,0.0,1.0001852194850898,0.0,0.559676706,0.0,0.559780369031302,5,0,0.0,2
statsbomb,1,43,2,2018,88,38,790,19988,20.916666666666668,10,1,1,8.605577689243027,75.0,0.0,0.2,25.816733067729082,4.302788844621514,0.0,0.0,8.605577689243027,0.0,0.0,0.0,2,0,0.0,0
statsbomb,1,43,2,2018,88,38,790,3702,63.86666666666667,48,0,8,11.273486430062631,78.94736842105263,0.0,0.0,4.227557411273486,1.4091858037578289,0.0,1.4091858037578289,2.8183716075156577,0.0,0.0,0.0,6,5,0.0,1
statsbomb,1,43,2,2018,88,38,790,4417,77.98333333333333,57,0,6,6.9245565291729,62.5,0.0,0.03508771929824561,31.160504381278052,0.0,0.0,0.0,2.3081855097243,0.10376687,0.0,0.11975659286172259,7,2,0.0,3
statsbomb,1,43,2,2018,88,38,790,5607,89.95,31,1,9,10.00555864369094,80.0,0.0,0.0,5.00277932184547,2.001111728738188,0.0,0.0,0.0,0.12888776,0.0,0.12895940411339632,4,4,0.0,2
statsbomb,1,43,2,2018,88,38,790,5612,90.96666666666667,51,0,16,15.8299743495786,73.33333333333333,0.0,0.0,9.893733968486625,0.0,0.0,2.9681201905459877,0.9893733968486625,0.0,0.0,0.0,12,2,0.0,2
statsbomb,1,43,2,2018,88,38,790,5613,73.98333333333333,55,1,7,9.731921603964857,68.42105263157895,25.0,0.07272727272727272,34.061725613877,0.0,0.0,1.216490200495607,4.865960801982428,0.0,0.0,0.0,9,3,0.0,4
statsbomb,1,43,2,2018,88,38,790,5615,5.866666666666666,5,0,0,0.0,100.0,0.0,0.0,30.681818181818183,0.0,0.0,0.0,0.0,0.0,0.0,0.0,0,0,0.0,0
statsbomb,1,43,2,2018,88,38,790,5617,95.98333333333333,69,0,14,13.127279041500259,83.87096774193549,0.0,0.014492753623188406,11.25195346414308,0.0,0.0,0.0,5.62597673207154,0.0,0.0,0.0,9,7,0.0,0
statsbomb,1,43,2,2018,88,38,790,5621,95.98333333333333,67,3,9,11.25195346414308,66.66666666666666,0.0,0.014925373134328358,9.3766278867859,4.68831394339295,0.93766278867859,0.93766278867859,3.75065115471436,0.0,0.0,0.0,12,2,0.0,0
statsbomb,1,43,2,2018,88,38,790,5622,92.96666666666667,28,0,17,16.457511652922193,44.44444444444444,0.0,0.0,0.0,0.0,0.0,0.0,0.0,0.0,0.0,0.0,11,10,0.0,0
statsbomb,1,43,2,2018,88,38,790,5624,94.95,57,5,11,15.165876777251185,61.904761904761905,100.0,0.0,24.644549763033176,3.7914691943127963,0.0,0.0,0.9478672985781991,0.0,0.0,0.0,11,8,0.0,4
statsbomb,1,43,2,2018,88,38,790,5625,85.98333333333333,55,4,4,8.373715836402404,76.92307692307693,50.0,0.07272727272727272,29.308005427408414,2.093428959100601,0.0,2.093428959100601,3.1401434386509015,0.009230858,0.0,0.009662072727272727,6,5,0.0,2
statsbomb,1,43,2,2018,88,38,790,6038,15.833333333333334,9,0,2,11.368421052631579,100.0,0.0,0.0,51.1578947368421,5.684210526315789,0.0,0.0,0.0,0.013604501,0.0,0.07733084778947368,1,1,0.0,0
statsbomb,1,43,2,2018,89,2,777,,93.98333333333333,0,0,0,0.0,0.0,0.0,0.0,0.0,0.0,0.0,0.0,0.0,0.0,0.0,0.0,0,0,0.0,0
statsbomb,1,43,2,2018,89,2,777,2974,91.98333333333333,111,4,11,14.676571842725131,86.48648648648648,50.0,0.02702702702702703,30.331581808298605,2.9353143685450265,0.9784381228483421,0.0,4.89219061424171,0.034373691,0.0,0.03363252969740895,18,7,0.0,2
statsbomb,1,43,2,2018,89,2,777,3196,93.98333333333333,93,5,7,11.491399184252526,70.37037037037037,0.0,0.021505376344086023,33.516580954069866,2.8728497960631314,0.0,0.9576165986877105,0.9576165986877105,0.5079133386,0.0,0.4863862437382514,19,5,0.0,5
statsbomb,1,43,2,2018,89,2,777,3557,31.983333333333334,48,2,3,14.06982803543512,71.42857142857143,0.0,0.020833333333333332,47.837415320479415,2.8139656070870243,0.0,0.0,2.8139656070870243,0.07565807,0.0,0.21289920687858255,8,4,0.0,1
statsbomb,1,43,2,2018,89,2,777,3767,92.98333333333333,132,5,16,20.326223337515682,90.38461538461539,0.0,0.0,45.492023660154146,4.839576985122782,0.0,1.9358307940491126,5.807492382147338,0.0,0.0,0.0,19,7,0.0,10
statsbomb,1,43,2,2018,89,2,777,4826,50.93333333333333,39,1,8,15.903141361256546,56.25,0.0,0.0,21.204188481675395,0.0,1.7670157068062828,3.5340314136125657,3.5340314136125657,0.0,0.0,0.0,5,3,0.0,1
statsbomb,1,43,2,2018,89,2,777,5647,86.98333333333333,172,4,22,26.90170530753018,85.71428571428571,0.0,0.005813953488372093,21.728300440697453,5.173404866832727,1.0346809733665454,1.0346809733665454,1.0346809733665454,0.0,0.0,0.0,28,10,0.0,4
statsbomb,1,43,2,2018,89,2,777,5648,91.98333333333333,36,0,15,14.676571842725131,71.42857142857143,0.0,0.0,2.9353143685450265,0.0,0.0,0.0,5.870628737090053,0.0,0.0,0.0,1,1,0.0,1
statsbomb,1,43,2,2018,89,2,777,5649,91.95,111,5,9,13.70309951060359,90.32258064516128,100.0,0.018018018018018018,28.38499184339315,6.851549755301795,0.0,0.0,0.9787928221859706,0.17057857499999998,0.0,0.16696108482871125,19,6,0.0,5
statsbomb,1,43,2,2018,89,2,777,5650,58.983333333333334,152,4,16,30.51709522463973,85.0,100.0,0.0,38.14636903079966,4.577564283695959,0.0,1.5258547612319864,9.155128567391918,0.088869738,0.0,0.13560231285673918,18,10,0.0,3
statsbomb,1,43,2,2018,89,2,777,5651,85.98333333333333,89,4,23,28.261290947858114,92.3076923076923,0.0,0.011235955056179775,15.700717193254508,2.093428959100601,0.0,1.0467144795503005,2.093428959100601,0.0,0.0,0.0,2,1,0.0,3
statsbomb,1,43,2,2018,89,2,777,5654,89.96666666666667,83,4,8,12.004446091144867,69.23076923076923,0.0,0.012048192771084338,15.005557613931085,2.0007410151908114,0.0,1.0003705075954057,1.0003705075954057,0.15169461,0.0,0.1517508140051871,11,4,0.0,1
statsbomb,1,43,2,2018,89,2,777,5655,22.916666666666668,23,2,4,23.563636363636363,77.77777777777779,0.0,0.0,19.636363636363637,7.8545454545454545,0.0,0.0,3.9272727272727272,0.15909006,0.0,0.6247900538181819,2,2,0.0,0
statsbomb,1,43,2,2018,89,2,777,5656,40.983333333333334,41,1,8,19.764131760878406,84.21052631578947,0.0,0.0,13.176087840585604,2.1960146400976006,0.0,0.0,4.392029280195201,0.0,0.0,0.0,4,2,0.0,1
statsbomb,1,43,2,2018,89,2,777,5936,69.98333333333333,116,8,14,28.292450583472256,73.91304347826086,0.0,0.02586206896551724,14.146225291736128,7.716122886401524,1.2860204810669207,0.0,2.5720409621338414,0.0,0.0,0.0,23,11,0.0,3
statsbomb,1,43,2,2018,89,22,782,,93.93333333333334,0,0,0,0.0,0.0,0.0,0.0,0.0,0.0,0.0,0.0,0.0,0.0,0.0,0.0,0,0,0.0,0
statsbomb,1,43,2,2018,89,22,782,20005,91.96666666666667,158,3,29,31.31569409206234,86.66666666666667,0.0,0.0,9.786154403769482,2.9358463211308443,0.0,1.9572308807538963,5.871692642261689,0.12169281500000001,0.0,0.11909046774193549,4,5,0.0,1
statsbomb,1,43,2,2018,89,22,782,2954,6.716666666666667,7,1,1,26.799007444168733,66.66666666666666,0.0,0.0,40.1985111662531,13.399503722084367,0.0,0.0,0.0,0.0,0.0,0.0,2,1,0.0,0
statsbomb,1,43,2,2018,89,22,782,3077,92.96666666666667,114,2,24,25.170311939763355,82.97872340425532,0.0,0.0,7.744711366081033,3.8723556830405164,0.0,0.9680889207601291,5.808533524560774,0.0,0.0,0.0,9,8,0.0,1
statsbomb,1,43,2,2018,89,22,782,3089,91.98333333333333,126,3,15,17.611886211270157,86.66666666666667,0.0,0.007936507936507936,18.5903243341185,1.9568762456966842,0.0,0.9784381228483421,1.9568762456966842,0.0,0.0,0.0,23,9,0.0,3
statsbomb,1,43,2,2018,89,22,782,3176,90.98333333333333,145,8,18,25.718996153141603,78.43137254901961,100.0,0.006896551724137931,14.83788239604323,10.881113757098369,0.0,4.945960798681077,4.945960798681077,0.05513208,0.0,0.05453622128594981,20,9,0.0,2
statsbomb,1,43,2,2018,89,22,782,3289,58.983333333333334,71,2,3,7.629273806159932,78.94736842105263,0.0,0.056338028169014086,6.1034190449279455,1.5258547612319864,0.0,0.0,0.0,0.53257133,0.0,0.8126264995761514,10,2,0.0,0
statsbomb,1,43,2,2018,89,22,782,3296,32.96666666666667,72,1,7,21.840242669362993,88.0,0.0,0.0,27.30030333670374,2.730030333670374,0.0,0.0,5.460060667340748,0.0,0.0,0.0,5,2,0.0,2
statsbomb,1,43,2,2018,89,22,782,3457,25.95,40,0,1,3.468208092485549,100.0,100.0,0.0,10.404624277456648,3.468208092485549,0.0,0.0,6.936416184971098,2.2205466830000002,0.0,7.701317975722544,5,1,0.0,0
statsbomb,1,43,2,2018,89,22,782,3509,90.95,77,2,21,22.759758108851017,80.55555555555556,0.0,0.0,0.0,2.9686641011544808,0.0,0.0,8.905992303463442,0.0,0.0,0.0,4,3,0.0,0
statsbomb,1,43,2,2018,89,22,782,3621,67.98333333333333,109,6,7,17.210100514832067,80.76923076923077,66.66666666666666,0.009174311926605505,14.562392743319442,6.619269428781564,0.0,1.323853885756313,5.295415543025252,2.040389838,0.0,2.7011780154939937,17,6,0.0,2
statsbomb,1,43,2,2018,89,22,782,5630,85.95,99,2,9,11.518324607329843,80.64516129032258,0.0,0.030303030303030304,34.55497382198953,1.0471204188481675,1.0471204188481675,1.0471204188481675,3.141361256544503,0.0,0.0,0.0,16,5,0.0,2
statsbomb,1,43,2,2018,89,22,782,5633,88.96666666666667,102,8,9,17.197452229299365,78.125,50.0,0.0196078431372549,23.26714125140502,7.081303859123268,0.0,0.0,2.0232296740352194,0.236586952,0.0,0.23933487088797303,18,6,0.0,3
statsbomb,1,43,2,2018,89,22,782,5639,91.98333333333333,83,0,10,9.78438122848342,93.93939393939394,0.0,0.0,4.89219061424171,0.9784381228483421,0.0,2.9353143685450265,0.9784381228483421,0.0,0.0,0.0,0,0,0.0,3
statsbomb,1,43,2,2018,89,22,782,5642,92.98333333333333,176,1,10,10.64706936727012,90.1639344262295,0.0,0.0,15.486646352392901,4.839576985122782,0.9679153970245563,1.9358307940491126,7.7433231761964505,0.12950250700000002,0.0,0.1253474704785804,8,4,0.0,4
statsbomb,1,43,2,2018,90,14,791,,95.95,0,0,0,0.0,0.0,0.0,0.0,0.0,0.0,0.0,0.0,0.0,0.0,0.0,0.0,0,0,0.0,0
statsbomb,1,43,2,2018,90,14,791,3083,94.98333333333333,144,8,6,13.265485172837339,91.42857142857143,71.42857142857143,0.034722222222222224,19.89822775925601,10.422881207229338,0.0,0.0,3.7901386208106684,0.387692374,0.0,0.36735195992279346,25,8,0.0,2
statsbomb,1,43,2,2018,90,14,791,3605,94.96666666666667,95,5,12,16.11091611091611,89.1891891891892,0.0,0.0,27.483327483327482,2.843102843102843,0.0,0.0,4.738504738504739,0.085351858,0.0,0.08088803671463672,15,9,0.0,3
statsbomb,1,43,2,2018,90,14,791,5604,94.98333333333333,82,2,21,21.793297069661342,89.65517241379311,100.0,0.012195121951219513,9.475346552026672,1.8950693104053342,0.0,0.0,0.0,0.0,0.0,0.0,7,5,0.0,1
statsbomb,1,43,2,2018,90,14,791,5606,91.96666666666667,84,3,12,14.679231605654222,84.84848484848484,0.0,0.0,10.76476984414643,2.9358463211308443,0.0,0.0,2.9358463211308443,0.0,0.0,0.0,3,2,0.0,1
statsbomb,1,43,2,2018,90,14,791,5608,91.96666666666667,89,4,13,16.636462486408117,66.66666666666666,100.0,0.0,18.593693367162015,1.9572308807538963,2.9358463211308443,0.0,2.9358463211308443,0.0,0.0,0.0,14,8,0.0,3
statsbomb,1,43,2,2018,90,14,791,5610,83.98333333333333,84,2,11,13.931335582456835,72.72727272727273,0.0,0.0,18.21790037705894,1.0716411986505259,0.0,1.0716411986505259,3.2149235959515776,0.0,0.0,0.0,15,3,0.0,0
statsbomb,1,43,2,2018,90,14,791,5616,27.983333333333334,49,2,6,25.729600952948182,64.28571428571429,25.0,0.061224489795918366,35.37820131030375,0.0,0.0,0.0,6.4324002382370455,0.0,0.0,0.0,8,4,0.0,0
statsbomb,1,43,2,2018,90,14,791,5618,13.95,29,0,2,12.903225806451614,100.0,0.0,0.0,45.16129032258065,0.0,0.0,0.0,6.451612903225807,0.0,0.0,0.0,2,2,0.0,2
statsbomb,1,43,2,2018,90,14,791,5619,93.96666666666667,21,2,7,8.620078041858815,60.0,0.0,0.0,0.0,0.0,0.0,0.0,0.9577864490954239,0.0,0.0,0.0,1,1,0.0,0
statsbomb,1,43,2,2018,90,14,791,5620,94.88333333333334,65,3,4,6.639733005445283,46.666666666666664,33.33333333333333,0.07692307692307693,22.7647988758124,2.84559985947655,1.8970665729843665,0.0,2.84559985947655,0.049417518,0.0,0.046874160758826625,14,3,0.0,0
statsbomb,1,43,2,2018,90,14,791,5623,94.98333333333333,137,1,5,5.685207931216002,80.0,100.0,0.014598540145985401,24.635901035269345,0.9475346552026671,0.0,1.8950693104053342,5.685207931216002,0.110557923,0.0,0.10475746344972803,18,3,0.0,3
statsbomb,1,43,2,2018,90,14,791,5986,11.566666666666666,16,0,2,15.561959654178676,83.33333333333334,0.0,0.0625,38.90489913544669,0.0,0.0,7.780979827089338,15.561959654178676,0.0,0.0,0.0,1,0,0.0,1
statsbomb,1,43,2,2018,90,14,791,5988,63.96666666666667,91,2,12,19.69775924960917,75.75757575757575,0.0,0.01098901098901099,30.953621677957265,0.0,1.4069828035435121,1.4069828035435121,2.8139656070870243,0.0,0.0,0.0,10,3,0.0,0
statsbomb,1,43,2,2018,90,14,791,5989,76.93333333333334,76,3,3,7.019064124783362,77.27272727272727,0.0,0.039473684210526314,29.246100519930675,2.339688041594454,1.169844020797227,0.0,3.509532062391681,0.18340283899999998,0.0,0.21455271460138645,8,3,0.0,2
statsbomb,1,43,2,2018,90,11,794,,95.93333333333334,0,0,0,0.0,0.0,0.0,0.0,0.0,0.0,0.0,0.0,0.0,0.0,0.0,0.0,0,0,0.0,0
statsbomb,1,43,2,2018,90,11,794,3058,94.98333333333333,107,0,3,2.842603965608001,84.0,75.0,0.037383177570093455,2.842603965608001,0.0,0.0,0.9475346552026671,3.7901386208106684,0.34931028399999997,0.0,0.3309835995086857,11,2,0.0,0
statsbomb,1,43,2,2018,90,11,794,5556,93.98333333333333,99,6,9,14.364248980315658,75.75757575757575,100.0,0.010101010101010102,12.449015782940236,3.830466394750842,0.0,0.0,0.0,0.09150781,0.0,0.08762939776556126,26,6,0.0,0
statsbomb,1,43,2,2018,90,11,794,5558,26.966666666666665,52,1,3,13.349814585908529,95.0,0.0,0.0,13.349814585908529,0.0,0.0,3.3374536464771323,0.0,0.0,0.0,0.0,3,2,0.0,1
statsbomb,1,43,2,2018,90,11,794,5560,76.98333333333333,115,10,9,22.212600129898245,84.84848484848484,100.0,0.0,17.536263260445985,9.352673738904524,1.1690842173630656,1.1690842173630656,5.845421086815328,0.802812114,0.0,0.9385549719852782,21,10,0.0,4
statsbomb,1,43,2,2018,90,11,794,5563,67.95,89,6,6,15.894039735099337,82.35294117647058,0.0,0.011235955056179775,15.894039735099337,2.649006622516556,1.324503311258278,1.324503311258278,6.62251655629139,0.13866243,0.0,0.18365884768211918,10,6,0.0,3
statsbomb,1,43,2,2018,90,11,794,5564,94.98333333333333,189,4,18,20.845762414458676,88.23529411764706,100.0,0.0,2.842603965608001,5.685207931216002,0.9475346552026671,0.0,1.8950693104053342,0.055395637,0.0,0.05248928580452711,5,4,0.0,1
statsbomb,1,43,2,2018,90,11,794,5567,94.98333333333333,181,7,25,30.321108966485347,90.0,50.0,0.0055248618784530384,12.317950517634673,5.685207931216002,0.0,0.9475346552026671,2.842603965608001,0.108760424,0.0,0.10305427085453588,14,9,0.0,3
statsbomb,1,43,2,2018,90,11,794,5571,70.96666666666667,74,3,3,7.609206200093941,93.33333333333333,40.0,0.06756756756756757,13.950211366838891,6.341005166744951,0.0,5.072804133395961,3.8046031000469704,0.299250051,0.0,0.379509223907938,6,3,0.0,0
statsbomb,1,43,2,2018,90,11,794,5573,94.98333333333333,148,5,19,22.74083172486401,89.47368421052632,0.0,0.006756756756756757,2.842603965608001,3.7901386208106684,0.0,0.0,0.9475346552026671,0.0,0.0,0.0,7,8,0.0,1
statsbomb,1,43,2,2018,90,11,794,5575,94.98333333333333,171,3,12,14.213019828040007,89.0909090909091,0.0,0.005847953216374269,17.055623793648007,3.7901386208106684,0.0,0.0,3.7901386208106684,0.03211408,0.0,0.03042920371995087,19,9,0.0,0
statsbomb,1,43,2,2018,90,11,794,5576,94.96666666666667,115,0,13,12.32011232011232,85.41666666666666,0.0,0.008695652173913044,11.372411372411372,0.9477009477009477,0.0,1.8954018954018954,6.6339066339066335,0.0,0.0,0.0,12,7,0.0,1
statsbomb,1,43,2,2018,90,11,794,5577,92.98333333333333,45,0,14,13.550815558343789,76.19047619047619,0.0,0.0,0.0,0.0,0.0,0.0,1.9358307940491126,0.0,0.0,0.0,4,3,0.0,0
statsbomb,1,43,2,2018,90,11,794,5985,22.95,42,1,1,7.843137254901961,76.92307692307693,100.0,0.047619047619047616,3.9215686274509807,3.9215686274509807,0.0,3.9215686274509807,3.9215686274509807,0.0,0.0,0.0,4,0,0.0,0
statsbomb,1,43,2,2018,90,11,794,5987,17.866666666666667,10,0,0,0.0,100.0,0.0,0.1,10.074626865671641,0.0,0.0,5.037313432835821,5.037313432835821,0.0,0.0,0.0,0,0,0.0,0
statsbomb,1,43,2,2018,91,13,768,,94.93333333333334,0,0,0,0.0,0.0,0.0,0.0,0.0,0.0,0.0,0.0,0.0,0.0,0.0,0.0,0,0,0.0,0
statsbomb,1,43,2,2018,91,13,768,10955,59.81666666666667,41,0,5,7.522986904430203,83.33333333333334,0.0,0.0,12.036779047088325,0.0,0.0,1.5045973808860407,1.5045973808860407,1.7672203199999998,0.0,2.6589550649205904,7,3,0.0,2
statsbomb,1,43,2,2018,91,13,768,10960,29.95,15,1,0,3.005008347245409,80.0,0.0,0.0,45.075125208681136,3.005008347245409,0.0,0.0,3.005008347245409,0.0,0.0,0.0,2,0,0.0,0
statsbomb,1,43,2,2018,91,13,768,3205,93.98333333333333,304,6,26,30.643731158006737,95.45454545454545,100.0,0.003289473684210526,9.576165986877106,4.788082993438553,0.0,0.0,2.8728497960631314,0.0,0.0,0.0,23,16,0.0,0
statsbomb,1,43,2,2018,91,13,768,3233,93.98333333333333,118,1,2,2.8728497960631314,94.28571428571428,0.0,0.01694915254237288,17.23709877637879,0.0,0.0,0.0,1.915233197375421,0.455139997,0.0,0.43584961585387477,6,3,0.0,1
statsbomb,1,43,2,2018,91,13,768,3244,92.96666666666667,281,2,17,18.39368949444245,96.90721649484536,0.0,0.0,2.904266762280387,2.904266762280387,0.0,0.0,2.904266762280387,0.7019639,0.0,0.6795634743635711,5,4,0.0,1
statsbomb,1,43,2,2018,91,13,768,3293,62.983333333333334,111,2,3,7.144747287642233,93.75,0.0,0.036036036036036036,25.72109023551204,0.0,0.0,0.0,1.4289494575284467,0.14743446999999998,0.0,0.21067640592749404,7,2,0.0,2
statsbomb,1,43,2,2018,91,13,768,3308,69.96666666666667,67,2,6,10.290614578370652,89.28571428571429,0.0,0.014925373134328358,24.4402096236303,2.572653644592663,0.0,1.2863268222963316,0.0,0.0,0.0,0.0,11,5,0.0,5
statsbomb,1,43,2,2018,91,13,768,3336,93.95,223,4,9,12.453432676955826,93.33333333333333,0.0,0.0,2.8738690792974984,2.8738690792974984,0.0,0.0,1.9159127195316656,0.0,0.0,0.0,10,4,0.0,1
statsbomb,1,43,2,2018,91,13,768,3468,91.88333333333334,47,0,15,14.692544893887176,90.47619047619048,0.0,0.0,0.0,0.9795029929258117,0.0,0.0,4.8975149646290586,0.0,0.0,0.0,3,3,0.0,0
statsbomb,1,43,2,2018,91,13,768,3504,92.98333333333333,114,2,1,2.903746191073669,90.625,75.0,0.03508771929824561,24.19788492561391,2.903746191073669,0.9679153970245563,2.903746191073669,0.9679153970245563,0.03459167,0.0,0.033481810001792435,9,1,0.0,1
statsbomb,1,43,2,2018,91,13,768,3532,93.96666666666667,206,5,23,26.81802057467187,88.0,0.0,0.0,23.9446612273856,3.8311457963816955,1.9155728981908478,0.0,3.8311457963816955,0.061970674,0.0,0.05935467179851011,20,16,0.0,1
statsbomb,1,43,2,2018,91,13,768,3594,22.983333333333334,40,0,1,3.9158810732414793,91.66666666666666,100.0,0.025,7.8317621464829585,0.0,0.0,0.0,3.9158810732414793,0.0,0.0,0.0,4,0,0.0,1
statsbomb,1,43,2,2018,91,13,768,3612,93.96666666666667,119,2,8,9.577864490954239,91.48936170212765,0.0,0.008403361344537815,13.409010287335935,2.8733593472862715,0.0,0.0,3.8311457963816955,0.0,0.0,0.0,6,2,0.0,1
statsbomb,1,43,2,2018,91,13,768,4597,29.933333333333334,79,2,6,24.053452115812917,84.61538461538461,50.0,0.012658227848101266,36.080178173719375,3.0066815144766146,0.0,0.0,6.013363028953229,0.0,0.0,0.0,9,5,0.0,1
statsbomb,1,43,2,2018,91,37,798,,94.95,0,0,0,0.0,0.0,0.0,0.0,0.0,0.0,0.0,0.0,0.0,0.0,0.0,0.0,0,0,0.0,0
statsbomb,1,43,2,2018,91,37,798,5628,94.98333333333333,126,2,5,6.6327425864186695,89.1891891891892,0.0,0.015873015873015872,13.265485172837339,2.842603965608001,0.0,1.8950693104053342,3.7901386208106684,0.009995836,0.0,0.009471401017722406,18,3,0.0,0
statsbomb,1,43,2,2018,91,37,798,5631,93.98333333333333,65,0,4,3.830466394750842,68.75,0.0,0.046153846153846156,27.770881361943605,0.0,0.0,0.0,0.9576165986877105,0.059005667,0.0,0.056504806135839684,8,3,0.0,1
statsbomb,1,43,2,2018,91,37,798,5634,93.98333333333333,164,4,19,22.025181769817344,83.07692307692308,0.0,0.006097560975609756,7.660932789501684,2.8728497960631314,0.0,0.0,3.830466394750842,0.0,0.0,0.0,24,7,0.0,1
statsbomb,1,43,2,2018,91,37,798,5635,87.96666666666667,87,0,13,13.300492610837438,87.5,0.0,0.0,8.184918529746115,1.0231148162182644,0.0,0.0,3.0693444486547934,0.55906206,0.0,0.5719846767715043,6,3,0.0,1
statsbomb,1,43,2,2018,91,37,798,5636,89.96666666666667,24,2,17,19.00703964431271,47.05882352941176,0.0,0.0,0.0,1.0003705075954057,0.0,0.0,5.001852537977029,0.0,0.0,0.0,5,4,0.0,0
statsbomb,1,43,2,2018,91,37,798,5637,68.96666666666667,58,2,3,6.524891251812469,82.35294117647058,0.0,0.0,23.48960850652489,2.6099565007249876,1.3049782503624938,1.3049782503624938,3.9149347510874817,0.0412624288,0.0,0.05384657214113098,9,1,0.0,3
statsbomb,1,43,2,2018,91,37,798,5638,92.96666666666667,97,0,14,13.553244890641807,92.10526315789474,0.0,0.0,7.744711366081033,0.9680889207601291,0.0,0.0,0.9680889207601291,0.0,0.0,0.0,7,5,0.0,3
statsbomb,1,43,2,2018,91,37,798,5640,68.96666666666667,82,0,6,7.829869502174963,100.0,0.0,0.0,11.744804253262444,1.3049782503624938,0.0,0.0,0.0,0.0,0.0,0.0,4,1,0.0,1
statsbomb,1,43,2,2018,91,37,798,5641,85.98333333333333,107,3,14,17.794146152355108,84.61538461538461,100.0,0.018691588785046728,8.373715836402404,3.1401434386509015,0.0,0.0,0.0,0.13047156,0.0,0.13656647102151578,21,8,0.0,3
statsbomb,1,43,2,2018,91,37,798,5645,93.98333333333333,135,5,10,14.364248980315658,90.0,0.0,0.05185185185185185,25.855648164568183,7.660932789501684,0.0,1.915233197375421,4.788082993438553,0.0,0.0,0.0,12,9,0.0,4
statsbomb,1,43,2,2018,91,37,798,5646,61.983333333333334,94,3,7,14.520032266738369,89.1891891891892,0.0,0.0,27.588061306802903,2.904006453347674,1.452003226673837,1.452003226673837,1.452003226673837,0.10595282,0.0,0.15384383651519226,14,5,0.0,1
statsbomb,1,43,2,2018,91,37,798,6138,30.966666666666665,50,2,4,17.438105489773953,89.47368421052632,100.0,0.0,34.876210979547906,2.9063509149623252,0.0,0.0,2.9063509149623252,0.0,0.0,0.0,9,4,0.0,1
statsbomb,1,43,2,2018,91,37,798,6139,23.966666666666665,48,0,9,33.796940194714885,100.0,0.0,0.0,7.510431154381085,0.0,0.0,0.0,3.7552155771905427,0.17428838,0.0,0.6544904394993046,1,0,0.0,0
statsbomb,1,43,2,2018,91,37,798,6140,22.966666666666665,8,1,0,3.918722786647315,100.0,0.0,0.125,27.431059506531206,3.918722786647315,0.0,3.918722786647315,3.918722786647315,0.0,0.0,0.0,1,0,0.0,1
statsbomb,1,43,2,2018,92,40,769,,95.96666666666667,0,0,0,0.0,0.0,0.0,0.0,0.0,0.0,0.0,0.0,0.0,0.0,0.0,0.0,0,0,0.0,0
statsbomb,1,43,2,2018,92,40,769,3445,77.98333333333333,123,6,3,10.38683479375935,75.0,66.66666666666666,0.04065040650406504,38.08506091045095,4.6163710194486,1.15409275486215,0.0,4.6163710194486,0.36677322,0.0,0.4232903158794614,14,6,0.0,3
statsbomb,1,43,2,2018,92,40,769,3494,93.96666666666667,102,0,18,17.24015608371763,76.92307692307693,0.0,0.0,10.535650940049663,0.9577864490954239,0.0,0.9577864490954239,4.7889322454771195,0.0,0.0,0.0,6,5,0.0,4
statsbomb,1,43,2,2018,92,40,769,4276,88.96666666666667,45,2,15,17.197452229299365,66.66666666666666,0.0,0.0,0.0,2.0232296740352194,0.0,0.0,11.127763207193706,0.0,0.0,0.0,3,3,0.0,0
statsbomb,1,43,2,2018,92,40,769,5678,22.983333333333334,41,1,4,19.579405366207396,76.92307692307693,0.0,0.0,23.495286439448876,0.0,0.0,0.0,3.9158810732414793,0.017525094,0.0,0.06862618390137781,1,0,0.0,0
statsbomb,1,43,2,2018,92,40,769,5686,93.96666666666667,142,0,14,13.409010287335935,80.3921568627451,50.0,0.014084507042253521,29.69137992195814,0.9577864490954239,0.0,0.9577864490954239,8.620078041858815,0.0,0.0,0.0,8,6,0.0,7
statsbomb,1,43,2,2018,92,40,769,5688,15.916666666666666,21,0,0,0.0,100.0,0.0,0.0,0.0,0.0,0.0,0.0,0.0,0.0,0.0,0.0,2,0,0.0,0
statsbomb,1,43,2,2018,92,40,769,5689,93.98333333333333,214,11,14,23.940414967192762,84.12698412698413,83.33333333333334,0.009345794392523364,8.618549388189395,6.703316190813974,0.0,0.0,12.449015782940236,0.212619018,0.0,0.2036075008334811,35,9,0.0,1
statsbomb,1,43,2,2018,92,40,769,5691,95.98333333333333,120,5,11,15.00260461885744,55.319148936170215,75.0,0.016666666666666666,19.69091856225039,5.62597673207154,0.0,0.0,8.43896509810731,0.0,0.0,0.0,16,6,0.0,6
statsbomb,1,43,2,2018,92,40,769,5692,72.98333333333333,189,1,27,34.528431148664076,76.19047619047619,0.0,0.031746031746031744,13.564740808403744,3.699474765928294,0.0,0.0,6.165791276547157,0.07108366199999999,0.0,0.08765740461292532,32,14,0.0,1
statsbomb,1,43,2,2018,92,40,769,5695,95.98333333333333,237,8,16,22.50390692828616,86.3013698630137,87.5,0.012658227848101266,31.88053481507206,1.87532557735718,0.93766278867859,0.0,10.31429067546449,0.0601590863,0.0,0.05640893662441396,35,14,0.0,4
statsbomb,1,43,2,2018,92,40,769,5696,94.98333333333333,127,4,14,17.055623793648007,88.88888888888889,0.0,0.0,18.003158448850677,0.9475346552026671,0.0,2.842603965608001,5.685207931216002,0.017330227,0.0,0.016420990665028952,18,6,0.0,3
statsbomb,1,43,2,2018,92,40,769,6192,31.933333333333334,33,0,5,14.09185803757829,69.23076923076923,0.0,0.0,14.09185803757829,0.0,0.0,0.0,0.0,0.0,0.0,0.0,6,3,0.0,0
statsbomb,1,43,2,2018,92,40,769,6193,63.983333333333334,112,2,11,18.286011982287054,85.71428571428571,100.0,0.008928571428571428,42.1984891898932,4.21984891898932,0.0,2.813232612659547,5.626465225319094,0.09850289,0.0,0.13855577129460797,7,6,0.0,2
statsbomb,1,43,2,2018,92,40,769,6196,94.95,105,2,19,19.90521327014218,83.33333333333334,0.0,0.0,9.47867298578199,0.9478672985781991,1.8957345971563981,1.8957345971563981,1.8957345971563981,0.54294956,0.0,0.5146441327014218,4,2,0.0,5
statsbomb,1,43,2,2018,92,17,789,,95.91666666666667,0,0,0,0.0,0.0,0.0,0.0,0.0,0.0,0.0,0.0,0.0,0.0,0.0,0.0,0,0,0.0,0
statsbomb,1,43,2,2018,92,17,789,3034,11.866666666666667,19,1,4,37.92134831460674,87.5,0.0,0.0,0.0,7.584269662921348,0.0,0.0,7.584269662921348,0.0,0.0,0.0,2,2,0.0,0
statsbomb,1,43,2,2018,92,17,789,3637,94.96666666666667,120,1,16,16.11091611091611,77.55102040816327,0.0,0.0,18.006318006318008,1.8954018954018954,0.9477009477009477,2.843102843102843,6.6339066339066335,0.20201232,0.0,0.1914472671112671,15,10,0.0,4
statsbomb,1,43,2,2018,92,17,789,4626,94.98333333333333,125,0,23,21.793297069661342,80.7017543859649,0.0,0.0,3.7901386208106684,0.9475346552026671,0.0,0.9475346552026671,4.737673276013336,0.0,0.0,0.0,10,8,0.0,0
statsbomb,1,43,2,2018,92,17,789,5658,94.98333333333333,134,5,20,23.68836638006668,74.57627118644068,0.0,0.029850746268656716,18.950693104053343,1.8950693104053342,0.0,2.842603965608001,3.7901386208106684,0.0,0.0,0.0,24,11,0.0,5
statsbomb,1,43,2,2018,92,17,789,5660,93.98333333333333,123,6,13,18.1947153750665,79.06976744186046,75.0,0.016260162601626018,26.813264763255894,3.830466394750842,0.9576165986877105,0.0,4.788082993438553,0.048367754,0.0,0.0463177640716439,23,9,0.0,6
statsbomb,1,43,2,2018,92,17,789,5666,56.983333333333334,60,1,2,4.738227551915765,73.68421052631578,0.0,0.06666666666666667,17.373501023691137,1.5794091839719215,0.0,0.0,6.317636735887686,0.009801016,0.0,0.015479814682655746,8,3,0.0,2
statsbomb,1,43,2,2018,92,17,789,5667,34.95,25,1,2,7.725321888412016,77.77777777777779,0.0,0.04,15.450643776824032,2.5751072961373387,0.0,2.5751072961373387,0.0,0.0,0.0,0.0,7,2,0.0,1
statsbomb,1,43,2,2018,92,17,789,5668,93.96666666666667,134,3,7,9.577864490954239,71.42857142857143,60.0,0.03731343283582089,15.324583185526782,3.8311457963816955,0.0,0.0,3.8311457963816955,0.7335858680000001,0.0,0.7026186036183045,17,4,0.0,4
statsbomb,1,43,2,2018,92,17,789,5669,94.98333333333333,53,1,20,19.89822775925601,68.18181818181817,0.0,0.0,0.0,1.8950693104053342,0.0,0.0,2.842603965608001,0.0,0.0,0.0,4,4,0.0,0
statsbomb,1,43,2,2018,92,17,789,5670,78.96666666666667,138,0,20,22.794428028704093,81.81818181818183,0.0,0.0,11.397214014352047,0.0,0.0,2.2794428028704092,1.1397214014352046,0.0,0.0,0.0,10,7,0.0,2
statsbomb,1,43,2,2018,92,17,789,5672,92.98333333333333,79,1,10,10.64706936727012,73.52941176470588,50.0,0.05063291139240506,10.64706936727012,0.0,0.9679153970245563,3.8716615880982252,4.839576985122782,0.0,0.0,0.0,15,5,0.0,1
statsbomb,1,43,2,2018,92,17,789,5673,67.96666666666667,54,1,2,3.972535556645414,76.47058823529412,100.0,0.0,13.241785188818048,1.3241785188818047,0.0,1.3241785188818047,3.972535556645414,0.0516608,0.0,0.06840812162824914,10,1,0.0,4
statsbomb,1,43,2,2018,92,17,789,6194,21.983333333333334,19,0,2,8.188021228203183,66.66666666666666,0.0,0.10526315789473684,45.03411675511751,0.0,0.0,0.0,4.094010614101592,0.06877008,0.0,0.28154543745261557,2,1,0.0,2
statsbomb,1,43,2,2018,92,17,789,6195,94.98333333333333,96,2,7,8.527811896824003,78.94736842105263,50.0,0.010416666666666666,53.061940691349356,1.8950693104053342,0.0,2.842603965608001,2.842603965608001,0.0,0.0,0.0,8,5,0.0,17
statsbomb,1,43,2,2018,93,3,778,,94.98333333333333,0,0,0,0.0,0.0,0.0,0.0,0.0,0.0,0.0,0.0,0.0,0.0,0.0,0.0,0,0,0.0,0
statsbomb,1,43,2,2018,93,3,778,3175,93.96666666666667,47,1,19,19.155728981908478,62.5,0.0,0.0,0.0,0.9577864490954239,0.0,0.0,4.7889322454771195,0.0,0.0,0.0,7,7,0.0,0
statsbomb,1,43,2,2018,93,3,778,3300,91.98333333333333,161,3,27,29.353143685450263,77.61194029850746,0.0,0.0,1.9568762456966842,2.9353143685450265,0.0,0.0,2.9353143685450265,0.0,0.0,0.0,8,8,0.0,0
statsbomb,1,43,2,2018,93,3,778,3530,90.98333333333333,94,3,14,16.816266715515663,77.5,0.0,0.010638297872340425,14.83788239604323,1.9783843194724309,0.0,0.0,1.9783843194724309,0.0,0.0,0.0,16,7,0.0,2
statsbomb,1,43,2,2018,93,3,778,3810,15.783333333333333,22,0,0,0.0,75.0,100.0,0.0,5.70221752903907,0.0,0.0,0.0,0.0,0.0,0.0,0.0,2,0,0.0,0
statsbomb,1,43,2,2018,93,3,778,5679,93.95,90,3,4,6.70569451836083,68.18181818181817,100.0,0.03333333333333333,15.327301756253325,1.9159127195316656,0.9579563597658328,0.0,1.9159127195316656,0.355163015,0.0,0.3402306689728579,9,4,0.0,1
statsbomb,1,43,2,2018,93,3,778,5681,93.98333333333333,173,8,18,24.898031565880473,82.6086956521739,0.0,0.0,21.067565171129633,4.788082993438553,0.0,0.9576165986877105,6.703316190813974,0.030451886,0.0,0.029161231494945913,12,7,0.0,3
statsbomb,1,43,2,2018,93,3,778,5682,93.98333333333333,160,4,24,26.813264763255894,87.3015873015873,0.0,0.00625,12.449015782940236,4.788082993438553,0.0,0.0,1.915233197375421,0.0,0.0,0.0,9,9,0.0,3
statsbomb,1,43,2,2018,93,3,778,5683,21.85,34,1,4,20.59496567505721,66.66666666666666,0.0,0.029411764705882353,12.356979405034325,4.118993135011442,0.0,0.0,0.0,0.4889436,0.0,2.01395533180778,6,3,0.0,0
statsbomb,1,43,2,2018,93,3,778,5684,71.98333333333333,113,2,11,16.25376244501042,80.0,100.0,0.017699115044247787,22.505209539245197,1.2502894188469553,0.0,2.5005788376939106,6.251447094234777,0.0,0.0,0.0,23,9,0.0,3
statsbomb,1,43,2,2018,93,3,778,5687,86.98333333333333,90,3,5,8.277447786932363,88.46153846153845,100.0,0.022222222222222223,15.520214600498182,3.1040429200996362,0.0,0.0,6.2080858401992725,0.108745005,0.0,0.11251638762214985,6,3,0.0,2
statsbomb,1,43,2,2018,93,3,778,5690,93.98333333333333,88,2,10,11.491399184252526,78.37837837837837,0.0,0.011363636363636364,17.23709877637879,2.8728497960631314,0.0,1.915233197375421,1.915233197375421,0.0,0.0,0.0,8,3,0.0,2
statsbomb,1,43,2,2018,93,3,778,5693,93.96666666666667,132,1,22,22.02908832919475,70.0,100.0,0.0,6.7045051436679675,0.9577864490954239,0.0,1.9155728981908478,6.7045051436679675,0.0,0.0,0.0,16,10,0.0,2
statsbomb,1,43,2,2018,93,3,778,5697,71.98333333333333,79,5,4,11.252604769622598,78.26086956521739,0.0,0.06329113924050633,16.25376244501042,3.750868256540866,0.0,1.2502894188469553,1.2502894188469553,0.02924008,0.0,0.03655856263023848,7,2,0.0,0
statsbomb,1,43,2,2018,93,3,778,6191,6.933333333333334,6,1,2,38.94230769230769,50.0,0.0,0.0,38.94230769230769,12.98076923076923,0.0,0.0,25.96153846153846,0.0,0.0,0.0,1,1,0.0,0
statsbomb,1,43,2,2018,93,21,787,,94.98333333333333,0,0,0,0.0,0.0,0.0,0.0,0.0,0.0,0.0,0.0,0.0,0.0,0.0,0.0,0,0,0.0,0
statsbomb,1,43,2,2018,93,21,787,2941,93.98333333333333,99,7,6,12.449015782940236,61.29032258064516,0.0,0.030303030303030304,13.406632381627947,6.703316190813974,0.0,0.9576165986877105,1.915233197375421,0.13404049,0.0,0.1283593981202341,21,5,0.0,1
statsbomb,1,43,2,2018,93,21,787,3404,90.98333333333333,96,3,9,11.870305916834585,72.22222222222221,50.0,0.020833333333333332,10.881113757098369,1.9783843194724309,0.0,0.0,6.924345118153508,0.036542820000000004,0.0,0.036147871038651774,17,4,0.0,3
statsbomb,1,43,2,2018,93,21,787,3436,91.96666666666667,112,1,15,15.65784704603117,84.44444444444444,100.0,0.0,19.572308807538963,1.9572308807538963,1.9572308807538963,0.0,1.9572308807538963,0.0,0.0,0.0,14,4,0.0,1
statsbomb,1,43,2,2018,93,21,787,3603,6.85,3,0,1,13.138686131386862,100.0,0.0,0.0,26.277372262773724,0.0,0.0,0.0,13.138686131386862,0.079468675,0.0,1.04411397810219,0,0,0.0,0
statsbomb,1,43,2,2018,93,21,787,3629,93.98333333333333,114,5,9,13.406632381627947,72.41379310344827,50.0,0.043859649122807015,6.703316190813974,4.788082993438553,0.0,0.9576165986877105,6.703316190813974,0.57378894,0.0,0.5494698130874268,20,8,0.0,1
statsbomb,1,43,2,2018,93,21,787,3684,25.966666666666665,26,1,3,13.863928112965342,83.33333333333334,0.0,0.0,10.397946084724007,3.4659820282413354,3.4659820282413354,0.0,6.931964056482671,0.0,0.0,0.0,3,1,0.0,0
statsbomb,1,43,2,2018,93,21,787,4277,80.96666666666667,60,0,6,6.669411280362289,77.27272727272727,100.0,0.0,20.008233841086867,0.0,0.0,2.2231370934540964,4.446274186908193,0.08816641,0.0,0.09800300823384109,11,2,0.0,2
statsbomb,1,43,2,2018,93,21,787,5659,83.96666666666667,59,1,23,25.724493846764588,55.55555555555556,0.0,0.0,0.0,1.0718539102818578,0.0,0.0,3.2155617308455735,0.0,0.0,0.0,11,11,0.0,0
statsbomb,1,43,2,2018,93,21,787,5661,85.98333333333333,103,3,3,6.280286877301803,69.56521739130434,33.33333333333333,0.0970873786407767,17.794146152355108,3.1401434386509015,0.0,0.0,3.1401434386509015,0.594543138,0.0,0.6223169112618725,18,1,0.0,1
statsbomb,1,43,2,2018,93,21,787,5664,92.95,97,1,17,17.428725121032812,69.56521739130434,0.0,0.0,5.809575040344271,0.9682625067240451,0.0,2.9047875201721354,6.777837547068316,0.052775476,0.0,0.05110051468531469,11,8,0.0,1
statsbomb,1,43,2,2018,93,21,787,5671,63.983333333333334,57,1,7,11.252930450638187,89.47368421052632,0.0,0.0,14.066163063297735,2.813232612659547,0.0,0.0,4.21984891898932,0.11174557,0.0,0.15718314092211513,6,2,0.0,3
statsbomb,1,43,2,2018,93,21,787,5674,91.98333333333333,126,1,23,23.482514948360212,78.18181818181819,100.0,0.0,14.676571842725131,0.0,0.0,0.0,2.9353143685450265,0.075420834,0.0,0.07379461924261642,31,12,0.0,1
statsbomb,1,43,2,2018,93,21,787,5675,93.96666666666667,93,0,15,14.366796736431358,85.0,0.0,0.0,11.493437389145086,1.9155728981908478,0.9577864490954239,1.9155728981908478,1.9155728981908478,0.0,0.0,0.0,8,7,0.0,3
statsbomb,1,43,2,2018,93,21,787,5676,13.85,16,0,3,19.494584837545126,66.66666666666666,0.0,0.0,25.9927797833935,0.0,0.0,0.0,0.0,0.13177194,0.0,0.8562797545126354,5,1,0.0,0
statsbomb,1,43,2,2018,94,15,780,,97.98333333333333,0,0,0,0.0,0.0,0.0,0.0,0.0,0.0,0.0,0.0,0.0,0.0,0.0,0.0,0,0,0.0,0
statsbomb,1,43,2,2018,94,15,780,20016,93.98333333333333,152,0,21,20.109948572441922,84.21052631578947,0.0,0.0,11.491399184252526,1.915233197375421,0.9576165986877105,2.8728497960631314,1.915233197375421,0.10350718,0.0,0.09912019365135662,8,7,0.0,1
statsbomb,1,43,2,2018,94,15,780,3168,13.75,17,0,2,13.090909090909092,66.66666666666666,0.0,0.0,13.090909090909092,0.0,0.0,0.0,0.0,0.0,0.0,0.0,2,1,0.0,0
statsbomb,1,43,2,2018,94,15,780,3193,24.916666666666668,25,3,1,14.448160535117056,100.0,100.0,0.04,21.672240802675585,0.0,0.0,3.612040133779264,3.612040133779264,0.0,0.0,0.0,3,2,0.0,3
statsbomb,1,43,2,2018,94,15,780,3329,88.98333333333333,174,5,23,28.319910095523507,77.77777777777779,100.0,0.0,15.171380408316166,2.022850721108822,1.011425360554411,0.0,4.045701442217644,0.0,0.0,0.0,32,16,0.0,3
statsbomb,1,43,2,2018,94,15,780,3707,94.98333333333333,282,6,27,31.268643621688014,94.89795918367348,0.0,0.0035460992907801418,29.37357431128268,1.8950693104053342,0.0,0.0,8.527811896824003,0.022153322,0.0,0.02099104032286366,30,19,0.0,12
statsbomb,1,43,2,2018,94,15,780,3960,97.98333333333333,194,3,19,20.20751828542269,89.04109589041096,0.0,0.0,7.348188467426433,1.8370471168566083,0.0,1.8370471168566083,4.592617792141521,0.123456964,0.0,0.11339812988603504,11,8,0.0,2
statsbomb,1,43,2,2018,94,15,780,4272,82.98333333333333,190,4,8,13.014661578630246,91.93548387096774,0.0,0.010526315789473684,14.099216710182768,6.507330789315123,0.0,1.0845551315525206,5.422775657762603,0.1189627,0.0,0.12902160674834304,23,6,0.0,3
statsbomb,1,43,2,2018,94,15,780,4367,2.7666666666666666,3,0,0,0.0,0.0,0.0,0.0,0.0,0.0,0.0,0.0,0.0,0.0,0.0,0.0,0,0,0.0,0
statsbomb,1,43,2,2018,94,15,780,5205,95.81666666666666,42,0,12,11.271525482692642,81.25,0.0,0.0,0.0,0.0,0.0,0.0,0.9392937902243869,0.0,0.0,0.0,2,1,0.0,0
statsbomb,1,43,2,2018,94,15,780,5207,97.95,134,7,11,16.539050535987748,79.3103448275862,57.14285714285714,0.03731343283582089,5.513016845329249,7.350689127105666,0.0,0.0,0.9188361408882082,0.9472454438,0.0,0.87036334805513,22,11,0.0,0
statsbomb,1,43,2,2018,94,15,780,5209,95.98333333333333,181,4,15,17.81559298489321,88.05970149253731,100.0,0.011049723756906077,16.87793019621462,3.75065115471436,0.0,0.0,2.81298836603577,0.03069333,0.0,0.028779993401632228,22,8,0.0,2
statsbomb,1,43,2,2018,94,15,780,5214,96.98333333333333,241,7,35,38.97576903247981,88.09523809523809,0.0,0.0,16.703901013919918,4.639972503866644,0.0,0.0,8.351950506959959,0.0,0.0,0.0,28,16,0.0,5
statsbomb,1,43,2,2018,94,15,780,5215,66.96666666666667,116,4,3,9.40766550522648,63.888888888888886,66.66666666666666,0.034482758620689655,14.783474365355898,8.063713290194126,0.0,0.0,8.063713290194126,0.054236775,0.0,0.07289163389746142,20,2,0.0,0
statsbomb,1,43,2,2018,94,15,780,5218,94.98333333333333,103,4,5,8.527811896824003,80.0,100.0,0.019417475728155338,21.793297069661342,4.737673276013336,0.0,0.0,2.842603965608001,0.12216211,0.0,0.1157528327776803,13,5,0.0,9
statsbomb,1,43,2,2018,94,25,797,,97.93333333333334,0,0,0,0.0,0.0,0.0,0.0,0.0,0.0,0.0,0.0,0.0,0.0,0.0,0.0,0,0,0.0,0
statsbomb,1,43,2,2018,94,25,797,5220,96.91666666666667,43,1,9,9.28632846087704,75.0,0.0,0.0,3.7145313843508165,0.9286328460877041,0.0,1.8572656921754083,1.8572656921754083,0.0,0.0,0.0,3,2,0.0,0
statsbomb,1,43,2,2018,94,25,797,5224,94.98333333333333,74,3,4,6.6327425864186695,63.1578947368421,0.0,0.06756756756756757,12.317950517634673,1.8950693104053342,0.0,0.9475346552026671,2.842603965608001,0.21920082,0.0,0.2077003733988419,13,3,0.0,1
statsbomb,1,43,2,2018,94,25,797,5225,97.96666666666667,58,0,9,8.26811840762164,82.6086956521739,0.0,0.017241379310344827,25.72303504593399,0.0,0.0,2.7560394692072134,1.8373596461381423,0.0,0.0,0.0,11,8,0.0,2
statsbomb,1,43,2,2018,94,25,797,5226,91.96666666666667,64,1,5,5.871692642261689,55.00000000000001,0.0,0.03125,19.572308807538963,1.9572308807538963,0.0,2.9358463211308443,4.893077201884741,0.25150082,0.0,0.24612258571946358,9,3,0.0,1
statsbomb,1,43,2,2018,94,25,797,5227,86.95,40,4,18,22.771707878090858,61.904761904761905,0.0,0.0,0.0,4.140310523289247,0.0,0.0,3.105232892466935,0.0,0.0,0.0,6,6,0.0,0
statsbomb,1,43,2,2018,94,25,797,5228,93.86666666666666,45,1,9,9.588068181818182,75.0,0.0,0.0,0.0,3.835227272727273,0.0,0.0,2.8764204545454546,0.0,0.0,0.0,4,3,0.0,0
statsbomb,1,43,2,2018,94,25,797,5230,49.95,38,2,4,10.81081081081081,91.66666666666666,33.33333333333333,0.05263157894736842,10.81081081081081,1.8018018018018016,0.0,1.8018018018018016,1.8018018018018016,0.0,0.0,0.0,2,1,0.0,1
statsbomb,1,43,2,2018,94,25,797,5231,17.75,8,1,1,10.140845070422536,50.0,100.0,0.125,10.140845070422536,5.070422535211268,0.0,5.070422535211268,0.0,0.7835,0.0,3.9726760563380283,2,1,0.0,0
statsbomb,1,43,2,2018,94,25,797,5235,95.91666666666667,65,3,22,23.457862728062555,59.375,0.0,0.015384615384615385,4.691572545612511,2.8149435273675065,0.0,0.9383145091225021,6.568201563857515,0.00943477,0.0,0.00885278158123371,13,8,0.0,0
statsbomb,1,43,2,2018,94,25,797,5239,68.96666666666667,60,3,4,9.134847752537457,60.0,100.0,0.03333333333333333,18.269695505074914,2.6099565007249876,0.0,0.0,3.9149347510874817,0.0,0.0,0.0,14,2,0.0,1
statsbomb,1,43,2,2018,94,25,797,5240,26.75,14,0,1,3.364485981308411,50.0,0.0,0.0,6.728971962616822,0.0,0.0,0.0,0.0,0.107423019,0.0,0.36142324149532706,2,0,0.0,0
statsbomb,1,43,2,2018,94,25,797,5241,97.98333333333333,54,2,11,11.940806259567953,66.66666666666666,0.0,0.05555555555555555,28.474230311277427,1.8370471168566083,0.0,2.7555706752849125,2.7555706752849125,0.037193935,0.0,0.03416350552815104,11,7,0.0,6
statsbomb,1,43,2,2018,94,25,797,5720,38.916666666666664,14,3,2,11.563169164882227,50.0,100.0,0.07142857142857142,4.625267665952891,6.937901498929337,2.3126338329764455,4.625267665952891,6.937901498929337,0.0,0.0,0.0,3,3,0.0,0
statsbomb,1,43,2,2018,94,25,797,5722,73.95,51,1,9,12.170385395537524,66.66666666666666,50.0,0.0392156862745098,17.038539553752535,3.6511156186612572,0.0,1.2170385395537524,3.6511156186612572,0.16871624,0.0,0.20533416632860038,8,5,0.0,3
statsbomb,1,43,2,2018,95,24,783,,94.98333333333333,0,0,0,0.0,0.0,0.0,0.0,0.0,0.0,0.0,0.0,0.0,0.0,0.0,0.0,0,0,0.0,0
statsbomb,1,43,2,2018,95,24,783,4319,92.98333333333333,83,1,3,3.8716615880982252,81.25,66.66666666666666,0.04819277108433735,18.39039254346657,2.903746191073669,0.9679153970245563,0.0,2.903746191073669,0.97908331,0.0,0.9476698107187668,9,2,0.0,4
statsbomb,1,43,2,2018,95,24,783,5246,91.95,95,2,6,7.830342577487765,72.0,0.0,0.042105263157894736,5.872756933115824,1.9575856443719413,0.0,0.0,1.9575856443719413,0.12156405,0.0,0.11898601957585644,14,2,0.0,0
statsbomb,1,43,2,2018,95,24,783,5247,70.98333333333333,112,2,7,11.411129373092274,86.11111111111111,100.0,0.026785714285714284,25.358065273538386,5.071613054707678,1.2679032636769194,0.0,2.535806527353839,0.0,0.0,0.0,10,5,0.0,3
statsbomb,1,43,2,2018,95,24,783,5248,92.95,173,5,22,26.14308768154922,83.07692307692308,0.0,0.011560693641618497,3.8730500268961805,3.8730500268961805,0.0,0.9682625067240451,0.9682625067240451,0.25120863,0.0,0.24323589779451316,22,13,0.0,2
statsbomb,1,43,2,2018,95,24,783,5249,92.98333333333333,139,2,23,24.19788492561391,89.79591836734694,0.0,0.0,9.679153970245563,1.9358307940491126,0.0,2.903746191073669,4.839576985122782,0.2085115518,0.0,0.20182154144470335,7,2,0.0,1
statsbomb,1,43,2,2018,95,24,783,5255,92.98333333333333,195,3,23,25.165800322638464,92.7536231884058,0.0,0.005128205128205128,9.679153970245563,1.9358307940491126,0.0,0.9679153970245563,4.839576985122782,0.012783561,0.0,0.012373405520702634,22,17,0.0,3
statsbomb,1,43,2,2018,95,24,783,5256,22.8,30,2,3,19.736842105263158,80.0,0.0,0.06666666666666667,15.789473684210526,7.894736842105263,0.0,0.0,3.9473684210526314,0.049046416,0.0,0.19360427368421051,4,3,0.0,1
statsbomb,1,43,2,2018,95,24,783,5258,32.983333333333334,59,0,7,19.10055583628095,71.42857142857143,0.0,0.0,10.914603335017686,2.7286508337544215,2.7286508337544215,0.0,5.457301667508843,0.37006214,0.0,1.0097703668519453,12,4,0.0,1
statsbomb,1,43,2,2018,95,24,783,5260,62.983333333333334,107,1,6,10.002646202699127,79.3103448275862,50.0,0.028037383177570093,37.152685895739616,0.0,0.0,0.0,4.28684837258534,0.445327902,0.0,0.6363510639851813,12,6,0.0,5
statsbomb,1,43,2,2018,95,24,783,5266,91.98333333333333,162,0,18,17.611886211270157,88.33333333333333,0.0,0.012345679012345678,25.439391194056896,1.9568762456966842,0.0,0.0,4.89219061424171,0.026021946,0.0,0.025460863997100923,12,4,0.0,3
statsbomb,1,43,2,2018,95,24,783,5267,94.96666666666667,40,0,22,20.84942084942085,62.5,0.0,0.0,0.0,0.9477009477009477,0.0,0.0,1.8954018954018954,0.0,0.0,0.0,4,4,0.0,0
statsbomb,1,43,2,2018,95,24,783,5717,94.98333333333333,151,5,17,20.845762414458676,79.03225806451613,100.0,0.0,9.475346552026672,3.7901386208106684,0.0,0.0,4.737673276013336,0.018971423,0.0,0.017976080751008948,20,9,0.0,2
statsbomb,1,43,2,2018,95,24,783,6297,1.0,3,0,0,0.0,100.0,0.0,0.0,0.0,0.0,0.0,0.0,0.0,0.0,0.0,0.0,1,0,0.0,0
statsbomb,1,43,2,2018,95,24,783,6300,93.98333333333333,165,1,22,22.025181769817344,93.75,0.0,0.0,6.703316190813974,0.0,0.0,0.9576165986877105,0.9576165986877105,0.0,0.0,0.0,4,2,0.0,3
statsbomb,1,43,2,2018,95,33,796,,94.98333333333333,0,0,0,0.0,0.0,0.0,0.0,0.0,0.0,0.0,0.0,0.0,0.0,0.0,0.0,0,0,0.0,0
statsbomb,1,43,2,2018,95,33,796,5170,54.916666666666664,94,3,14,27.860394537177545,75.0,0.0,0.0,18.027314112291354,3.277693474962064,0.0,0.0,6.555386949924128,0.0,0.0,0.0,24,6,0.0,1
statsbomb,1,43,2,2018,95,33,796,5171,92.98333333333333,124,5,16,20.326223337515682,82.22222222222221,100.0,0.0,27.101631116687578,4.839576985122782,0.9679153970245563,3.8716615880982252,3.8716615880982252,0.022801261,0.0,0.02206969159347553,17,8,0.0,1
statsbomb,1,43,2,2018,95,33,796,5172,93.96666666666667,44,2,23,23.9446612273856,79.16666666666666,0.0,0.0,0.0,0.9577864490954239,0.0,0.0,1.9155728981908478,0.0,0.0,0.0,12,12,0.0,0
statsbomb,1,43,2,2018,95,33,796,5174,94.95,54,2,14,15.165876777251185,79.16666666666666,0.0,0.0,9.47867298578199,0.9478672985781991,0.0,0.9478672985781991,0.0,0.0,0.0,0.0,8,6,0.0,2
statsbomb,1,43,2,2018,95,33,796,5175,89.98333333333333,86,3,18,21.003889609186885,81.81818181818183,0.0,0.011627906976744186,4.000740877940359,3.0005556584552693,0.0,1.0001852194850898,4.000740877940359,0.0,0.0,0.0,11,7,0.0,0
statsbomb,1,43,2,2018,95,33,796,5179,49.9,42,2,3,9.01803607214429,86.66666666666667,100.0,0.047619047619047616,36.07214428857716,3.6072144288577155,0.0,0.0,1.8036072144288577,0.0,0.0,0.0,5,2,0.0,0
statsbomb,1,43,2,2018,95,33,796,5181,47.983333333333334,52,3,4,13.12955887460924,77.27272727272727,0.0,0.0,31.88607155262244,0.0,0.0,0.0,3.75130253560264,0.0,0.0,0.0,8,5,0.0,0
statsbomb,1,43,2,2018,95,33,796,5182,94.98333333333333,101,4,6,9.475346552026672,81.57894736842105,0.0,0.009900990099009901,21.793297069661342,6.6327425864186695,0.9475346552026671,0.9475346552026671,0.9475346552026671,0.0,0.0,0.0,20,1,0.0,3
statsbomb,1,43,2,2018,95,33,796,5186,36.96666666666667,30,3,4,17.042380522993685,50.0,0.0,0.06666666666666667,19.477006311992785,7.303877366997295,0.0,0.0,0.0,0.08638874,0.0,0.21032425428313795,9,4,0.0,2
statsbomb,1,43,2,2018,95,33,796,5194,34.833333333333336,52,3,3,15.502392344497606,70.58823529411765,66.66666666666666,0.019230769230769232,18.086124401913874,10.33492822966507,2.5837320574162677,0.0,2.5837320574162677,0.0,0.0,0.0,11,4,0.0,0
statsbomb,1,43,2,2018,95,33,796,5195,93.98333333333333,116,3,6,8.618549388189395,62.06896551724138,33.33333333333333,0.02586206896551724,29.686114559319027,3.830466394750842,0.0,0.0,2.8728497960631314,0.07099453,0.0,0.06798554034403263,19,4,0.0,4
statsbomb,1,43,2,2018,95,33,796,5677,90.96666666666667,103,1,20,20.776841333821913,86.66666666666667,0.0,0.0,25.723708318065228,0.9893733968486625,0.0,0.0,2.9681201905459877,0.0,0.0,0.0,11,7,0.0,3
statsbomb,1,43,2,2018,95,33,796,6298,35.88333333333333,34,2,5,17.55689735253135,75.0,0.0,0.029411764705882353,7.524384579656294,2.5081281932187647,0.0,0.0,5.016256386437529,0.0,0.0,0.0,5,5,0.0,1
statsbomb,1,43,2,2018,95,33,796,6299,59.983333333333334,62,2,2,6.001667129758266,80.0,100.0,0.016129032258064516,45.012503473186996,3.000833564879133,3.000833564879133,0.0,6.001667129758266,0.0,0.0,0.0,6,3,0.0,2
statsbomb,1,43,2,2018,96,39,774,,95.96666666666667,0,0,0,0.0,0.0,0.0,0.0,0.0,0.0,0.0,0.0,0.0,0.0,0.0,0.0,0,0,0.0,0
statsbomb,1,43,2,2018,96,39,774,3531,94.98333333333333,101,8,5,12.317950517634673,75.0,85.71428571428571,0.019801980198019802,13.265485172837339,4.737673276013336,0.0,0.0,4.737673276013336,0.55171308,0.0,0.5227672630286014,15,5,0.0,0
statsbomb,1,43,2,2018,96,39,774,3536,29.966666666666665,31,0,4,12.013348164627365,81.81818181818183,0.0,0.0,18.020022246941046,3.003337041156841,0.0,0.0,0.0,0.0,0.0,0.0,6,1,0.0,0
statsbomb,1,43,2,2018,96,39,774,3568,92.96666666666667,116,2,7,8.712800286841162,95.0,0.0,0.0,15.489422732162065,2.904266762280387,0.0,1.9361778415202582,0.9680889207601291,0.040299565,0.0,0.03901356238795267,5,4,0.0,0
statsbomb,1,43,2,2018,96,39,774,4063,94.98333333333333,94,3,17,18.950693104053343,82.85714285714286,0.0,0.0,6.6327425864186695,5.685207931216002,0.9475346552026671,0.9475346552026671,1.8950693104053342,0.0,0.0,0.0,7,5,0.0,1
statsbomb,1,43,2,2018,96,39,774,5250,91.98333333333333,109,1,21,21.525638702663525,71.73913043478261,0.0,0.01834862385321101,21.525638702663525,0.0,0.0,1.9568762456966842,0.9784381228483421,0.0,0.0,0.0,10,4,0.0,2
statsbomb,1,43,2,2018,96,39,774,5251,51.983333333333334,60,1,9,17.313241423533185,57.14285714285714,0.0,0.03333333333333333,31.16383456235973,3.4626482847066367,1.7313241423533183,0.0,1.7313241423533183,0.0,0.0,0.0,7,6,0.0,0
statsbomb,1,43,2,2018,96,39,774,5252,63.983333333333334,53,0,8,11.252930450638187,38.88888888888889,50.0,0.018867924528301886,22.505860901276375,1.4066163063297734,0.0,0.0,1.4066163063297734,0.021711508,0.0,0.030539761187809326,12,6,0.0,2
statsbomb,1,43,2,2018,96,39,774,5253,48.9,53,2,3,9.202453987730062,68.75,0.0,0.0,18.404907975460123,7.361963190184049,0.0,1.8404907975460123,7.361963190184049,0.028970212,0.0,0.053319408588957055,12,2,0.0,2
statsbomb,1,43,2,2018,96,39,774,5254,91.98333333333333,74,0,9,8.805943105635079,83.87096774193549,0.0,0.0,3.9137524913933683,0.0,0.9784381228483421,0.9784381228483421,0.9784381228483421,0.0,0.0,0.0,0,0,0.0,1
statsbomb,1,43,2,2018,96,39,774,5257,11.933333333333334,13,0,2,15.083798882681563,100.0,0.0,0.0,22.625698324022345,0.0,0.0,0.0,7.541899441340782,0.0,0.0,0.0,3,1,0.0,0
statsbomb,1,43,2,2018,96,39,774,5261,80.96666666666667,79,1,4,5.5578427336352405,71.42857142857143,100.0,0.02531645569620253,26.677645121449157,5.5578427336352405,0.0,1.1115685467270482,2.2231370934540964,0.281031575,0.0,0.3123858594071634,13,1,0.0,1
statsbomb,1,43,2,2018,96,39,774,5262,89.96666666666667,139,0,17,17.006298629121897,86.53846153846155,0.0,0.007194244604316547,27.010003705075952,2.0007410151908114,0.0,0.0,8.002964060763246,0.0,0.0,0.0,12,8,0.0,2
statsbomb,1,43,2,2018,96,39,774,5263,93.93333333333334,112,4,22,24.911284599006386,86.66666666666667,100.0,0.0,10.539389638041163,3.8325053229240593,0.0,3.8325053229240593,3.8325053229240593,0.0,0.0,0.0,11,7,0.0,3
statsbomb,1,43,2,2018,96,39,774,6292,93.98333333333333,27,0,15,14.364248980315658,73.68421052631578,0.0,0.0,0.0,0.9576165986877105,0.0,0.0,4.788082993438553,0.0,0.0,0.0,2,1,0.0,0
statsbomb,1,43,2,2018,96,10,799,,95.95,0,0,0,0.0,0.0,0.0,0.0,0.0,0.0,0.0,0.0,0.0,0.0,0.0,0.0,0,0,0.0,0
statsbomb,1,43,2,2018,96,10,799,5173,94.98333333333333,325,8,27,33.16371293209335,93.91304347826087,100.0,0.003076923076923077,14.213019828040007,5.685207931216002,0.0,3.7901386208106684,3.7901386208106684,0.132263064,0.0,0.1253238367432883,35,18,0.0,8
statsbomb,1,43,2,2018,96,10,799,5176,28.95,17,0,3,9.32642487046632,0.0,0.0,0.058823529411764705,18.65284974093264,3.1088082901554404,0.0,3.1088082901554404,0.0,0.10910001,0.0,0.33917101554404144,3,2,0.0,0
statsbomb,1,43,2,2018,96,10,799,5178,93.98333333333333,313,12,35,45.007980138322395,84.25925925925925,60.0,0.019169329073482427,36.389430750133,7.660932789501684,0.9576165986877105,4.788082993438553,3.830466394750842,0.96933786,0.0,0.9282540244724241,53,16,0.0,5
statsbomb,1,43,2,2018,96,10,799,5183,88.96666666666667,208,9,22,31.3600599475459,82.05128205128204,0.0,0.004807692307692308,17.197452229299365,10.116148370176097,1.0116148370176097,0.0,5.058074185088048,0.026268508,0.0,0.026573612439115775,36,10,0.0,5
statsbomb,1,43,2,2018,96,10,799,5184,93.96666666666667,83,1,18,18.197942532813055,85.71428571428571,0.0,0.0,14.366796736431358,1.9155728981908478,0.0,1.9155728981908478,2.8733593472862715,0.0,0.0,0.0,4,3,0.0,3
statsbomb,1,43,2,2018,96,10,799,5187,94.98333333333333,235,12,13,23.68836638006668,93.65079365079364,60.0,0.02127659574468085,22.74083172486401,12.317950517634673,0.0,2.842603965608001,4.737673276013336,0.19627757699999998,0.0,0.18597980624670993,38,11,0.0,4
statsbomb,1,43,2,2018,96,10,799,5188,64.95,106,2,3,6.928406466512702,75.75757575757575,0.0,0.018867924528301886,20.785219399538107,2.771362586605081,0.0,0.0,5.542725173210162,0.08446361299999999,0.0,0.11703964849884525,23,2,0.0,2
statsbomb,1,43,2,2018,96,10,799,5190,78.96666666666667,83,0,1,1.1397214014352046,73.33333333333333,50.0,0.0963855421686747,25.073870831574503,0.0,0.0,1.1397214014352046,2.2794428028704092,0.7835,0.0,0.8929717180244828,13,0,0.0,1
statsbomb,1,43,2,2018,96,10,799,5191,94.98333333333333,231,6,9,14.213019828040007,90.69767441860465,0.0,0.008658008658008658,18.003158448850677,7.580277241621337,0.0,1.8950693104053342,1.8950693104053342,0.075182399,0.0,0.07123792851377435,36,9,0.0,6
statsbomb,1,43,2,2018,96,10,799,5192,12.966666666666667,58,2,5,48.58611825192802,95.23809523809523,0.0,0.0,20.822622107969153,6.940874035989717,0.0,0.0,6.940874035989717,0.0,0.0,0.0,10,6,0.0,0
statsbomb,1,43,2,2018,96,10,799,5716,92.96666666666667,236,9,11,19.361778415202583,94.44444444444444,50.0,0.00847457627118644,11.617067049121548,6.776622445320903,0.0,0.9680889207601291,4.840444603800646,0.16942244499999998,0.0,0.1640159919325923,32,14,0.0,1
statsbomb,1,43,2,2018,96,10,799,6290,89.98333333333333,70,1,8,9.001666975365808,87.09677419354838,0.0,0.014285714285714285,12.002222633821077,0.0,1.0001852194850898,0.0,4.000740877940359,0.0,0.0,0.0,1,1,0.0,2
statsbomb,1,43,2,2018,96,10,799,6291,86.88333333333334,28,0,11,11.394590446959524,92.3076923076923,0.0,0.0,0.0,1.0358718588145022,0.0,0.0,1.0358718588145022,0.0,0.0,0.0,3,2,0.0,0
statsbomb,1,43,2,2018,97,4,772,,96.98333333333333,0,0,0,0.0,0.0,0.0,0.0,0.0,0.0,0.0,0.0,0.0,0.0,0.0,0.0,0,0,0.0,0
statsbomb,1,43,2,2018,97,4,772,3064,83.98333333333333,119,1,5,6.429847191903155,80.0,0.0,0.0,22.504465171661042,1.0716411986505259,0.0,1.0716411986505259,0.0,0.124626815,0.0,0.13355522941059733,24,2,0.0,3
statsbomb,1,43,2,2018,97,4,772,3333,80.96666666666667,25,0,6,6.669411280362289,75.0,0.0,0.0,0.0,0.0,0.0,0.0,2.2231370934540964,0.0,0.0,0.0,1,0,0.0,0
statsbomb,1,43,2,2018,97,4,772,4926,96.98333333333333,303,17,24,38.04777453170648,87.37864077669903,100.0,0.0033003300330033004,22.271868018559893,12.991923010826604,0.0,0.9279945007733288,1.8559890015466576,0.6135978,0.0,0.5694153840866129,52,14,0.0,2
statsbomb,1,43,2,2018,97,4,772,5198,73.98333333333333,77,2,2,4.865960801982428,89.47368421052632,100.0,0.03896103896103896,18.247353007434107,1.216490200495607,0.0,0.0,3.6494706014868212,0.63165614,0.0,0.7684035043928813,14,2,0.0,0
statsbomb,1,43,2,2018,97,4,772,5201,96.98333333333333,272,5,39,40.831758034026464,95.04950495049505,0.0,0.003676470588235294,5.567967004639973,3.711978003093315,0.0,0.0,3.711978003093315,0.006282342,0.0,0.005829978827977316,25,24,0.0,3
statsbomb,1,43,2,2018,97,4,772,5203,96.98333333333333,149,0,20,18.559890015466575,92.06349206349206,0.0,0.0,12.063928510053275,0.0,0.0,0.9279945007733288,2.7839835023199866,0.092447676,0.0,0.08579093493727445,20,14,0.0,3
statsbomb,1,43,2,2018,97,4,772,5208,73.98333333333333,254,6,18,29.19576481189457,98.86363636363636,75.0,0.003937007874015748,4.865960801982428,2.432980400991214,0.0,1.216490200495607,4.865960801982428,0.12530062,0.0,0.15242697634602387,30,17,0.0,0
statsbomb,1,43,2,2018,97,4,772,5211,89.98333333333333,196,5,8,13.002407853306167,91.66666666666666,50.0,0.01020408163265306,10.001852194850898,5.000926097425449,0.0,3.0005556584552693,4.000740877940359,0.0,0.0,0.0,29,6,0.0,1
statsbomb,1,43,2,2018,97,4,772,5213,89.98333333333333,207,8,33,41.00759399888868,91.02564102564102,0.0,0.0,3.0005556584552693,5.000926097425449,0.0,0.0,5.000926097425449,0.142946907,0.0,0.14297338355250971,17,18,0.0,1
statsbomb,1,43,2,2018,97,4,772,5216,89.98333333333333,257,2,21,23.004260048157064,88.50574712643679,50.0,0.011673151750972763,16.002963511761436,1.0001852194850898,0.0,2.0003704389701795,1.0001852194850898,0.14818987,0.0,0.1482173176514169,38,13,0.0,2
statsbomb,1,43,2,2018,97,4,772,5217,19.766666666666666,17,0,1,4.5531197301854975,100.0,0.0,0.0,40.97807757166948,0.0,0.0,0.0,0.0,0.41411763,0.0,1.8855271517706578,4,0,0.0,1
statsbomb,1,43,2,2018,97,4,772,5718,10.883333333333333,17,0,0,0.0,50.0,0.0,0.058823529411764705,33.078101071975496,0.0,0.0,0.0,0.0,0.113147,0.0,0.9356719754977029,2,0,0.0,0
statsbomb,1,43,2,2018,97,4,772,5719,22.85,25,0,2,7.877461706783369,87.5,0.0,0.04,3.9387308533916845,0.0,0.0,0.0,3.9387308533916845,0.1921803,0.0,0.7569464770240699,4,1,0.0,0
statsbomb,1,43,2,2018,97,4,772,5721,95.96666666666667,175,4,12,15.00521014241056,82.35294117647058,0.0,0.022857142857142857,13.12955887460924,2.81347690170198,1.87565126780132,0.0,3.75130253560264,0.0,0.0,0.0,26,4,0.0,2
statsbomb,1,43,2,2018,97,28,788,,96.98333333333333,0,0,0,0.0,0.0,0.0,0.0,0.0,0.0,0.0,0.0,0.0,0.0,0.0,0.0,0,0,0.0,0
statsbomb,1,43,2,2018,97,28,788,3302,96.98333333333333,60,4,1,4.639972503866644,75.0,100.0,0.03333333333333333,31.55181302629318,3.711978003093315,0.9279945007733288,0.9279945007733288,5.567967004639973,0.010095489,0.0,0.009368558274617632,6,3,0.0,3
statsbomb,1,43,2,2018,97,28,788,5219,85.98333333333333,57,3,13,16.747431672804808,76.0,0.0,0.0,9.420430315952704,2.093428959100601,0.0,2.093428959100601,1.0467144795503005,0.0,0.0,0.0,4,3,0.0,1
statsbomb,1,43,2,2018,97,28,788,5221,92.96666666666667,58,1,11,11.617067049121548,62.96296296296296,0.0,0.0,7.744711366081033,0.0,0.0,0.9680889207601291,2.904266762280387,0.0,0.0,0.0,7,6,0.0,0
statsbomb,1,43,2,2018,97,28,788,5223,8.7,3,0,0,0.0,50.0,0.0,0.0,20.689655172413794,0.0,0.0,0.0,0.0,0.0,0.0,0.0,0,0,0.0,1
statsbomb,1,43,2,2018,97,28,788,5232,89.98333333333333,79,0,5,5.000926097425449,88.0,0.0,0.012658227848101266,32.00592702352287,2.0003704389701795,0.0,1.0001852194850898,2.0003704389701795,0.0452215,0.0,0.045229875902944985,3,0,0.0,2
statsbomb,1,43,2,2018,97,28,788,5233,93.98333333333333,46,0,21,20.109948572441922,60.0,0.0,0.0,0.0,0.0,0.0,0.0,1.915233197375421,0.0,0.0,0.0,5,3,0.0,0
statsbomb,1,43,2,2018,97,28,788,5236,89.98333333333333,37,0,3,3.0005556584552693,100.0,0.0,0.02702702702702703,29.005371365067603,1.0001852194850898,1.0001852194850898,0.0,7.001296536395628,0.0,0.0,0.0,1,0,0.0,7
statsbomb,1,43,2,2018,97,28,788,5237,84.98333333333333,72,3,4,7.413218278093744,73.68421052631578,25.0,0.06944444444444445,36.0070602078839,0.0,1.0590311825848207,2.1180623651696413,4.236124730339283,0.12597112,0.0,0.13340734418513434,8,3,0.0,5
statsbomb,1,43,2,2018,97,28,788,5242,62.983333333333334,47,0,2,2.8578989150568934,93.75,0.0,0.02127659574468085,37.152685895739616,0.0,0.0,0.0,2.8578989150568934,0.0,0.0,0.0,3,1,0.0,3
statsbomb,1,43,2,2018,97,28,788,5245,94.98333333333333,81,3,11,13.265485172837339,75.0,100.0,0.0,13.265485172837339,0.9475346552026671,0.0,0.0,4.737673276013336,0.0,0.0,0.0,12,6,0.0,1
statsbomb,1,43,2,2018,97,28,788,5724,31.95,25,0,1,2.8169014084507045,88.88888888888889,0.0,0.04,36.61971830985916,0.0,0.0,0.0,0.0,0.0,0.0,0.0,2,1,0.0,0
statsbomb,1,43,2,2018,97,28,788,5726,70.96666666666667,41,3,2,6.341005166744951,72.72727272727273,100.0,0.07317073170731707,48.19163926726163,2.5364020666979803,0.0,0.0,2.5364020666979803,0.72174234,0.0,0.9153143813997182,3,3,0.0,4
statsbomb,1,43,2,2018,97,28,788,5727,88.96666666666667,84,4,9,13.150992881228927,79.3103448275862,100.0,0.011904761904761904,24.278756088422632,3.034844511052829,0.0,1.0116148370176097,4.046459348070439,0.10190532,0.0,0.10308893368302735,13,6,0.0,2
statsbomb,1,43,2,2018,97,28,788,6301,23.966666666666665,14,0,2,7.510431154381085,40.0,0.0,0.0,15.02086230876217,0.0,0.0,0.0,3.7552155771905427,0.066824906,0.0,0.25094192795549375,2,1,0.0,1
statsbomb,1,43,2,2018,98,29,785,,94.98333333333333,0,0,0,0.0,0.0,0.0,0.0,0.0,0.0,0.0,0.0,0.0,0.0,0.0,0.0,0,0,0.0,0
statsbomb,1,43,2,2018,98,29,785,3471,22.816666666666666,4,0,0,0.0,100.0,0.0,0.0,3.944485025566107,0.0,0.0,0.0,0.0,0.0,0.0,0.0,0,0,0.0,0
statsbomb,1,43,2,2018,98,29,785,5456,80.98333333333333,245,6,17,25.56081498250669,97.53086419753086,25.0,0.012244897959183673,31.117513891747276,8.890718254784936,2.222679563696234,1.111339781848117,4.445359127392468,0.060011856,0.0,0.06669356295534061,20,9,0.0,1
statsbomb,1,43,2,2018,98,29,785,5459,69.96666666666667,85,2,2,5.145307289185326,75.0,50.0,0.07058823529411765,10.290614578370652,1.2863268222963316,0.0,0.0,5.145307289185326,0.027670745,0.0,0.0355936214864221,5,3,0.0,4
statsbomb,1,43,2,2018,98,29,785,5460,91.98333333333333,174,7,3,9.78438122848342,87.2340425531915,0.0,0.005747126436781609,23.482514948360212,7.827504982786737,0.0,0.0,2.9353143685450265,0.10047312,0.0,0.09830673092951621,22,3,0.0,1
statsbomb,1,43,2,2018,98,29,785,5463,64.98333333333333,165,5,24,40.16414465247499,89.65517241379311,100.0,0.0,20.774557578866375,5.539882021031033,0.0,0.0,6.924852526288792,0.02248241,0.0,0.03113747473711208,30,12,0.0,1
statsbomb,1,43,2,2018,98,29,785,5470,10.983333333333333,23,0,3,24.582701062215477,66.66666666666666,0.0,0.043478260869565216,16.38846737481032,0.0,0.0,0.0,0.0,0.063333191,0.0,0.5189669672230652,4,2,0.0,0
statsbomb,1,43,2,2018,98,29,785,5474,92.96666666666667,125,4,3,6.776622445320903,67.64705882352942,0.0,0.008,28.074578702043745,4.840444603800646,0.0,0.0,1.9361778415202582,0.204330999,0.0,0.19781057629974902,15,6,0.0,4
statsbomb,1,43,2,2018,98,29,785,5739,91.98333333333333,120,4,22,25.439391194056896,89.79591836734694,100.0,0.0,7.827504982786737,3.9137524913933683,0.9784381228483421,1.9568762456966842,3.9137524913933683,0.0,0.0,0.0,6,4,0.0,0
statsbomb,1,43,2,2018,98,29,785,6305,94.98333333333333,193,3,25,26.530970345674678,89.70588235294117,100.0,0.0051813471502590676,29.37357431128268,1.8950693104053342,0.9475346552026671,1.8950693104053342,4.737673276013336,0.18636924000000002,0.0,0.17659131356378313,19,11,0.0,7
statsbomb,1,43,2,2018,98,29,785,6307,93.98333333333333,94,1,12,12.449015782940236,91.17647058823529,100.0,0.0,18.1947153750665,0.9576165986877105,0.0,0.0,0.9576165986877105,0.0,0.0,0.0,3,2,0.0,1
statsbomb,1,43,2,2018,98,29,785,6308,90.96666666666667,173,6,19,24.734334921216565,82.53968253968253,33.33333333333333,0.011560693641618497,19.78746793697325,5.9362403810919755,1.978746793697325,0.9893733968486625,2.9681201905459877,0.009257236,0.0,0.009158863026749725,24,7,0.0,2
statsbomb,1,43,2,2018,98,29,785,6309,94.98333333333333,117,1,11,11.370415862432004,72.54901960784314,0.0,0.017094017094017096,25.58343569047201,2.842603965608001,0.9475346552026671,0.9475346552026671,0.0,0.0,0.0,0.0,14,4,0.0,4
statsbomb,1,43,2,2018,98,29,785,6310,29.8,29,0,4,12.080536912751677,90.9090909090909,0.0,0.0,12.080536912751677,0.0,0.0,0.0,3.0201342281879193,0.0,0.0,0.0,2,1,0.0,0
statsbomb,1,43,2,2018,98,29,785,6311,93.98333333333333,32,0,14,13.406632381627947,31.25,0.0,0.0,0.0,0.9576165986877105,0.0,0.0,4.788082993438553,0.0,0.0,0.0,4,3,0.0,0
statsbomb,1,43,2,2018,98,35,793,,94.96666666666667,0,0,0,0.0,0.0,0.0,0.0,0.0,0.0,0.0,0.0,0.0,0.0,0.0,0.0,0,0,0.0,0
statsbomb,1,43,2,2018,98,35,793,3720,93.98333333333333,105,4,11,14.364248980315658,72.97297297297297,100.0,0.009523809523809525,25.855648164568183,4.788082993438553,0.0,0.9576165986877105,7.660932789501684,0.019261634,0.0,0.01844526043624756,23,8,0.0,3
statsbomb,1,43,2,2018,98,35,793,3944,94.98333333333333,105,0,13,12.317950517634673,67.56756756756756,66.66666666666666,0.01904761904761905,44.53412879452535,0.9475346552026671,0.0,0.9475346552026671,5.685207931216002,0.800195144,0.0,0.7582126298648886,24,7,0.0,2
statsbomb,1,43,2,2018,98,35,793,5498,87.98333333333333,35,1,16,17.389657132032582,56.25,0.0,0.0,0.0,1.0229210077666224,0.0,0.0,1.0229210077666224,0.0,0.0,0.0,2,2,0.0,0
statsbomb,1,43,2,2018,98,35,793,5500,23.95,17,0,2,7.515657620041754,80.0,100.0,0.0,7.515657620041754,3.757828810020877,0.0,0.0,7.515657620041754,0.0,0.0,0.0,5,2,0.0,0
statsbomb,1,43,2,2018,98,35,793,5501,93.96666666666667,67,2,9,10.535650940049663,44.827586206896555,0.0,0.0,10.535650940049663,1.9155728981908478,0.9577864490954239,1.9155728981908478,1.9155728981908478,0.167236186,0.0,0.16017655274920184,13,5,0.0,2
statsbomb,1,43,2,2018,98,35,793,5508,92.96666666666667,63,0,14,13.553244890641807,69.23076923076923,0.0,0.0,15.489422732162065,0.9680889207601291,0.0,0.0,1.9361778415202582,0.0,0.0,0.0,9,8,0.0,5
statsbomb,1,43,2,2018,98,35,793,5509,89.98333333333333,89,4,8,12.002222633821077,64.28571428571429,0.0,0.011235955056179775,23.004260048157064,2.0003704389701795,0.0,1.0001852194850898,3.0005556584552693,0.5404297499999999,0.0,0.5405298481200221,14,6,0.0,2
statsbomb,1,43,2,2018,98,35,793,5511,69.98333333333333,54,2,11,16.71826625386997,72.0,0.0,0.0,14.146225291736128,1.2860204810669207,0.0,1.2860204810669207,1.2860204810669207,0.0,0.0,0.0,4,3,0.0,1
statsbomb,1,43,2,2018,98,35,793,5512,89.95,106,2,12,14.007782101167315,85.71428571428571,50.0,0.02830188679245283,23.01278488048916,1.000555864369094,2.001111728738188,0.0,12.006670372429127,0.0148026515,0.0,0.014810879766536965,13,8,0.0,1
statsbomb,1,43,2,2018,98,35,793,5514,84.98333333333333,67,2,2,4.236124730339283,61.111111111111114,0.0,0.029850746268656716,32.82996666012944,1.0590311825848207,1.0590311825848207,0.0,5.295155912924104,0.13476612,0.0,0.14272152343596783,8,3,0.0,0
statsbomb,1,43,2,2018,98,35,793,5515,93.98333333333333,77,1,16,16.27948217769108,83.33333333333334,0.0,0.012987012987012988,22.025181769817344,0.9576165986877105,0.0,0.9576165986877105,3.830466394750842,0.222577746,0.0,0.21314414406809717,21,8,0.0,4
statsbomb,1,43,2,2018,98,35,793,5831,89.98333333333333,73,0,15,15.002778292276346,71.42857142857143,0.0,0.0,16.002963511761436,1.0001852194850898,0.0,2.0003704389701795,4.000740877940359,0.23341767,0.0,0.23346090350064824,3,1,0.0,2
statsbomb,1,43,2,2018,98,35,793,6304,2.75,5,0,0,0.0,0.0,0.0,0.0,0.0,0.0,0.0,0.0,0.0,0.0,0.0,0.0,2,0,0.0,0
statsbomb,1,43,2,2018,98,35,793,6306,4.4,5,0,1,20.454545454545453,0.0,0.0,0.0,40.90909090909091,0.0,0.0,0.0,0.0,0.0,0.0,0.0,2,0,0.0,0
statsbomb,1,43,2,2018,99,36,784,,94.75,0,0,0,0.0,0.0,0.0,0.0,0.0,0.0,0.0,0.0,0.0,0.0,0.0,0.0,0,0,0.0,0
statsbomb,1,43,2,2018,99,36,784,3632,77.98333333333333,82,2,3,5.77046377431075,76.0,100.0,0.036585365853658534,26.544133361829452,2.3081855097243,1.15409275486215,1.15409275486215,2.3081855097243,0.03970575,0.0,0.04582411840136781,6,3,0.0,3
statsbomb,1,43,2,2018,99,36,784,5518,93.98333333333333,162,1,32,31.601347756694448,82.35294117647058,50.0,0.012345679012345678,12.449015782940236,0.9576165986877105,0.9576165986877105,0.0,4.788082993438553,0.0,0.0,0.0,18,12,0.0,1
statsbomb,1,43,2,2018,99,36,784,5519,91.98333333333333,108,5,2,6.849066859938395,87.5,100.0,0.037037037037037035,19.56876245696684,5.870628737090053,0.9784381228483421,0.0,7.827504982786737,0.0,0.0,0.0,18,4,0.0,1
statsbomb,1,43,2,2018,99,36,784,5521,93.98333333333333,124,3,14,16.27948217769108,80.0,0.0,0.016129032258064516,13.406632381627947,1.915233197375421,1.915233197375421,0.9576165986877105,6.703316190813974,0.0,0.0,0.0,11,5,0.0,4
statsbomb,1,43,2,2018,99,36,784,5523,62.96666666666667,44,0,3,4.287983059820011,85.0,0.0,0.0,31.445209105346745,0.0,0.0,2.8586553732133404,0.0,0.0,0.0,0.0,4,2,0.0,1
statsbomb,1,43,2,2018,99,36,784,5525,92.98333333333333,80,2,5,6.7754077791718945,65.21739130434783,0.0,0.0625,25.165800322638464,0.9679153970245563,0.9679153970245563,0.9679153970245563,3.8716615880982252,0.0,0.0,0.0,9,3,0.0,0
statsbomb,1,43,2,2018,99,36,784,5526,46.983333333333334,74,0,3,5.746718694572543,85.18518518518519,0.0,0.0,26.81802057467187,1.9155728981908478,1.9155728981908478,0.0,3.8311457963816955,0.0,0.0,0.0,4,0,0.0,3
statsbomb,1,43,2,2018,99,36,784,5528,89.96666666666667,55,2,24,26.009633197480547,59.375,0.0,0.0,0.0,1.0003705075954057,0.0,0.0,8.002964060763246,0.0,0.0,0.0,6,6,0.0,0
statsbomb,1,43,2,2018,99,36,784,5529,45.983333333333334,111,3,14,33.272924972816234,79.48717948717949,0.0,0.0,25.444001449800652,3.9144617615077926,0.0,0.0,3.9144617615077926,0.0056918976,0.0,0.011140357752808989,15,8,0.0,1
statsbomb,1,43,2,2018,99,36,784,5530,93.98333333333333,101,2,12,13.406632381627947,82.5,0.0,0.0,9.576165986877106,1.915233197375421,0.0,0.9576165986877105,0.9576165986877105,0.0,0.0,0.0,5,5,0.0,1
statsbomb,1,43,2,2018,99,36,784,5535,92.96666666666667,70,3,3,5.808533524560774,58.82352941176471,0.0,0.04285714285714286,12.585155969881678,1.9361778415202582,0.0,0.0,2.904266762280387,0.29097744000000003,0.0,0.28169203585514524,7,3,0.0,1
statsbomb,1,43,2,2018,99,36,784,5738,93.98333333333333,104,0,8,7.660932789501684,92.5,0.0,0.0,9.576165986877106,0.9576165986877105,0.9576165986877105,0.0,4.788082993438553,0.0,0.0,0.0,2,1,0.0,1
statsbomb,1,43,2,2018,99,36,784,6313,10.95,11,0,1,8.219178082191782,75.0,0.0,0.0,98.63013698630138,0.0,0.0,0.0,0.0,0.0,0.0,0.0,1,0,0.0,0
statsbomb,1,43,2,2018,99,36,784,6315,30.933333333333334,56,1,3,11.637931034482758,89.47368421052632,100.0,0.03571428571428571,29.094827586206897,5.818965517241379,2.9094827586206895,0.0,0.0,0.0,0.0,0.0,8,2,0.0,0
statsbomb,1,43,2,2018,99,7,792,,94.88333333333334,0,0,0,0.0,0.0,0.0,0.0,0.0,0.0,0.0,0.0,0.0,0.0,0.0,0.0,0,0,0.0,0
statsbomb,1,43,2,2018,99,7,792,3240,84.98333333333333,57,0,19,20.121592469111594,96.42857142857143,0.0,0.0,0.0,0.0,0.0,0.0,7.413218278093744,0.0,0.0,0.0,3,0,0.0,0
statsbomb,1,43,2,2018,99,7,792,3281,89.98333333333333,211,2,23,25.004630487127244,84.52380952380952,0.0,0.0,15.002778292276346,3.0005556584552693,0.0,0.0,2.0003704389701795,0.009029534,0.0,0.00903120644563808,35,12,0.0,2
statsbomb,1,43,2,2018,99,7,792,5478,91.98333333333333,217,6,31,36.20221054538866,92.20779220779221,100.0,0.0,13.69813371987679,5.870628737090053,0.0,0.9784381228483421,2.9353143685450265,0.307944,0.0,0.30130414930240984,15,10,0.0,3
statsbomb,1,43,2,2018,99,7,792,5479,91.98333333333333,144,4,11,14.676571842725131,88.46153846153845,0.0,0.034722222222222224,21.525638702663525,2.9353143685450265,0.0,0.0,5.870628737090053,0.11772655,0.0,0.11518814459141148,18,4,0.0,2
statsbomb,1,43,2,2018,99,7,792,5481,93.98333333333333,120,8,7,14.364248980315658,69.6969696969697,75.0,0.008333333333333333,37.34704734882071,5.745699592126263,0.0,0.9576165986877105,2.8728497960631314,0.192060538,0.0,0.18392035914169177,21,8,0.0,7
statsbomb,1,43,2,2018,99,7,792,5482,92.98333333333333,159,6,25,30.005377307761247,81.81818181818183,100.0,0.006289308176100629,41.62036207205592,3.8716615880982252,0.9679153970245563,0.0,2.903746191073669,0.0,0.0,0.0,35,13,0.0,7
statsbomb,1,43,2,2018,99,7,792,5483,34.916666666666664,44,0,2,5.155131264916468,83.33333333333334,0.0,0.045454545454545456,33.508353221957044,7.732696897374702,0.0,0.0,7.732696897374702,0.059451457,0.0,0.1532400323627685,8,1,0.0,2
statsbomb,1,43,2,2018,99,7,792,5488,91.98333333333333,222,3,30,32.28845805399529,93.97590361445783,0.0,0.0,2.9353143685450265,2.9353143685450265,0.0,0.9784381228483421,3.9137524913933683,0.0,0.0,0.0,12,7,0.0,0
statsbomb,1,43,2,2018,99,7,792,5489,92.98333333333333,185,2,24,25.165800322638464,92.0,0.0,0.0,24.19788492561391,0.0,0.9679153970245563,0.0,4.839576985122782,0.44805609199999996,0.0,0.4336803901774511,18,12,0.0,4
statsbomb,1,43,2,2018,99,7,792,5490,22.95,19,0,3,11.764705882352942,50.0,0.0,0.0,54.90196078431373,0.0,0.0,3.9215686274509807,3.9215686274509807,0.0,0.0,0.0,5,1,0.0,2
statsbomb,1,43,2,2018,99,7,792,5491,71.98333333333333,91,2,8,12.502894188469554,91.30434782608695,100.0,0.01098901098901099,25.00578837693911,2.5005788376939106,0.0,1.2502894188469553,5.001157675387821,0.279165096,0.0,0.3490371656401945,15,5,0.0,5
statsbomb,1,43,2,2018,99,7,792,5493,52.983333333333334,42,1,3,6.794589493551431,45.45454545454545,0.0,0.09523809523809523,20.383768480654293,0.0,0.0,0.0,1.6986473733878578,0.0,0.0,0.0,4,3,0.0,1
statsbomb,1,43,2,2018,99,7,792,5494,57.95,43,0,1,1.553062985332183,64.28571428571429,0.0,0.046511627906976744,21.74288179465056,0.0,0.0,0.0,1.553062985332183,0.0,0.0,0.0,9,1,0.0,1
statsbomb,1,43,2,2018,99,7,792,6314,38.95,33,0,2,4.621309370988446,66.66666666666666,0.0,0.09090909090909091,23.10654685494223,0.0,0.0,0.0,4.621309370988446,0.24188600799999999,0.0,0.5589150377406931,4,2,0.0,1
statsbomb,1,43,2,2018,100,19,771,,93.95,0,0,0,0.0,0.0,0.0,0.0,0.0,0.0,0.0,0.0,0.0,0.0,0.0,0.0,0,0,0.0,0
statsbomb,1,43,2,2018,100,19,771,2948,21.916666666666668,54,2,3,20.532319391634978,85.71428571428571,100.0,0.0,12.319391634980988,4.106463878326996,0.0,0.0,8.212927756653992,0.040871746,0.0,0.16783834859315588,12,2,0.0,0
statsbomb,1,43,2,2018,100,19,771,2999,92.98333333333333,195,10,24,32.909123498834916,89.47368421052632,0.0,0.0,4.839576985122782,7.7433231761964505,0.0,0.9679153970245563,6.7754077791718945,0.0,0.0,0.0,12,11,0.0,1
statsbomb,1,43,2,2018,100,19,771,3009,14.8,41,3,0,18.243243243243242,75.0,0.0,0.04878048780487805,0.0,18.243243243243242,0.0,0.0,6.081081081081081,0.0,0.0,0.0,11,2,0.0,0
statsbomb,1,43,2,2018,100,19,771,3245,92.96666666666667,174,6,13,18.39368949444245,92.5925925925926,75.0,0.011494252873563218,9.680889207601291,5.808533524560774,0.0,0.0,1.9361778415202582,0.026648624,0.0,0.025798237647902473,30,8,0.0,2
statsbomb,1,43,2,2018,100,19,771,3261,42.983333333333334,97,2,5,14.6568437378829,77.14285714285715,0.0,0.010309278350515464,6.281504459092671,4.187669639395114,0.0,0.0,6.281504459092671,0.0,0.0,0.0,21,4,0.0,1
statsbomb,1,43,2,2018,100,19,771,3446,92.98333333333333,261,7,27,32.909123498834916,83.83838383838383,0.0,0.0038314176245210726,7.7433231761964505,1.9358307940491126,0.0,0.0,4.839576985122782,0.0,0.0,0.0,44,14,0.0,3
statsbomb,1,43,2,2018,100,19,771,3543,88.98333333333333,54,2,20,22.251357932197042,84.0,0.0,0.0,0.0,1.011425360554411,0.0,0.0,9.102828244989698,0.0,0.0,0.0,1,1,0.0,0
statsbomb,1,43,2,2018,100,19,771,3604,88.98333333333333,68,0,4,4.045701442217644,80.0,0.0,0.04411764705882353,10.11425360554411,0.0,0.0,0.0,0.0,0.22661623,0.0,0.22920540213523133,9,1,0.0,1
statsbomb,1,43,2,2018,100,19,771,3961,92.98333333333333,221,6,24,29.03746191073669,88.60759493670885,0.0,0.004524886877828055,15.486646352392901,5.807492382147338,0.0,1.9358307940491126,7.7433231761964505,0.0,0.0,0.0,25,17,0.0,5
statsbomb,1,43,2,2018,100,19,771,5477,77.96666666666667,159,11,10,24.241128687473278,83.72093023255815,80.0,0.031446540880503145,13.852073535699017,12.697734074390766,0.0,0.0,4.6173578452330055,0.019790420000000003,0.0,0.022844862761864048,28,10,0.0,5
statsbomb,1,43,2,2018,100,19,771,5484,49.96666666666667,117,5,8,23.415610406937958,88.37209302325581,0.0,0.017094017094017096,9.006004002668446,5.403602401601067,0.0,0.0,1.801200800533689,0.0,0.0,0.0,21,6,0.0,2
statsbomb,1,43,2,2018,100,19,771,5485,92.98333333333333,226,9,34,41.62036207205592,91.01123595505618,100.0,0.0,3.8716615880982252,6.7754077791718945,0.0,0.0,7.7433231761964505,0.07222413,0.0,0.06990684746370317,14,13,0.0,2
statsbomb,1,43,2,2018,100,19,771,5487,67.96666666666667,134,5,8,17.21432074546346,71.42857142857143,100.0,0.022388059701492536,11.917606669936243,1.3241785188818047,0.0,1.3241785188818047,3.972535556645414,0.031989345,0.0,0.04235960348209907,22,5,0.0,2
statsbomb,1,43,2,2018,100,19,771,5737,92.98333333333333,183,5,23,27.101631116687578,83.56164383561644,0.0,0.0,5.807492382147338,0.0,0.9679153970245563,0.9679153970245563,0.9679153970245563,0.0,0.0,0.0,31,20,0.0,0
statsbomb,1,43,2,2018,100,1,776,,93.95,0,0,0,0.0,0.0,0.0,0.0,0.0,0.0,0.0,0.0,0.0,0.0,0.0,0.0,0,0,0.0,0
statsbomb,1,43,2,2018,100,1,776,3027,89.98333333333333,79,0,6,6.001111316910539,86.66666666666667,0.0,0.0,17.003148731246526,0.0,0.0,1.0001852194850898,1.0001852194850898,0.0,0.0,0.0,2,0,0.0,4
statsbomb,1,43,2,2018,100,1,776,3043,92.96666666666667,110,2,11,12.585155969881678,60.0,100.0,0.045454545454545456,16.457511652922193,0.0,0.0,0.0,8.712800286841162,0.10715434900000001,0.0,0.10373493807816422,19,5,0.0,2
statsbomb,1,43,2,2018,100,1,776,3815,87.98333333333333,63,1,31,32.73347224853192,35.483870967741936,0.0,0.0,0.0,2.045842015533245,0.0,0.0,3.0687630232998675,0.0,0.0,0.0,17,16,0.0,0
statsbomb,1,43,2,2018,100,1,776,3959,88.93333333333334,55,0,5,5.059970014992503,88.46153846153845,0.0,0.01818181818181818,21.25187406296851,0.0,0.0,2.0239880059970012,3.035982008995502,0.0,0.0,0.0,5,1,0.0,3
statsbomb,1,43,2,2018,100,1,776,4447,87.96666666666667,87,2,3,5.115574081091322,79.16666666666666,100.0,0.034482758620689655,18.41606669192876,3.0693444486547934,1.0231148162182644,0.0,3.0693444486547934,0.0,0.0,0.0,9,2,0.0,0
statsbomb,1,43,2,2018,100,1,776,4763,90.98333333333333,90,1,23,23.74061183366917,65.11627906976744,0.0,0.0,10.881113757098369,0.9891921597362154,0.0,0.0,4.945960798681077,0.0052553928,0.0,0.005198593354094156,14,7,0.0,4
statsbomb,1,43,2,2018,100,1,776,5516,59.983333333333334,50,1,6,10.502917477076965,61.53846153846154,100.0,0.04,33.00916921367046,4.501250347318699,0.0,1.5004167824395664,6.001667129758266,0.0,0.0,0.0,4,3,0.0,4
statsbomb,1,43,2,2018,100,1,776,5524,88.98333333333333,67,3,9,12.137104326652931,70.0,0.0,0.014925373134328358,22.251357932197042,5.057126802772055,0.0,3.034276081663233,9.102828244989698,0.0,0.0,0.0,10,4,0.0,3
statsbomb,1,43,2,2018,100,1,776,5527,90.96666666666667,97,1,10,10.883107365335288,87.17948717948718,50.0,0.010309278350515464,26.713081714913887,0.0,0.0,0.9893733968486625,4.946866984243313,0.0,0.0,0.0,14,6,0.0,1
statsbomb,1,43,2,2018,100,1,776,5534,86.95,106,0,13,13.456009200690053,76.92307692307693,0.0,0.0,5.175388154111559,0.0,0.0,1.0350776308223117,1.0350776308223117,0.0,0.0,0.0,11,9,0.0,1
statsbomb,1,43,2,2018,100,1,776,5732,74.96666666666667,76,3,4,8.403734993330369,42.10526315789473,100.0,0.013157894736842105,16.807469986660738,2.401067140951534,0.0,0.0,3.6016007114273005,0.0,0.0,0.0,14,4,0.0,2
statsbomb,1,43,2,2018,100,1,776,6302,17.866666666666667,21,1,2,15.111940298507463,80.0,0.0,0.047619047619047616,20.149253731343283,5.037313432835821,0.0,0.0,5.037313432835821,0.0,0.0,0.0,2,1,0.0,0
statsbomb,1,43,2,2018,100,1,776,6303,26.95,34,1,1,6.679035250463822,100.0,0.0,0.058823529411764705,46.753246753246756,0.0,0.0,3.339517625231911,6.679035250463822,0.026548343,0.0,0.08865865936920223,1,0,0.0,0
statsbomb,1,43,2,2018,101,34,775,,94.75,0,0,0,0.0,0.0,0.0,0.0,0.0,0.0,0.0,0.0,0.0,0.0,0.0,0.0,0,0,0.0,0
statsbomb,1,43,2,2018,101,34,775,3338,90.98333333333333,102,1,6,6.924345118153508,70.73170731707317,66.66666666666666,0.0196078431372549,55.394760945228064,0.0,0.0,2.9675764792086463,6.924345118153508,0.0398082,0.0,0.03937795933321121,13,2,0.0,12
statsbomb,1,43,2,2018,101,34,775,3647,94.0,3,0,0,0.0,100.0,0.0,0.0,0.0,0.0,0.0,0.0,0.0,0.0,0.0,0.0,0,0,0.0,0
statsbomb,1,43,2,2018,101,34,775,3708,47.96666666666667,51,1,4,9.3815149409312,60.0,0.0,0.0196078431372549,35.64975677553856,1.8763029881862403,0.0,0.0,1.8763029881862403,0.0,0.0,0.0,7,3,0.0,1
statsbomb,1,43,2,2018,101,34,775,3963,89.98333333333333,70,1,11,12.002222633821077,57.14285714285714,0.0,0.04285714285714286,23.004260048157064,2.0003704389701795,1.0001852194850898,3.0005556584552693,5.000926097425449,0.7835,0.0,0.7836451194665678,10,5,0.0,1
statsbomb,1,43,2,2018,101,34,775,5454,93.95,24,0,15,14.369345396487493,46.666666666666664,0.0,0.0,0.0,0.0,0.0,0.0,2.8738690792974984,0.0,0.0,0.0,3,3,0.0,0
statsbomb,1,43,2,2018,101,34,775,5455,94.98333333333333,41,2,10,11.370415862432004,61.111111111111114,100.0,0.0,11.370415862432004,0.9475346552026671,0.0,1.8950693104053342,0.9475346552026671,0.0,0.0,0.0,7,7,0.0,0
statsbomb,1,43,2,2018,101,34,775,5458,48.983333333333334,53,0,0,0.0,83.33333333333334,50.0,0.11320754716981132,27.560394692072133,1.8373596461381423,0.0,1.8373596461381423,3.6747192922762846,0.22602076,0.0,0.415281423613474,4,0,0.0,3
statsbomb,1,43,2,2018,101,34,775,5462,93.98333333333333,100,2,19,20.109948572441922,81.3953488372093,0.0,0.03,37.34704734882071,2.8728497960631314,1.915233197375421,1.915233197375421,2.8728497960631314,0.0,0.0,0.0,6,3,0.0,6
statsbomb,1,43,2,2018,101,34,775,5464,2.9166666666666665,3,0,0,0.0,100.0,0.0,0.0,0.0,0.0,0.0,0.0,0.0,0.0,0.0,0.0,0,0,0.0,0
statsbomb,1,43,2,2018,101,34,775,5466,93.98333333333333,105,4,11,14.364248980315658,74.19354838709677,85.71428571428571,0.02857142857142857,35.43181415144529,1.915233197375421,1.915233197375421,4.788082993438553,8.618549388189395,0.133982413,0.0,0.1283037826210321,14,6,0.0,9
statsbomb,1,43,2,2018,101,34,775,5467,89.95,75,0,17,17.009449694274597,43.75,100.0,0.02666666666666667,10.00555864369094,1.000555864369094,0.0,4.002223457476376,3.001667593107282,0.09839518,0.0,0.09844987437465258,8,6,0.0,2
statsbomb,1,43,2,2018,101,34,775,5473,91.91666666666667,108,3,8,10.770625566636445,59.25925925925925,75.0,0.05555555555555555,37.207615593834994,4.895738893925657,0.0,1.9582955575702627,3.9165911151405255,0.023638628,0.0,0.02314571009972801,19,3,0.0,6
statsbomb,1,43,2,2018,101,34,775,5475,94.96666666666667,108,2,16,17.05861705861706,78.57142857142857,100.0,0.009259259259259259,42.64654264654265,0.9477009477009477,0.0,1.8954018954018954,2.843102843102843,0.0,0.0,0.0,12,8,0.0,7
statsbomb,1,43,2,2018,101,34,775,5830,88.98333333333333,68,0,8,8.091402884435288,77.77777777777779,100.0,0.029411764705882353,8.091402884435288,3.034276081663233,0.0,3.034276081663233,5.057126802772055,0.0,0.0,0.0,3,3,0.0,1
statsbomb,1,43,2,2018,101,18,779,,94.96666666666667,0,0,0,0.0,0.0,0.0,0.0,0.0,0.0,0.0,0.0,0.0,0.0,0.0,0.0,0,0,0.0,0
statsbomb,1,43,2,2018,101,18,779,2995,67.98333333333333,91,5,5,13.238538857563128,66.66666666666666,25.0,0.07692307692307693,10.590831086050503,5.295415543025252,0.0,0.0,2.647707771512626,0.069989234,0.0,0.09265551939200785,10,4,0.0,2
statsbomb,1,43,2,2018,101,18,779,3090,93.96666666666667,161,5,15,19.155728981908478,86.15384615384616,0.0,0.0,8.620078041858815,6.7045051436679675,0.9577864490954239,1.9155728981908478,2.8733593472862715,0.0,0.0,0.0,10,6,0.0,0
statsbomb,1,43,2,2018,101,18,779,3237,13.483333333333333,3,0,0,0.0,0.0,0.0,0.0,0.0,0.0,0.0,0.0,0.0,0.0,0.0,0.0,0,0,0.0,0
statsbomb,1,43,2,2018,101,18,779,3602,90.98333333333333,145,5,20,24.729803993405387,83.87096774193549,100.0,0.0,9.891921597362154,5.935152958417293,0.0,4.945960798681077,4.945960798681077,0.08721284,0.0,0.086270257556329,7,4,0.0,3
statsbomb,1,43,2,2018,101,18,779,5496,27.966666666666665,55,1,2,9.65435041716329,63.1578947368421,100.0,0.01818181818181818,9.65435041716329,3.2181168057210967,0.0,0.0,6.436233611442193,0.0,0.0,0.0,17,1,0.0,1
statsbomb,1,43,2,2018,101,18,779,5497,94.98333333333333,101,3,2,4.737673276013336,78.26086956521739,0.0,0.0594059405940594,17.055623793648007,4.737673276013336,0.0,0.0,4.737673276013336,0.26327213000000005,0.0,0.2494594669240218,7,1,0.0,1
statsbomb,1,43,2,2018,101,18,779,5499,15.983333333333333,27,0,2,11.261730969760167,85.71428571428571,0.0,0.07407407407407407,5.630865484880084,0.0,0.0,0.0,5.630865484880084,0.0,0.0,0.0,5,1,0.0,0
statsbomb,1,43,2,2018,101,18,779,5503,93.98333333333333,226,8,15,22.025181769817344,78.125,83.33333333333334,0.008849557522123894,14.364248980315658,6.703316190813974,0.0,0.0,5.745699592126263,0.29854430600000004,0.0,0.2858909828693031,42,11,0.0,1
statsbomb,1,43,2,2018,101,18,779,5504,88.98333333333333,253,8,28,36.411312979958794,86.81318681318682,50.0,0.007905138339920948,18.205656489979397,5.057126802772055,2.022850721108822,1.011425360554411,8.091402884435288,0.0,0.0,0.0,34,20,0.0,4
statsbomb,1,43,2,2018,101,18,779,5506,93.93333333333334,201,3,24,25.869410929737402,89.1566265060241,100.0,0.004975124378109453,21.078779276082326,3.8325053229240593,0.0,2.8743789921930443,2.8743789921930443,0.0,0.0,0.0,20,13,0.0,4
statsbomb,1,43,2,2018,101,18,779,5507,79.98333333333333,124,2,14,18.003750781412794,78.84615384615384,0.0,0.008064516129032258,11.252344238382996,1.1252344238382996,0.0,1.1252344238382996,6.751406543029798,0.131541349,0.0,0.1480148540529277,11,4,0.0,1
statsbomb,1,43,2,2018,101,18,779,5741,60.983333333333334,98,1,6,10.330691445750205,93.93939393939394,0.0,0.02040816326530612,20.66138289150041,1.4758130636786007,0.0,0.0,1.4758130636786007,0.0,0.0,0.0,10,1,0.0,1
statsbomb,1,43,2,2018,101,18,779,5742,88.98333333333333,143,3,8,11.125678966098521,81.48148148148148,0.0,0.013986013986013986,6.068552163326466,2.022850721108822,0.0,1.011425360554411,4.045701442217644,0.0,0.0,0.0,12,5,0.0,0
statsbomb,1,43,2,2018,101,18,779,6312,93.98333333333333,48,1,17,17.23709877637879,52.38095238095239,0.0,0.0,0.0,0.0,0.0,0.0,5.745699592126263,0.0,0.0,0.0,6,2,0.0,0
statsbomb,1,43,2,2018,102,8,781,,93.96666666666667,0,0,0,0.0,0.0,0.0,0.0,0.0,0.0,0.0,0.0,0.0,0.0,0.0,0.0,0,0,0.0,0
statsbomb,1,43,2,2018,102,8,781,3054,27.983333333333334,84,2,10,38.59440142942228,84.375,0.0,0.011904761904761904,3.2162001191185228,3.2162001191185228,0.0,3.2162001191185228,3.2162001191185228,0.0,0.0,0.0,8,7,0.0,0
statsbomb,1,43,2,2018,102,8,781,3202,92.98333333333333,97,3,4,6.7754077791718945,84.61538461538461,50.0,0.05154639175257732,16.454561749417458,3.8716615880982252,0.0,1.9358307940491126,2.903746191073669,0.24631312,0.0,0.23841026133715718,11,1,0.0,1
statsbomb,1,43,2,2018,102,8,781,3295,89.98333333333333,126,1,11,12.002222633821077,90.19607843137256,0.0,0.0,7.001296536395628,1.0001852194850898,0.0,1.0001852194850898,5.000926097425449,0.17739391,0.0,0.17742676680866826,5,1,0.0,1
statsbomb,1,43,2,2018,102,8,781,3472,92.98333333333333,177,7,11,17.422477146442013,82.53968253968253,50.0,0.011299435028248588,12.582900161319232,9.679153970245563,0.0,0.9679153970245563,5.807492382147338,0.0,0.0,0.0,19,4,0.0,0
statsbomb,1,43,2,2018,102,8,781,3501,79.98333333333333,182,6,12,20.254219629089395,89.65517241379311,20.0,0.027472527472527472,6.751406543029798,4.5009376953531985,0.0,1.1252344238382996,5.626172119191498,0.140318356,0.0,0.1578910444675974,26,12,0.0,1
statsbomb,1,43,2,2018,102,8,781,4320,92.96666666666667,300,15,15,29.042667622803872,82.14285714285714,63.63636363636363,0.02666666666666667,11.617067049121548,16.457511652922193,0.0,0.0,6.776622445320903,0.505735122,0.0,0.48959656844747224,52,19,0.0,1
statsbomb,1,43,2,2018,102,8,781,5539,93.98333333333333,184,1,16,16.27948217769108,78.66666666666666,0.0,0.0,10.533782585564817,0.9576165986877105,0.9576165986877105,0.0,5.745699592126263,0.006776994,0.0,0.006489761943607022,10,7,0.0,1
statsbomb,1,43,2,2018,102,8,781,5542,65.95,93,1,1,2.729340409401061,85.18518518518519,0.0,0.03225806451612903,13.646702047005306,1.3646702047005306,0.0,0.0,1.3646702047005306,0.31224898,0.0,0.4261168794541319,4,1,0.0,2
statsbomb,1,43,2,2018,102,8,781,5547,91.86666666666666,24,0,7,6.857764876632801,66.66666666666666,0.0,0.0,0.0,0.0,0.0,0.0,2.9390420899854863,0.0,0.0,0.0,3,2,0.0,0
statsbomb,1,43,2,2018,102,8,781,5551,92.93333333333334,123,0,14,13.558106169296986,94.11764705882352,0.0,0.0,0.9684361549497847,0.0,0.0,0.9684361549497847,3.873744619799139,0.0,0.0,0.0,3,1,0.0,1
statsbomb,1,43,2,2018,102,8,781,5552,9.666666666666666,22,0,3,27.931034482758626,66.66666666666666,0.0,0.045454545454545456,9.310344827586208,0.0,0.0,0.0,0.0,0.0,0.0,0.0,1,1,0.0,1
statsbomb,1,43,2,2018,102,8,781,5553,12.933333333333334,60,1,7,55.670103092783506,95.45454545454545,0.0,0.0,55.670103092783506,6.958762886597938,0.0,0.0,0.0,0.0,0.0,0.0,5,5,0.0,4
statsbomb,1,43,2,2018,102,8,781,5838,91.98333333333333,163,5,22,26.417829316905237,83.60655737704919,100.0,0.0,9.78438122848342,2.9353143685450265,0.0,0.9784381228483421,1.9568762456966842,0.0,0.0,0.0,15,11,0.0,0
statsbomb,1,43,2,2018,102,8,781,6320,81.98333333333333,222,5,22,29.640170766415938,89.02439024390245,100.0,0.0,7.684488717218947,5.488920512299248,0.0,2.195568204919699,2.195568204919699,0.03148136,0.0,0.03455973653181541,22,9,0.0,2
statsbomb,1,43,2,2018,102,5,786,,93.96666666666667,0,0,0,0.0,0.0,0.0,0.0,0.0,0.0,0.0,0.0,0.0,0.0,0.0,0.0,0,0,0.0,0
statsbomb,1,43,2,2018,102,5,786,3381,91.98333333333333,151,9,12,20.547200579815183,79.62962962962963,50.0,0.006622516556291391,23.482514948360212,5.870628737090053,1.9568762456966842,1.9568762456966842,14.676571842725131,0.12900412,0.0,0.12622254901250227,20,8,0.0,3
statsbomb,1,43,2,2018,102,5,786,3831,90.98333333333333,109,6,10,15.827074555779447,75.0,33.33333333333333,0.027522935779816515,70.2326433412713,3.9567686389448617,0.0,0.9891921597362154,2.9675764792086463,0.032582965,0.0,0.03223081351895952,22,5,0.0,10
statsbomb,1,43,2,2018,102,5,786,4269,88.98333333333333,111,1,6,7.079977523880877,40.0,0.0,0.018018018018018018,30.34276081663233,1.011425360554411,0.0,0.0,1.011425360554411,0.661982056,0.0,0.6695454396703503,14,5,0.0,3
statsbomb,1,43,2,2018,102,5,786,5587,74.98333333333333,134,8,11,22.805067792842852,77.77777777777779,60.0,0.014925373134328358,43.209602133807515,10.802400533451879,1.2002667259390976,0.0,9.60213380751278,0.0,0.0,0.0,27,8,0.0,2
statsbomb,1,43,2,2018,102,5,786,5588,90.98333333333333,95,1,14,14.83788239604323,80.0,0.0,0.0,21.762227514196738,0.0,0.0,0.9891921597362154,8.90272943762594,0.0,0.0,0.0,22,4,0.0,3
statsbomb,1,43,2,2018,102,5,786,5589,92.98333333333333,141,3,11,13.550815558343789,78.0,0.0,0.028368794326241134,50.33160064527693,1.9358307940491126,0.0,0.0,8.711238573221006,0.083954196,0.0,0.08126055895321742,13,6,0.0,4
statsbomb,1,43,2,2018,102,5,786,5591,80.98333333333333,84,4,6,11.11339781848117,70.83333333333334,66.66666666666666,0.011904761904761904,55.56698909240585,4.445359127392468,1.111339781848117,0.0,3.334019345544351,0.03160092,0.0,0.03511935953899979,15,2,0.0,2
statsbomb,1,43,2,2018,102,5,786,5596,91.98333333333333,125,6,9,14.676571842725131,72.91666666666666,0.0,0.016,23.482514948360212,4.89219061424171,0.9784381228483421,0.9784381228483421,2.9353143685450265,0.0,0.0,0.0,31,8,0.0,1
statsbomb,1,43,2,2018,102,5,786,5601,91.95,52,2,18,19.575856443719413,42.857142857142854,0.0,0.0,0.9787928221859706,0.9787928221859706,0.0,0.0,3.9151712887438825,0.0,0.0,0.0,8,8,0.0,0
statsbomb,1,43,2,2018,102,5,786,5603,90.96666666666667,93,1,19,19.78746793697325,90.69767441860465,0.0,0.0,11.872480762183951,0.9893733968486625,0.0,0.0,2.9681201905459877,0.0,0.0,0.0,6,4,0.0,1
statsbomb,1,43,2,2018,102,5,786,5833,10.883333333333333,30,5,2,57.88667687595712,75.0,100.0,0.03333333333333333,57.88667687595712,41.347626339969366,0.0,0.0,8.269525267993874,0.0,0.0,0.0,6,2,0.0,1
statsbomb,1,43,2,2018,102,5,786,6318,17.966666666666665,36,4,4,40.07421150278294,76.92307692307693,0.0,0.0,105.19480519480521,15.027829313543602,0.0,0.0,15.027829313543602,0.008667415,0.0,0.04341747773654917,9,3,0.0,3
statsbomb,1,43,2,2018,102,5,786,6319,2.55,1,0,0,0.0,0.0,0.0,0.0,70.58823529411765,0.0,0.0,0.0,0.0,0.0,0.0,0.0,0,0,0.0,0
statsbomb,1,43,2,2018,102,5,786,6321,91.98333333333333,113,2,16,17.611886211270157,93.18181818181817,0.0,0.0,15.655009965573473,0.9784381228483421,0.0,0.9784381228483421,0.0,0.0,0.0,0.0,8,5,0.0,1
statsbomb,1,43,2,2018,103,38,790,,94.98333333333333,0,0,0,0.0,0.0,0.0,0.0,0.0,0.0,0.0,0.0,0.0,0.0,0.0,0.0,0,0,0.0,0
statsbomb,1,43,2,2018,103,38,790,11098,66.98333333333333,78,2,2,5.374471261507837,77.77777777777779,0.0,0.01282051282051282,17.467031599900473,4.0308534461308785,0.0,2.6872356307539187,1.3436178153769593,0.8488549139999999,0.0,1.1405365851206766,9,1,0.0,4
statsbomb,1,43,2,2018,103,38,790,3702,91.98333333333333,34,0,14,13.69813371987679,56.25,100.0,0.0,5.870628737090053,0.9784381228483421,0.9784381228483421,0.0,1.9568762456966842,0.0,0.0,0.0,4,4,0.0,2
statsbomb,1,43,2,2018,103,38,790,4417,92.96666666666667,98,2,8,9.680889207601291,62.06896551724138,0.0,0.02040816326530612,25.170311939763355,0.9680889207601291,0.9680889207601291,0.0,0.9680889207601291,0.0,0.0,0.0,11,5,0.0,1
statsbomb,1,43,2,2018,103,38,790,5605,13.966666666666667,5,0,1,6.443914081145585,50.0,0.0,0.0,38.66348448687351,0.0,0.0,12.88782816229117,0.0,0.0,0.0,0.0,1,1,0.0,1
statsbomb,1,43,2,2018,103,38,790,5607,93.96666666666667,63,1,12,12.45122383824051,75.86206896551724,100.0,0.0,6.7045051436679675,0.9577864490954239,0.9577864490954239,0.0,3.8311457963816955,0.861957825,0.0,0.8255715244767647,3,3,0.0,2
statsbomb,1,43,2,2018,103,38,790,5611,32.8,7,0,0,0.0,100.0,0.0,0.0,13.719512195121952,0.0,0.0,0.0,0.0,0.0,0.0,0.0,0,0,0.0,1
statsbomb,1,43,2,2018,103,38,790,5612,86.98333333333333,37,0,11,11.381490707032,59.09090909090909,0.0,0.0,11.381490707032,0.0,0.0,2.069361946733091,1.0346809733665454,0.0,0.0,0.0,8,2,0.0,1
statsbomb,1,43,2,2018,103,38,790,5613,90.98333333333333,62,2,2,3.9567686389448617,61.111111111111114,0.0,0.03225806451612903,25.718996153141603,0.9891921597362154,0.0,1.9783843194724309,0.9891921597362154,0.33955482,0.0,0.3358849657446419,9,2,0.0,6
statsbomb,1,43,2,2018,103,38,790,5615,25.966666666666665,24,1,3,13.863928112965342,57.14285714285714,0.0,0.041666666666666664,31.193838254172018,3.4659820282413354,0.0,0.0,0.0,0.0,0.0,0.0,3,1,0.0,1
statsbomb,1,43,2,2018,103,38,790,5617,55.916666666666664,42,1,7,12.876304023845009,60.0,0.0,0.0,20.92399403874814,1.609538002980626,0.0,0.0,6.438152011922504,0.0,0.0,0.0,10,4,0.0,2
statsbomb,1,43,2,2018,103,38,790,5621,92.95,48,0,11,10.650887573964496,56.00000000000001,100.0,0.0,14.523937600860677,0.0,0.0,0.9682625067240451,0.9682625067240451,0.27804648200000004,0.0,0.26922198364712213,7,1,0.0,2
statsbomb,1,43,2,2018,103,38,790,5622,91.91666666666667,38,3,22,24.478694469628284,21.73913043478261,0.0,0.0,0.0,0.9791477787851314,0.0,0.0,4.895738893925657,0.0,0.0,0.0,15,15,0.0,0
statsbomb,1,43,2,2018,103,38,790,5624,76.96666666666667,60,2,5,8.185361628410567,73.68421052631578,100.0,0.05,29.233434387180594,2.3386747509744477,1.1693373754872238,2.3386747509744477,5.846686877436119,0.0,0.0,0.0,3,2,0.0,2
statsbomb,1,43,2,2018,103,38,790,5625,89.98333333333333,67,4,11,15.002778292276346,81.81818181818183,0.0,0.014925373134328358,20.003704389701795,4.000740877940359,0.0,1.0001852194850898,7.001296536395628,0.46207277399999996,0.0,0.46215835888127427,9,5,0.0,0
statsbomb,1,43,2,2018,103,11,794,,94.91666666666667,0,0,0,0.0,0.0,0.0,0.0,0.0,0.0,0.0,0.0,0.0,0.0,0.0,0.0,0,0,0.0,0
statsbomb,1,43,2,2018,103,11,794,3058,93.98333333333333,79,3,9,11.491399184252526,66.66666666666666,50.0,0.012658227848101266,4.788082993438553,2.8728497960631314,0.0,0.9576165986877105,1.915233197375421,0.147502216,0.0,0.14125057038482,17,8,0.0,2
statsbomb,1,43,2,2018,103,11,794,5556,86.96666666666667,132,6,13,19.662706017631276,80.0,100.0,0.015151515151515152,9.31391337677271,6.20927558451514,0.0,0.0,4.1395170563434265,0.015683954,0.0,0.01623099877347643,22,8,0.0,3
statsbomb,1,43,2,2018,103,11,794,5560,91.98333333333333,111,4,4,7.827504982786737,79.41176470588235,50.0,0.018018018018018018,8.805943105635079,3.9137524913933683,0.0,0.0,2.9353143685450265,0.8817542907,0.0,0.8627420130059793,23,1,0.0,1
statsbomb,1,43,2,2018,103,11,794,5563,73.93333333333334,100,5,2,8.521190261496843,96.66666666666667,0.0,0.05,8.521190261496843,6.086564472497745,0.0,1.217312894499549,7.303877366997295,0.24812485299999998,0.0,0.30204558300270506,11,4,0.0,3
statsbomb,1,43,2,2018,103,11,794,5564,90.98333333333333,179,5,22,26.708188312877816,78.26086956521739,100.0,0.0,5.935152958417293,6.924345118153508,0.0,1.9783843194724309,6.924345118153508,0.108014319,0.0,0.10684691749404653,8,6,0.0,1
statsbomb,1,43,2,2018,103,11,794,5567,91.98333333333333,178,8,28,35.223772422540314,77.94117647058823,80.0,0.0056179775280898875,13.69813371987679,6.849066859938395,0.0,2.9353143685450265,1.9568762456966842,0.0,0.0,0.0,18,14,0.0,2
statsbomb,1,43,2,2018,103,11,794,5571,92.98333333333333,108,6,4,9.679153970245563,78.26086956521739,83.33333333333334,0.037037037037037035,10.64706936727012,5.807492382147338,0.0,1.9358307940491126,2.903746191073669,0.088999907,0.0,0.0861443803190536,18,4,0.0,2
statsbomb,1,43,2,2018,103,11,794,5573,91.95,139,6,19,24.469820554649267,87.71929824561403,0.0,0.0,3.9151712887438825,7.830342577487765,0.0,0.9787928221859706,1.9575856443719413,0.06666666,0.0,0.06525284828711256,9,7,0.0,2
statsbomb,1,43,2,2018,103,11,794,5575,91.98333333333333,232,7,30,36.20221054538866,87.01298701298701,33.33333333333333,0.02586206896551724,16.633448088421815,7.827504982786737,0.0,1.9568762456966842,8.805943105635079,0.031887506999999995,0.0,0.031199952491393363,38,18,0.0,5
statsbomb,1,43,2,2018,103,11,794,5576,64.96666666666667,75,2,8,13.853258081067214,70.58823529411765,0.0,0.0,5.541303232426886,2.770651616213443,0.0,0.0,5.541303232426886,0.0,0.0,0.0,9,2,0.0,0
statsbomb,1,43,2,2018,103,11,794,5577,91.98333333333333,43,0,20,19.56876245696684,66.66666666666666,0.0,0.0,0.0,0.9784381228483421,0.0,0.0,3.9137524913933683,0.0,0.0,0.0,0,0,0.0,0
statsbomb,1,43,2,2018,103,11,794,5985,18.783333333333335,39,3,1,19.1659272404614,72.72727272727273,50.0,0.05128205128205128,4.79148181011535,23.95740905057675,0.0,0.0,0.0,0.0,0.0,0.0,8,1,0.0,1
statsbomb,1,43,2,2018,103,11,794,6316,4.533333333333333,13,0,0,0.0,100.0,100.0,0.0,19.852941176470587,0.0,0.0,0.0,19.852941176470587,0.0,0.0,0.0,3,0,0.0,1
statsbomb,1,43,2,2018,103,11,794,6317,26.933333333333334,48,2,1,10.024752475247524,80.0,0.0,0.020833333333333332,3.3415841584158414,13.366336633663366,0.0,0.0,3.3415841584158414,0.022069821,0.0,0.07374816423267326,8,0,0.0,0
statsbomb,1,43,2,2018,104,16,770,,99.96666666666667,0,0,0,0.0,0.0,0.0,0.0,0.0,0.0,0.0,0.0,0.0,0.0,0.0,0.0,0,0,0.0,0
statsbomb,1,43,2,2018,104,16,770,3496,98.98333333333333,291,15,33,43.64371106246843,87.36842105263159,71.42857142857143,0.006872852233676976,6.364707863276646,7.273951843744738,0.0,0.9092439804680923,2.7277319414042767,0.010117099,0.0,0.009198911365549756,63,21,0.0,2
statsbomb,1,43,2,2018,104,16,770,5555,20.816666666666666,44,2,3,21.617293835068057,92.85714285714286,0.0,0.022727272727272728,8.646917534027223,12.970376301040833,0.0,0.0,0.0,0.21542833,0.0,0.9313955020016014,7,2,0.0,0
statsbomb,1,43,2,2018,104,16,770,5557,97.98333333333333,128,6,3,8.266712025854737,65.0,50.0,0.03125,13.777853376424561,6.429664908998129,0.0,0.0,6.429664908998129,0.19558080299999997,0.0,0.1796455751318251,33,3,0.0,4
statsbomb,1,43,2,2018,104,16,770,5559,96.98333333333333,138,1,3,3.711978003093315,86.04651162790698,0.0,0.007246376811594203,8.351950506959959,1.8559890015466576,0.0,0.0,3.711978003093315,0.100924659,0.0,0.09365752854442344,28,2,0.0,2
statsbomb,1,43,2,2018,104,16,770,5562,36.95,51,2,0,4.871447902571042,92.85714285714286,0.0,0.0392156862745098,9.742895805142084,0.0,0.0,0.0,0.0,0.340985777,0.0,0.8305472240866034,10,0,0.0,1
statsbomb,1,43,2,2018,104,16,770,5565,36.78333333333333,19,0,1,2.4467603081105573,80.0,0.0,0.05263157894736842,4.893520616221115,0.0,0.0,0.0,2.4467603081105573,0.40630864,0.0,0.9941398531943815,4,0,0.0,0
statsbomb,1,43,2,2018,104,16,770,5566,57.983333333333334,138,2,12,21.730382293762574,87.75510204081633,0.0,0.0,15.52170163840184,1.552170163840184,1.552170163840184,1.552170163840184,3.104340327680368,0.08257060499999999,0.0,0.12816362949123308,12,7,0.0,1
statsbomb,1,43,2,2018,104,16,770,5570,95.95,83,0,15,14.06982803543512,90.32258064516128,50.0,0.012048192771084338,0.9379885356956748,1.8759770713913495,0.0,0.0,3.751954142782699,0.0,0.0,0.0,3,2,0.0,0
statsbomb,1,43,2,2018,104,16,770,5572,95.98333333333333,181,9,23,30.00520923771488,89.85507246376811,100.0,0.0,14.06494183017885,8.43896509810731,0.93766278867859,1.87532557735718,5.62597673207154,0.8076130850000001,0.0,0.7572687374544191,13,9,0.0,4
statsbomb,1,43,2,2018,104,16,770,5574,98.98333333333333,324,17,46,57.282370769489816,90.67796610169492,100.0,0.0,14.547903687489477,9.092439804680923,0.0,0.0,8.18319582421283,0.234038616,0.0,0.21279820279508335,72,34,0.0,1
statsbomb,1,43,2,2018,104,16,770,5579,92.98333333333333,252,3,10,12.582900161319232,86.81318681318682,0.0,0.007936507936507936,4.839576985122782,3.8716615880982252,0.9679153970245563,0.0,5.807492382147338,0.033191342,0.0,0.03212641096970783,49,4,0.0,1
statsbomb,1,43,2,2018,104,16,770,6040,77.98333333333333,156,0,7,8.07864928403505,80.7017543859649,50.0,0.00641025641025641,11.5409275486215,3.46227826458645,0.0,2.3081855097243,2.3081855097243,0.0,0.0,0.0,24,0,0.0,4
statsbomb,1,43,2,2018,104,16,770,6322,98.98333333333333,238,12,35,42.734467082000336,91.86046511627907,0.0,0.0,10.910927765617107,8.18319582421283,0.9092439804680923,1.8184879609361846,3.636975921872369,0.0,0.0,0.0,17,13,0.0,4
statsbomb,1,43,2,2018,104,16,770,6324,61.93333333333333,74,1,4,7.265877287405813,90.9090909090909,100.0,0.02702702702702703,8.719052744886977,2.9063509149623252,0.0,0.0,1.4531754574811626,0.28215668,0.0,0.41002316254036597,16,3,0.0,0
statsbomb,1,43,2,2018,104,14,791,,99.98333333333333,0,0,0,0.0,0.0,0.0,0.0,0.0,0.0,0.0,0.0,0.0,0.0,0.0,0.0,0,0,0.0,0
statsbomb,1,43,2,2018,104,14,791,3083,95.98333333333333,98,4,4,7.50130230942872,78.94736842105263,75.0,0.030612244897959183,28.1298836603577,6.5636395207501295,0.0,0.0,1.87532557735718,1.178527208,0.0,1.1050611083868727,14,5,0.0,2
statsbomb,1,43,2,2018,104,14,791,5604,97.96666666666667,48,0,9,8.26811840762164,73.68421052631578,0.0,0.0,2.7560394692072134,0.0,0.0,0.9186798230690711,2.7560394692072134,0.47288835,0.0,0.434432985709425,3,3,0.0,1
statsbomb,1,43,2,2018,104,14,791,5606,97.98333333333333,43,2,5,6.429664908998129,77.77777777777779,100.0,0.0,23.881612519135906,1.8370471168566083,0.0,0.0,4.592617792141521,0.0,0.0,0.0,4,4,0.0,0
statsbomb,1,43,2,2018,104,14,791,5608,97.98333333333333,72,1,14,13.777853376424561,63.63636363636363,0.0,0.013888888888888888,20.20751828542269,0.9185235584283041,0.0,0.0,6.429664908998129,0.018683761,0.0,0.01716147463854397,13,3,0.0,4
statsbomb,1,43,2,2018,104,14,791,5618,98.98333333333333,81,1,16,15.45714766795757,79.3103448275862,50.0,0.012345679012345678,30.91429533591514,2.7277319414042767,0.9092439804680923,1.8184879609361846,4.546219902340462,0.067042357,0.0,0.06095785953864287,7,4,0.0,1
statsbomb,1,43,2,2018,104,14,791,5619,94.91666666666667,44,4,27,29.394205443371376,54.83870967741935,0.0,0.0,0.0,1.89640035118525,0.0,0.0,3.7928007023705,0.0,0.0,0.0,4,4,0.0,0
statsbomb,1,43,2,2018,104,14,791,5620,22.916666666666668,18,0,0,0.0,100.0,100.0,0.05555555555555555,23.563636363636363,0.0,0.0,7.8545454545454545,0.0,0.0,0.0,0.0,2,0,0.0,1
statsbomb,1,43,2,2018,104,14,791,5623,97.98333333333333,112,4,10,12.859329817996258,83.33333333333334,33.33333333333333,0.044642857142857144,36.74094233713217,3.6740942337132165,0.0,0.0,4.592617792141521,0.037488606,0.0,0.03443416778363667,12,8,0.0,1
statsbomb,1,43,2,2018,104,14,791,5627,55.983333333333334,24,1,0,1.6076213158678179,85.71428571428571,0.0,0.041666666666666664,48.22863947603454,1.6076213158678179,0.0,0.0,4.822863947603453,0.0,0.0,0.0,4,1,0.0,0
statsbomb,1,43,2,2018,104,14,791,5986,84.96666666666667,67,1,19,21.1847783444488,60.0,100.0,0.014925373134328358,34.95488426834052,0.0,0.0,1.0592389172224401,7.414672420557081,0.0,0.0,0.0,8,6,0.0,6
statsbomb,1,43,2,2018,104,14,791,5988,30.983333333333334,25,2,4,17.428725121032812,62.5,0.0,0.0,52.28617536309844,5.809575040344271,2.9047875201721354,0.0,2.9047875201721354,0.0,0.0,0.0,4,3,0.0,1
statsbomb,1,43,2,2018,104,14,791,5989,68.98333333333333,44,4,0,5.21865184827253,81.81818181818183,100.0,0.0,44.358540710316504,5.21865184827253,1.3046629620681325,0.0,0.0,0.0,0.0,0.0,8,4,0.0,1
statsbomb,1,43,2,2018,104,14,791,6323,87.96666666666667,27,1,2,3.0693444486547934,100.0,0.0,0.0,9.20803334596438,1.0231148162182644,1.0231148162182644,0.0,2.046229632436529,0.0,0.0,0.0,0,1,0.0,3
statsbomb,1,43,2,2018,104,14,791,6325,20.783333333333335,10,1,1,8.660785886126703,100.0,0.0,0.1,30.31275060144346,4.330392943063352,0.0,0.0,8.660785886126703,0.0,0.0,0.0,2,2,0.0,1
statsbomb,1,43,2,2018,105,6,773,,95.9,0,0,0,0.0,0.0,0.0,0.0,0.0,0.0,0.0,0.0,0.0,0.0,0.0,0.0,0,0,0.0,0
statsbomb,1,43,2,2018,105,6,773,3500,93.98333333333333,272,6,31,35.43181415144529,97.05882352941177,100.0,0.003676470588235294,9.576165986877106,5.745699592126263,0.9576165986877105,1.915233197375421,0.9576165986877105,0.0,0.0,0.0,17,11,0.0,1
statsbomb,1,43,2,2018,105,6,773,3533,80.95,118,5,11,17.78875849289685,70.27027027027027,100.0,0.01694915254237288,10.006176652254478,3.3353922174181596,0.0,0.0,4.4471896232242125,0.0,0.0,0.0,25,9,0.0,0
statsbomb,1,43,2,2018,105,6,773,5537,93.98333333333333,229,3,26,27.770881361943605,85.88235294117646,0.0,0.0,8.618549388189395,1.915233197375421,0.0,0.0,2.8728497960631314,0.0,0.0,0.0,9,7,0.0,1
statsbomb,1,43,2,2018,105,6,773,5538,32.96666666666667,55,2,1,8.190091001011123,90.9090909090909,0.0,0.0,19.11021233569262,5.460060667340748,5.460060667340748,2.730030333670374,5.460060667340748,0.0,0.0,0.0,3,2,0.0,0
statsbomb,1,43,2,2018,105,6,773,5540,59.983333333333334,125,1,7,12.003334259516532,89.58333333333334,0.0,0.0,21.00583495415393,0.0,0.0,0.0,9.002500694637398,0.019102212,0.0,0.028661279466518474,2,2,0.0,1
statsbomb,1,43,2,2018,105,6,773,5541,94.98333333333333,133,8,13,19.89822775925601,77.77777777777779,0.0,0.0,16.10808913844534,5.685207931216002,0.0,0.9475346552026671,1.8950693104053342,0.018734163,0.0,0.017751268678715564,17,9,0.0,0
statsbomb,1,43,2,2018,105,6,773,5544,93.98333333333333,159,8,17,23.940414967192762,82.14285714285714,0.0,0.012578616352201259,19.15233197375421,8.618549388189395,0.9576165986877105,0.0,1.915233197375421,0.0070291637,0.0,0.006731243834013123,24,8,0.0,3
statsbomb,1,43,2,2018,105,6,773,5545,94.95,98,0,2,1.8957345971563981,80.76923076923077,100.0,0.02040816326530612,20.85308056872038,0.0,0.9478672985781991,1.8957345971563981,1.8957345971563981,0.081062854,0.0,0.07683682843601897,12,2,0.0,2
statsbomb,1,43,2,2018,105,6,773,5546,13.766666666666667,13,0,0,0.0,100.0,0.0,0.0,6.5375302663438255,0.0,0.0,0.0,0.0,0.0,0.0,0.0,0,0,0.0,0
statsbomb,1,43,2,2018,105,6,773,5549,84.98333333333333,204,6,28,36.0070602078839,93.5064935064935,0.0,0.0,14.826436556187488,5.295155912924104,1.0590311825848207,0.0,2.1180623651696413,0.0,0.0,0.0,2,2,0.0,4
statsbomb,1,43,2,2018,105,6,773,5550,91.9,77,0,19,18.607181719260065,77.77777777777779,0.0,0.0,0.0,0.0,0.0,0.0,4.896626768226333,0.0,0.0,0.0,2,1,0.0,0
statsbomb,1,43,2,2018,105,6,773,5554,89.95,108,4,11,15.008337965536409,61.29032258064516,100.0,0.027777777777777776,30.016675931072818,2.001111728738188,1.000555864369094,1.000555864369094,4.002223457476376,0.556218508,0.0,0.5565276900500278,15,9,0.0,3
statsbomb,1,43,2,2018,105,6,773,5834,68.98333333333333,43,0,0,0.0,63.63636363636363,0.0,0.046511627906976744,20.87460739309012,0.0,0.0,0.0,3.9139888862043977,0.153192115,0.0,0.19986407852138197,6,0,0.0,2
statsbomb,1,43,2,2018,105,6,773,5835,25.983333333333334,24,1,2,10.391276459268761,80.0,0.0,0.0,10.391276459268761,3.463758819756254,0.0,0.0,0.0,0.361128114,0.0,1.2508606899294419,3,1,0.0,0
statsbomb,1,43,2,2018,105,31,795,,95.96666666666667,0,0,0,0.0,0.0,0.0,0.0,0.0,0.0,0.0,0.0,0.0,0.0,0.0,0.0,0,0,0.0,0
statsbomb,1,43,2,2018,105,31,795,5581,94.95,110,5,6,10.42654028436019,78.26086956521739,70.0,0.08181818181818182,12.322274881516588,6.6350710900473935,0.0,0.0,5.687203791469194,0.173557759,0.0,0.16450972417061613,21,5,0.0,0
statsbomb,1,43,2,2018,105,31,795,5582,94.96666666666667,99,3,10,12.32011232011232,77.5,0.0,0.0,18.006318006318008,0.9477009477009477,0.0,0.0,0.9477009477009477,0.229654122,0.0,0.21764342906282905,12,5,0.0,1
statsbomb,1,43,2,2018,105,31,795,5584,92.98333333333333,82,2,10,11.614984764294675,93.93939393939394,100.0,0.0,0.9679153970245563,0.9679153970245563,0.0,1.9358307940491126,1.9358307940491126,0.0,0.0,0.0,3,3,0.0,0
statsbomb,1,43,2,2018,105,31,795,5585,79.98333333333333,96,3,8,12.377578662221296,51.724137931034484,0.0,0.041666666666666664,28.13086059595749,3.375703271514899,0.0,1.1252344238382996,4.5009376953531985,0.121000641,0.0,0.13615408655969993,19,4,0.0,1
statsbomb,1,43,2,2018,105,31,795,5590,84.96666666666667,65,2,13,15.888583758336601,85.18518518518519,100.0,0.0,4.2369556688897605,2.1184778344448802,0.0,1.0592389172224401,4.2369556688897605,0.0,0.0,0.0,6,5,0.0,1
statsbomb,1,43,2,2018,105,31,795,5592,94.98333333333333,115,3,10,12.317950517634673,86.11111111111111,75.0,0.008695652173913044,14.213019828040007,4.737673276013336,0.9475346552026671,0.0,5.685207931216002,0.7835,0.0,0.7423934023512897,13,6,0.0,1
statsbomb,1,43,2,2018,105,31,795,5597,87.93333333333334,39,2,10,12.282031842304775,87.5,0.0,0.0,0.0,2.047005307050796,0.0,0.0,4.094010614101592,0.0,0.0,0.0,2,2,0.0,0
statsbomb,1,43,2,2018,105,31,795,5599,90.98333333333333,113,2,15,16.816266715515663,69.56521739130434,100.0,0.008849557522123894,19.78384319472431,2.9675764792086463,0.0,0.9891921597362154,4.945960798681077,0.026267286,0.0,0.025983393368748855,15,8,0.0,1
statsbomb,1,43,2,2018,105,31,795,5602,91.98333333333333,65,2,6,7.827504982786737,72.0,0.0,0.015384615384615385,9.78438122848342,1.9568762456966842,0.0,0.0,3.9137524913933683,0.033930067,0.0,0.03319847106359848,10,5,0.0,1
statsbomb,1,43,2,2018,105,31,795,5836,92.96666666666667,94,3,16,18.39368949444245,76.31578947368422,0.0,0.0,7.744711366081033,3.8723556830405164,0.0,3.8723556830405164,4.840444603800646,0.07706924,0.0,0.07460987737540337,16,7,0.0,2
statsbomb,1,43,2,2018,105,31,795,6326,12.766666666666667,14,0,2,14.099216710182766,80.0,0.0,0.0,7.049608355091383,7.049608355091383,0.0,0.0,0.0,0.0,0.0,0.0,4,2,0.0,0
statsbomb,1,43,2,2018,105,31,795,6327,1.0,6,0,1,90.0,50.0,0.0,0.0,0.0,0.0,0.0,0.0,0.0,0.0,0.0,0.0,1,1,0.0,0
statsbomb,1,43,2,2018,105,31,795,6328,88.98333333333333,95,4,16,20.22850721108822,90.2439024390244,0.0,0.0,2.022850721108822,2.022850721108822,0.0,4.045701442217644,1.011425360554411,0.13123357,0.0,0.13273296085409253,7,6,0.0,0
statsbomb,1,43,2,2018,105,31,795,6329,1.0,3,0,0,0.0,100.0,0.0,0.0,0.0,0.0,0.0,0.0,0.0,0.0,0.0,0.0,1,0,0.0,0
statsbomb,1,43,2,2018,106,2,777,,97.98333333333333,0,0,0,0.0,0.0,0.0,0.0,0.0,0.0,0.0,0.0,0.0,0.0,0.0,0.0,0,0,0.0,0
statsbomb,1,43,2,2018,106,2,777,3196,87.98333333333333,130,2,2,4.09168403106649,84.84848484848484,0.0,0.05384615384615385,10.229210077666224,2.045842015533245,1.0229210077666224,0.0,3.0687630232998675,0.949389571,0.0,0.9711505367304413,18,3,0.0,1
statsbomb,1,43,2,2018,106,2,777,3226,3.4,3,0,0,0.0,0.0,0.0,0.0,52.94117647058824,0.0,0.0,0.0,0.0,0.0,0.0,0.0,0,0,0.0,0
statsbomb,1,43,2,2018,106,2,777,3252,91.98333333333333,93,2,6,7.827504982786737,83.33333333333334,0.0,0.010752688172043012,12.719695597028448,1.9568762456966842,0.9784381228483421,0.9784381228483421,2.9353143685450265,0.0,0.0,0.0,14,2,0.0,4
statsbomb,1,43,2,2018,106,2,777,3557,76.98333333333333,133,4,7,12.85992639099372,70.96774193548387,71.42857142857143,0.03007518796992481,16.367179043082917,9.352673738904524,0.0,1.1690842173630656,3.5072526520891967,0.317649443,0.0,0.3713589504654687,23,6,0.0,3
statsbomb,1,43,2,2018,106,2,777,3767,93.98333333333333,213,5,21,24.898031565880473,90.0,50.0,0.004694835680751174,26.813264763255894,7.660932789501684,0.0,0.9576165986877105,2.8728497960631314,0.0,0.0,0.0,21,12,0.0,5
statsbomb,1,43,2,2018,106,2,777,5649,46.983333333333334,64,3,1,7.662291592763391,100.0,100.0,0.015625,13.409010287335935,3.8311457963816955,0.0,0.0,0.0,0.0,0.0,0.0,8,3,0.0,1
statsbomb,1,43,2,2018,106,2,777,5650,47.983333333333334,167,3,21,45.01563042723168,88.88888888888889,0.0,0.005988023952095809,20.63216394581452,5.62695380340396,1.87565126780132,0.0,5.62695380340396,0.12016924,0.0,0.22539558735672108,20,15,0.0,0
statsbomb,1,43,2,2018,106,2,777,5651,93.98333333333333,270,16,36,49.796063131760945,90.19607843137256,0.0,0.003703703703703704,10.533782585564817,14.364248980315658,0.0,1.915233197375421,3.830466394750842,0.0,0.0,0.0,16,16,0.0,1
statsbomb,1,43,2,2018,106,2,777,5654,90.98333333333333,119,2,4,5.935152958417293,77.77777777777779,0.0,0.025210084033613446,6.924345118153508,1.9783843194724309,0.0,0.9891921597362154,2.9675764792086463,1.319220734,0.0,1.3049628070342554,10,1,0.0,1
statsbomb,1,43,2,2018,106,2,777,5936,90.98333333333333,153,9,10,18.794651034988092,80.0,75.0,0.006535947712418301,11.870305916834585,6.924345118153508,0.9891921597362154,2.9675764792086463,0.0,0.08575495,0.0,0.08482812419857116,22,6,0.0,0
statsbomb,1,43,2,2018,106,2,777,6342,96.85,67,1,17,16.726897263810017,79.3103448275862,0.0,0.0,0.0,0.0,0.0,0.0,2.7878162106350026,0.0,0.0,0.0,1,1,0.0,0
statsbomb,1,43,2,2018,106,2,777,6345,93.98333333333333,202,7,29,34.47419755275758,86.74698795180723,0.0,0.0049504950495049506,3.830466394750842,4.788082993438553,0.9576165986877105,0.9576165986877105,1.915233197375421,0.0,0.0,0.0,11,7,0.0,0
statsbomb,1,43,2,2018,106,2,777,6347,92.98333333333333,227,3,19,21.29413873454024,81.0126582278481,0.0,0.00881057268722467,24.19788492561391,2.903746191073669,0.9679153970245563,1.9358307940491126,2.903746191073669,0.060271066,0.0,0.05833729277648324,26,11,0.0,3
statsbomb,1,43,2,2018,106,2,777,6348,17.983333333333334,19,1,2,15.013901760889713,71.42857142857143,0.0,0.05263157894736842,15.013901760889713,5.004633920296571,0.0,5.004633920296571,0.0,0.0,0.0,0.0,3,1,0.0,0
statsbomb,1,43,2,2018,106,37,798,,97.96666666666667,0,0,0,0.0,0.0,0.0,0.0,0.0,0.0,0.0,0.0,0.0,0.0,0.0,0.0,0,0,0.0,0
statsbomb,1,43,2,2018,106,37,798,5628,91.98333333333333,78,3,7,9.78438122848342,72.22222222222221,0.0,0.01282051282051282,17.611886211270157,3.9137524913933683,0.0,2.9353143685450265,3.9137524913933683,0.11029041,0.0,0.10791234172857402,6,3,0.0,1
statsbomb,1,43,2,2018,106,37,798,5629,45.983333333333334,32,0,1,1.9572308807538963,83.33333333333334,0.0,0.03125,33.272924972816234,0.0,0.0,0.0,1.9572308807538963,0.15354061,0.0,0.30051442334179046,2,1,0.0,1
statsbomb,1,43,2,2018,106,37,798,5635,55.96666666666667,29,0,5,8.040500297796306,81.81818181818183,100.0,0.0,6.4324002382370455,0.0,0.0,3.2162001191185228,1.6081000595592614,0.064090684,0.0,0.1030642327575938,1,0,0.0,0
statsbomb,1,43,2,2018,106,37,798,5636,93.88333333333334,35,2,19,20.131368720042605,42.857142857142854,0.0,0.0,0.0,0.9586366057163145,0.0,0.0,4.793183028581573,0.0,0.0,0.0,5,5,0.0,0
statsbomb,1,43,2,2018,106,37,798,5637,95.98333333333333,113,4,4,7.50130230942872,92.3076923076923,50.0,0.02654867256637168,16.87793019621462,4.68831394339295,0.0,1.87532557735718,5.62597673207154,0.244901008,0.0,0.22963456211147767,11,4,0.0,1
statsbomb,1,43,2,2018,106,37,798,5638,93.96666666666667,47,1,12,12.45122383824051,75.0,0.0,0.02127659574468085,2.8733593472862715,0.9577864490954239,1.9155728981908478,0.9577864490954239,0.0,0.0,0.0,0.0,5,5,0.0,2
statsbomb,1,43,2,2018,106,37,798,5640,91.96666666666667,90,0,18,17.615077926785066,78.57142857142857,100.0,0.0,20.550924247915912,0.0,0.0,0.0,5.871692642261689,0.0,0.0,0.0,12,8,0.0,2
statsbomb,1,43,2,2018,106,37,798,5643,39.833333333333336,36,0,1,2.2594142259414225,90.0,0.0,0.05555555555555555,18.07531380753138,0.0,0.0,0.0,0.0,0.0,0.0,0.0,6,0,0.0,0
statsbomb,1,43,2,2018,106,37,798,5646,92.96666666666667,92,4,6,9.680889207601291,84.61538461538461,100.0,0.043478260869565216,25.170311939763355,5.808533524560774,0.9680889207601291,0.9680889207601291,3.8723556830405164,0.10425556,0.0,0.10092865256364288,9,6,0.0,2
statsbomb,1,43,2,2018,106,37,798,6138,80.98333333333333,66,0,8,8.890718254784936,75.0,50.0,0.015151515151515152,28.89483432805104,0.0,1.111339781848117,1.111339781848117,7.779378472936819,0.006804785,0.0,0.007562428277423339,10,3,0.0,2
statsbomb,1,43,2,2018,106,37,798,6140,13.4,9,0,1,6.716417910447761,66.66666666666666,0.0,0.0,20.149253731343283,0.0,0.0,0.0,0.0,0.0,0.0,0.0,3,0,0.0,0
statsbomb,1,43,2,2018,106,37,798,6343,45.93333333333333,39,0,6,11.756168359941945,62.5,0.0,0.0,1.9593613933236576,1.9593613933236576,0.0,1.9593613933236576,1.9593613933236576,0.0,0.0,0.0,2,2,0.0,1
statsbomb,1,43,2,2018,106,37,798,6344,91.98333333333333,63,0,22,21.525638702663525,61.111111111111114,0.0,0.0,13.69813371987679,0.0,0.0,1.9568762456966842,2.9353143685450265,0.0069125295,0.0,0.006763482388113789,11,8,0.0,1
statsbomb,1,43,2,2018,106,37,798,6346,91.95,69,0,17,16.6394779771615,56.25,0.0,0.0,10.766721044045678,0.0,0.0,1.9575856443719413,1.9575856443719413,0.0,0.0,0.0,14,9,0.0,3
statsbomb,1,43,2,2018,107,13,768,,93.93333333333334,0,0,0,0.0,0.0,0.0,0.0,0.0,0.0,0.0,0.0,0.0,0.0,0.0,0.0,0,0,0.0,0
statsbomb,1,43,2,2018,107,13,768,10956,91.98333333333333,171,1,16,16.633448088421815,88.52459016393442,0.0,0.0,13.69813371987679,0.0,0.0,0.0,2.9353143685450265,0.0,0.0,0.0,9,7,0.0,2
statsbomb,1,43,2,2018,107,13,768,10960,92.96666666666667,51,1,3,3.8723556830405164,66.66666666666666,0.0,0.0196078431372549,25.170311939763355,0.9680889207601291,0.0,0.0,1.9361778415202582,0.24465198,0.0,0.23684487128002868,8,3,0.0,3
statsbomb,1,43,2,2018,107,13,768,3244,45.96666666666667,73,1,7,15.663524292965917,100.0,0.0,0.0,5.873821609862219,0.0,0.0,1.9579405366207396,3.9158810732414793,0.0,0.0,0.0,3,2,0.0,1
statsbomb,1,43,2,2018,107,13,768,3314,91.98333333333333,209,6,24,29.353143685450263,93.24324324324324,0.0,0.004784688995215311,6.849066859938395,1.9568762456966842,0.9784381228483421,1.9568762456966842,0.9784381228483421,0.0,0.0,0.0,8,7,0.0,2
statsbomb,1,43,2,2018,107,13,768,3318,91.98333333333333,131,4,7,10.762819351331762,75.0,71.42857142857143,0.022900763358778626,17.611886211270157,4.89219061424171,0.0,0.0,3.9137524913933683,0.555336705,0.0,0.5433626031889834,20,8,0.0,4
statsbomb,1,43,2,2018,107,13,768,3336,44.983333333333334,88,4,12,32.01185624305298,87.87878787878788,100.0,0.0,6.002223045572434,6.002223045572434,0.0,0.0,8.002964060763246,0.0,0.0,0.0,5,3,0.0,0
statsbomb,1,43,2,2018,107,13,768,3468,93.95,82,0,21,20.117083555082488,81.81818181818183,0.0,0.0,0.0,1.9159127195316656,0.0,0.0,8.621607237892496,0.0,0.0,0.0,5,3,0.0,0
statsbomb,1,43,2,2018,107,13,768,3504,91.98333333333333,142,11,10,20.547200579815183,80.48780487804879,80.0,0.007042253521126761,12.719695597028448,9.78438122848342,0.0,0.0,1.9568762456966842,0.08550697,0.0,0.0836632792172495,16,9,0.0,2
statsbomb,1,43,2,2018,107,13,768,3569,10.95,7,0,0,0.0,100.0,0.0,0.0,32.87671232876713,0.0,0.0,0.0,16.438356164383563,0.19038479,0.0,1.564806493150685,0,0,0.0,0
statsbomb,1,43,2,2018,107,13,768,3594,88.96666666666667,124,10,13,23.26714125140502,80.0,50.0,0.03225806451612903,13.150992881228927,6.069689022105658,2.0232296740352194,1.0116148370176097,4.046459348070439,0.0,0.0,0.0,26,9,0.0,3
statsbomb,1,43,2,2018,107,13,768,3645,92.98333333333333,117,0,10,9.679153970245563,93.18181818181817,0.0,0.0,12.582900161319232,0.0,0.0,0.0,1.9358307940491126,0.0,0.0,0.0,6,2,0.0,4
statsbomb,1,43,2,2018,107,13,768,3664,77.96666666666667,173,2,14,18.469431380932022,80.3030303030303,50.0,0.017341040462427744,9.234715690466011,1.1543394613082514,0.0,2.3086789226165028,5.771697306541257,0.06266041,0.0,0.07233138392475416,23,5,0.0,2
statsbomb,1,43,2,2018,107,13,768,4597,91.98333333333333,136,2,9,10.762819351331762,87.8048780487805,20.0,0.029411764705882353,26.417829316905237,1.9568762456966842,0.0,0.0,8.805943105635079,0.0621455143,0.0,0.0608055403551368,16,7,0.0,3
statsbomb,1,43,2,2018,107,22,782,,93.86666666666666,0,0,0,0.0,0.0,0.0,0.0,0.0,0.0,0.0,0.0,0.0,0.0,0.0,0.0,0,0,0.0,0
statsbomb,1,43,2,2018,107,22,782,2954,92.98333333333333,198,7,20,26.13371571966302,85.9375,100.0,0.0,32.909123498834916,5.807492382147338,0.9679153970245563,0.0,3.8716615880982252,0.042918073,0.0,0.041541063667323894,17,7,0.0,4
statsbomb,1,43,2,2018,107,22,782,3037,91.98333333333333,188,3,5,7.827504982786737,98.4375,100.0,0.0,32.28845805399529,4.89219061424171,0.9784381228483421,1.9568762456966842,7.827504982786737,0.0,0.0,0.0,6,3,0.0,4
statsbomb,1,43,2,2018,107,22,782,3101,18.7,47,0,3,14.438502673796794,100.0,0.0,0.0,0.0,0.0,0.0,0.0,0.0,0.0,0.0,0.0,0,0,0.0,0
statsbomb,1,43,2,2018,107,22,782,3296,92.96666666666667,131,2,6,7.744711366081033,74.35897435897436,100.0,0.007633587786259542,29.042667622803872,2.904266762280387,0.9680889207601291,0.9680889207601291,3.8723556830405164,0.156256756,0.0,0.15127043427751882,12,5,0.0,2
statsbomb,1,43,2,2018,107,22,782,3457,92.98333333333333,84,1,0,0.9679153970245563,76.19047619047619,66.66666666666666,0.023809523809523808,31.941208101810357,0.9679153970245563,0.0,0.0,2.903746191073669,0.295066165,0.0,0.2855990842444882,15,0,0.0,1
statsbomb,1,43,2,2018,107,22,782,3509,86.95,84,1,27,28.982173663024728,65.78947368421053,0.0,0.0,0.0,1.0350776308223117,0.0,0.0,8.280621046578494,0.0,0.0,0.0,5,4,0.0,0
statsbomb,1,43,2,2018,107,22,782,4831,89.98333333333333,136,3,15,18.003333950731616,84.31372549019608,0.0,0.0,22.004074828671975,4.000740877940359,0.0,1.0001852194850898,6.001111316910539,0.0,0.0,0.0,19,10,0.0,1
statsbomb,1,43,2,2018,107,22,782,5630,7.966666666666667,12,0,0,0.0,75.0,0.0,0.0,67.78242677824268,0.0,0.0,0.0,11.297071129707113,0.05145745,0.0,0.5813184728033474,0,0,0.0,0
statsbomb,1,43,2,2018,107,22,782,5632,91.98333333333333,143,5,9,13.69813371987679,80.76923076923077,100.0,0.0,28.37470556260192,4.89219061424171,0.9784381228483421,2.9353143685450265,1.9568762456966842,0.15159368299999998,0.0,0.14832503863018662,15,3,0.0,2
statsbomb,1,43,2,2018,107,22,782,5639,89.96666666666667,204,0,18,18.006669136717303,97.1830985915493,0.0,0.0,7.00259355316784,2.0007410151908114,1.0003705075954057,0.0,3.001111522786217,0.10147972,0.0,0.10151731900703964,1,0,0.0,0
statsbomb,1,43,2,2018,107,22,782,6330,85.98333333333333,107,3,7,10.467144795503005,72.72727272727273,33.33333333333333,0.056074766355140186,45.00872262066292,8.373715836402404,0.0,0.0,3.1401434386509015,0.16656247600000001,0.0,0.17434335537894943,14,5,0.0,3
statsbomb,1,43,2,2018,107,22,782,6331,92.98333333333333,194,4,13,16.454561749417458,91.42857142857143,0.0,0.0,10.64706936727012,4.839576985122782,0.0,0.0,1.9358307940491126,0.0,0.0,0.0,4,4,0.0,0
statsbomb,1,43,2,2018,107,22,782,6332,74.95,158,3,23,31.22081387591728,85.96491228070175,0.0,0.0,7.204803202134757,4.803202134756504,0.0,0.0,1.200800533689126,0.0,0.0,0.0,9,8,0.0,0
statsbomb,1,43,2,2018,108,40,769,,93.98333333333333,0,0,0,0.0,0.0,0.0,0.0,0.0,0.0,0.0,0.0,0.0,0.0,0.0,0.0,0,0,0.0,0
statsbomb,1,43,2,2018,108,40,769,3445,88.81666666666666,74,0,1,1.0133233252017264,68.42105263157895,0.0,0.06756756756756757,10.133233252017265,1.0133233252017264,0.0,0.0,0.0,0.11338981,0.0,0.11490053931319197,7,1,0.0,0
statsbomb,1,43,2,2018,108,40,769,3494,88.98333333333333,164,0,27,27.3084847349691,83.07692307692308,0.0,0.0,2.022850721108822,1.011425360554411,0.0,0.0,3.034276081663233,0.0,0.0,0.0,10,6,0.0,0
statsbomb,1,43,2,2018,108,40,769,4276,93.98333333333333,56,3,25,26.813264763255894,68.75,0.0,0.0,0.0,0.9576165986877105,0.0,0.0,7.660932789501684,0.0,0.0,0.0,3,2,0.0,0
statsbomb,1,43,2,2018,108,40,769,5678,6.8,9,1,0,13.23529411764706,66.66666666666666,0.0,0.1111111111111111,0.0,13.23529411764706,0.0,0.0,26.47058823529412,0.0,0.0,0.0,0,0,0.0,0
statsbomb,1,43,2,2018,108,40,769,5685,91.98333333333333,88,0,12,11.741257474180106,85.71428571428571,0.0,0.0,9.78438122848342,1.9568762456966842,0.9784381228483421,0.0,1.9568762456966842,0.0,0.0,0.0,7,5,0.0,3
statsbomb,1,43,2,2018,108,40,769,5689,90.98333333333333,139,5,5,9.891921597362154,70.73170731707317,0.0,0.05755395683453238,9.891921597362154,0.9891921597362154,0.0,0.9891921597362154,3.9567686389448617,0.0,0.0,0.0,12,6,0.0,0
statsbomb,1,43,2,2018,108,40,769,5691,89.96666666666667,98,2,17,19.00703964431271,65.78947368421053,0.0,0.061224489795918366,14.00518710633568,0.0,1.0003705075954057,0.0,4.001482030381623,0.0,0.0,0.0,13,7,0.0,3
statsbomb,1,43,2,2018,108,40,769,5692,88.98333333333333,121,5,24,29.33133545607792,76.47058823529412,100.0,0.0,12.137104326652931,6.068552163326466,0.0,0.0,5.057126802772055,0.048187166,0.0,0.04873772174564525,22,13,0.0,4
statsbomb,1,43,2,2018,108,40,769,5695,29.966666666666665,28,1,1,6.006674082313682,80.0,0.0,0.03571428571428571,12.013348164627365,3.003337041156841,0.0,0.0,3.003337041156841,0.0,0.0,0.0,3,1,0.0,0
statsbomb,1,43,2,2018,108,40,769,5696,93.98333333333333,139,0,25,23.940414967192762,79.36507936507937,0.0,0.0,7.660932789501684,0.0,0.0,1.915233197375421,1.915233197375421,0.0,0.0,0.0,17,9,0.0,1
statsbomb,1,43,2,2018,108,40,769,6193,79.98333333333333,98,2,11,14.628047509897895,93.75,0.0,0.02040816326530612,15.753281933736195,0.0,0.0,0.0,2.2504688476765993,0.0,0.0,0.0,11,6,0.0,2
statsbomb,1,43,2,2018,108,40,769,6196,92.98333333333333,148,4,21,24.19788492561391,89.65517241379311,100.0,0.0,3.8716615880982252,3.8716615880982252,0.0,1.9358307940491126,1.9358307940491126,0.057972074,0.0,0.05611206302204696,5,3,0.0,1
statsbomb,1,43,2,2018,108,40,769,6333,4.95,9,0,0,0.0,0.0,0.0,0.0,18.18181818181818,0.0,0.0,0.0,0.0,0.0,0.0,0.0,1,0,0.0,0
statsbomb,1,43,2,2018,108,40,769,6334,60.96666666666667,62,2,7,13.285948605795516,66.66666666666666,0.0,0.04838709677419355,10.333515582285402,2.952433023510115,1.4762165117550574,0.0,5.90486604702023,0.06531282,0.0,0.09641586331328594,12,7,0.0,0
statsbomb,1,43,2,2018,108,21,787,,93.98333333333333,0,0,0,0.0,0.0,0.0,0.0,0.0,0.0,0.0,0.0,0.0,0.0,0.0,0.0,0,0,0.0,0
statsbomb,1,43,2,2018,108,21,787,2941,89.96666666666667,75,5,4,9.003334568358651,81.25,50.0,0.04,24.008892182289735,7.00259355316784,0.0,0.0,1.0003705075954057,0.11520704000000001,0.0,0.11524972508336422,9,5,0.0,3
statsbomb,1,43,2,2018,108,21,787,3145,78.98333333333333,51,5,3,9.115847225152987,64.28571428571429,0.0,0.058823529411764705,36.463388900611946,4.557923612576493,0.0,2.2789618062882466,5.697404515720617,0.033191733,0.0,0.037821345895758605,5,3,0.0,4
statsbomb,1,43,2,2018,108,21,787,3404,73.98333333333333,54,1,10,13.381392205451679,65.625,100.0,0.0,21.896823608920926,1.216490200495607,0.0,0.0,2.432980400991214,0.0,0.0,0.0,7,2,0.0,3
statsbomb,1,43,2,2018,108,21,787,3436,92.98333333333333,105,2,16,17.422477146442013,85.71428571428571,0.0,0.0,27.101631116687578,2.903746191073669,4.839576985122782,0.9679153970245563,2.903746191073669,0.0,0.0,0.0,12,10,0.0,6
statsbomb,1,43,2,2018,108,21,787,3555,12.383333333333333,4,0,1,7.267833109017497,50.0,0.0,0.25,7.267833109017497,7.267833109017497,0.0,0.0,7.267833109017497,0.0,0.0,0.0,2,1,0.0,1
statsbomb,1,43,2,2018,108,21,787,3629,93.98333333333333,115,6,9,14.364248980315658,73.07692307692307,66.66666666666666,0.06086956521739131,20.109948572441922,7.660932789501684,0.0,0.9576165986877105,3.830466394750842,0.047152,0.0,0.04515353786132293,16,5,0.0,3
statsbomb,1,43,2,2018,108,21,787,3684,93.96666666666667,63,2,7,8.620078041858815,81.48148148148148,100.0,0.0,26.81802057467187,1.9155728981908478,0.0,0.9577864490954239,4.7889322454771195,0.0,0.0,0.0,7,4,0.0,6
statsbomb,1,43,2,2018,108,21,787,3962,8.633333333333333,5,0,1,10.424710424710426,50.0,0.0,0.2,31.27413127413128,0.0,0.0,0.0,0.0,0.0,0.0,0.0,2,0,0.0,0
statsbomb,1,43,2,2018,108,21,787,5659,88.91666666666667,36,1,16,17.207122774133083,42.10526315789473,0.0,0.0,0.0,1.0121836925960637,0.0,0.0,1.0121836925960637,0.0,0.0,0.0,11,10,0.0,0
statsbomb,1,43,2,2018,108,21,787,5661,85.98333333333333,70,1,8,9.420430315952704,50.0,100.0,0.04285714285714286,31.401434386509017,4.186857918201202,1.0467144795503005,3.1401434386509015,3.1401434386509015,0.144981218,0.0,0.15175394014343865,18,6,0.0,4
statsbomb,1,43,2,2018,108,21,787,5664,93.96666666666667,100,3,17,19.155728981908478,78.57142857142857,0.0,0.01,5.746718694572543,2.8733593472862715,1.9155728981908478,0.9577864490954239,4.7889322454771195,0.019378072,0.0,0.018560054771195458,8,6,0.0,2
statsbomb,1,43,2,2018,108,21,787,5674,18.866666666666667,10,0,1,4.770318021201414,66.66666666666666,100.0,0.1,9.540636042402827,0.0,0.0,0.0,4.770318021201414,0.0,0.0,0.0,2,1,0.0,0
statsbomb,1,43,2,2018,108,21,787,5675,92.95,103,5,18,22.270037654653038,75.0,0.0,0.0,8.714362560516406,3.8730500268961805,0.0,2.9047875201721354,1.9365250134480902,0.0,0.0,0.0,10,9,0.0,0
statsbomb,1,43,2,2018,108,21,787,6335,91.98333333333333,75,3,18,20.547200579815183,87.5,66.66666666666666,0.013333333333333334,14.676571842725131,0.9784381228483421,0.9784381228483421,3.9137524913933683,6.849066859938395,0.0,0.0,0.0,7,5,0.0,9
statsbomb,1,43,2,2018,109,3,778,,93.95,0,0,0,0.0,0.0,0.0,0.0,0.0,0.0,0.0,0.0,0.0,0.0,0.0,0.0,0,0,0.0,0
statsbomb,1,43,2,2018,109,3,778,3175,77.9,40,0,16,18.485237483953785,75.0,0.0,0.0,0.0,1.1553273427471116,0.0,0.0,3.465982028241335,0.0,0.0,0.0,3,3,0.0,0
statsbomb,1,43,2,2018,109,3,778,3300,92.98333333333333,215,10,16,25.165800322638464,97.5,0.0,0.0,7.7433231761964505,6.7754077791718945,0.0,0.0,0.9679153970245563,0.1017525,0.0,0.09848781143574116,5,5,0.0,1
statsbomb,1,43,2,2018,109,3,778,3530,84.98333333333333,122,3,20,24.357717199450875,69.64285714285714,0.0,0.00819672131147541,13.767405373602669,4.236124730339283,0.0,0.0,5.295155912924104,0.0,0.0,0.0,14,8,0.0,0
statsbomb,1,43,2,2018,109,3,778,3810,46.95,52,1,0,1.9169329073482426,69.23076923076923,100.0,0.038461538461538464,21.08626198083067,0.0,0.0,1.9169329073482426,3.8338658146964852,0.18346742,0.0,0.3516947348242811,6,1,0.0,3
statsbomb,1,43,2,2018,109,3,778,5679,41.93333333333333,44,2,6,17.17011128775835,61.53846153846154,0.0,0.022727272727272728,8.585055643879175,2.1462639109697936,0.0,0.0,2.1462639109697936,0.0,0.0,0.0,11,5,0.0,0
statsbomb,1,43,2,2018,109,3,778,5681,8.966666666666667,41,0,3,30.11152416356877,92.85714285714286,0.0,0.0,0.0,0.0,0.0,0.0,0.0,0.0,0.0,0.0,0,0,0.0,0
statsbomb,1,43,2,2018,109,3,778,5687,26.966666666666665,93,0,2,6.6749072929542645,96.7741935483871,0.0,0.010752688172043012,26.699629171817058,6.6749072929542645,0.0,0.0,0.0,0.0072147795,0.0,0.02407899215080346,3,0,0.0,1
statsbomb,1,43,2,2018,109,3,778,5690,92.98333333333333,119,0,13,12.582900161319232,82.0,100.0,0.008403361344537815,13.550815558343789,1.9358307940491126,0.9679153970245563,0.0,4.839576985122782,0.0,0.0,0.0,18,8,0.0,3
statsbomb,1,43,2,2018,109,3,778,5693,91.98333333333333,170,1,19,19.56876245696684,83.09859154929578,0.0,0.0058823529411764705,19.56876245696684,0.9784381228483421,0.0,0.0,0.9784381228483421,0.0,0.0,0.0,16,8,0.0,1
statsbomb,1,43,2,2018,109,3,778,5694,92.98333333333333,210,0,17,16.454561749417458,94.9367088607595,0.0,0.004761904761904762,19.358307940491127,0.9679153970245563,0.0,0.0,1.9358307940491126,0.0,0.0,0.0,7,5,0.0,3
statsbomb,1,43,2,2018,109,3,778,6191,64.98333333333333,117,5,15,27.699410105155167,57.49999999999999,100.0,0.008547008547008548,29.084380610412925,4.154911515773275,0.0,1.3849705052577583,2.7699410105155167,0.173507521,0.0,0.24030279902539112,24,8,0.0,0
statsbomb,1,43,2,2018,109,3,778,6337,81.98333333333333,66,0,1,1.0977841024598496,87.5,0.0,0.045454545454545456,26.346818459036392,1.0977841024598496,0.0,1.0977841024598496,1.0977841024598496,0.158210943,0.0,0.1736814580605814,10,1,0.0,2
statsbomb,1,43,2,2018,109,3,778,6338,92.96666666666667,232,2,15,16.457511652922193,88.50574712643679,0.0,0.0,11.617067049121548,0.0,0.0,0.0,3.8723556830405164,0.19548738,0.0,0.18924916672642522,7,6,0.0,1
statsbomb,1,43,2,2018,109,3,778,6339,85.96666666666667,63,1,3,4.187669639395114,82.35294117647058,0.0,0.031746031746031744,21.98526560682435,0.0,0.0,0.0,1.0469174098487786,0.062735535,0.0,0.06567892380767738,8,3,0.0,0
statsbomb,1,43,2,2018,109,17,789,,93.88333333333334,0,0,0,0.0,0.0,0.0,0.0,0.0,0.0,0.0,0.0,0.0,0.0,0.0,0.0,0,0,0.0,0
statsbomb,1,43,2,2018,109,17,789,3034,88.98333333333333,199,4,23,27.3084847349691,85.71428571428571,0.0,0.0,6.068552163326466,2.022850721108822,1.011425360554411,0.0,2.022850721108822,0.06256303,0.0,0.06327783517512643,11,4,0.0,1
statsbomb,1,43,2,2018,109,17,789,3262,88.95,56,0,20,20.236087689713322,72.0,0.0,0.0,0.0,0.0,0.0,0.0,1.0118043844856661,0.0,0.0,0.0,3,2,0.0,0
statsbomb,1,43,2,2018,109,17,789,3637,88.98333333333333,131,4,14,18.205656489979397,87.75510204081633,100.0,0.007633587786259542,8.091402884435288,2.022850721108822,0.0,2.022850721108822,5.057126802772055,0.0,0.0,0.0,9,6,0.0,1
statsbomb,1,43,2,2018,109,17,789,4626,88.98333333333333,205,1,24,25.285634013860275,89.33333333333333,100.0,0.0,5.057126802772055,0.0,0.0,2.022850721108822,4.045701442217644,0.20855306,0.0,0.21093585390522573,15,10,0.0,3
statsbomb,1,43,2,2018,109,17,789,4685,87.95,123,5,17,22.51279135872655,77.35849056603774,100.0,0.0,11.256395679363274,2.046617396247868,1.023308698123934,0.0,1.023308698123934,0.06330646,0.0,0.06478205116543491,19,11,0.0,2
statsbomb,1,43,2,2018,109,17,789,5660,78.98333333333333,113,3,8,12.534289934585356,81.08108108108108,100.0,0.008849557522123894,20.51065625659422,5.697404515720617,0.0,0.0,3.41844270943237,0.039988436,0.0,0.04556605916860098,18,8,0.0,3
statsbomb,1,43,2,2018,109,17,789,5667,92.98333333333333,101,3,8,10.64706936727012,50.0,0.0,0.019801980198019802,16.454561749417458,3.8716615880982252,0.0,0.0,0.9679153970245563,0.23227182,0.0,0.22481947087291626,22,4,0.0,1
statsbomb,1,43,2,2018,109,17,789,5668,92.98333333333333,101,3,5,7.7433231761964505,95.23809523809523,33.33333333333333,0.07920792079207921,8.711238573221006,2.903746191073669,0.0,0.0,2.903746191073669,0.321956216,0.0,0.3116263786341638,12,5,0.0,2
statsbomb,1,43,2,2018,109,17,789,5673,88.98333333333333,141,1,14,15.171380408316166,87.93103448275862,100.0,0.0070921985815602835,21.23993257164263,1.011425360554411,0.0,1.011425360554411,5.057126802772055,0.0,0.0,0.0,19,5,0.0,3
statsbomb,1,43,2,2018,109,17,789,6194,12.766666666666667,25,0,0,0.0,80.0,50.0,0.08,21.14882506527415,14.099216710182766,0.0,0.0,0.0,0.0,0.0,0.0,3,0,0.0,0
statsbomb,1,43,2,2018,109,17,789,6195,88.96666666666667,82,1,7,8.092918696140877,89.65517241379311,0.0,0.0,41.476208317722,0.0,0.0,0.0,3.034844511052829,0.006573843,0.0,0.006650197115024355,6,4,0.0,4
statsbomb,1,43,2,2018,109,17,789,6336,78.96666666666667,109,3,11,15.956099620092864,70.58823529411765,33.33333333333333,0.027522935779816515,13.676656817222455,1.1397214014352046,1.1397214014352046,1.1397214014352046,5.698607007176023,0.105501186,0.0,0.12024195956099619,14,5,0.0,1
statsbomb,1,43,2,2018,109,17,789,6340,9.916666666666666,29,2,1,27.22689075630252,81.81818181818183,0.0,0.0,9.07563025210084,18.15126050420168,0.0,0.0,27.22689075630252,0.0,0.0,0.0,4,1,0.0,0
statsbomb,1,43,2,2018,110,4,772,,94.98333333333333,0,0,0,0.0,0.0,0.0,0.0,0.0,0.0,0.0,0.0,0.0,0.0,0.0,0.0,0,0,0.0,0
statsbomb,1,43,2,2018,110,4,772,3064,85.96666666666667,164,2,8,10.469174098487786,89.28571428571429,100.0,0.0,30.360604885614578,1.0469174098487786,1.0469174098487786,2.093834819697557,0.0,0.30718925399999997,0.0,0.3216017781310585,28,3,0.0,3
statsbomb,1,43,2,2018,110,4,772,3333,90.98333333333333,33,0,9,8.90272943762594,92.3076923076923,0.0,0.0,0.0,0.0,0.0,0.0,2.9675764792086463,0.0,0.0,0.0,2,2,0.0,0
statsbomb,1,43,2,2018,110,4,772,4926,94.98333333333333,314,10,16,24.635901035269345,89.8989898989899,42.857142857142854,0.01592356687898089,20.845762414458676,12.317950517634673,0.0,0.0,4.737673276013336,0.034385515500000005,0.0,0.03258146757325847,43,14,0.0,1
statsbomb,1,43,2,2018,110,4,772,5198,76.98333333333333,78,0,1,1.1690842173630656,100.0,100.0,0.05128205128205128,29.227105434076638,0.0,0.0,0.0,1.1690842173630656,1.04694417,0.0,1.2239659056072743,12,0,0.0,2
statsbomb,1,43,2,2018,110,4,772,5199,94.98333333333333,239,3,14,16.10808913844534,89.28571428571429,100.0,0.0041841004184100415,33.16371293209335,0.0,0.0,1.8950693104053342,0.0,0.0,0.0,0.0,27,9,0.0,2
statsbomb,1,43,2,2018,110,4,772,5200,6.766666666666667,11,0,2,26.600985221674875,100.0,0.0,0.0,79.80295566502463,0.0,0.0,13.300492610837438,13.300492610837438,0.0,0.0,0.0,1,1,0.0,0
statsbomb,1,43,2,2018,110,4,772,5201,93.96666666666667,313,7,49,53.63604114934374,96.55172413793103,0.0,0.0,7.662291592763391,4.7889322454771195,0.9577864490954239,0.0,3.8311457963816955,0.0,0.0,0.0,19,13,0.0,2
statsbomb,1,43,2,2018,110,4,772,5202,94.98333333333333,162,2,4,5.685207931216002,93.44262295081968,100.0,0.0,17.055623793648007,1.8950693104053342,0.0,2.842603965608001,0.9475346552026671,0.035519395,0.0,0.03365585769433234,18,2,0.0,1
statsbomb,1,43,2,2018,110,4,772,5203,93.98333333333333,193,1,13,13.406632381627947,94.28571428571428,0.0,0.0051813471502590676,16.27948217769108,0.0,0.0,2.8728497960631314,2.8728497960631314,0.10047825,0.0,0.09621964000709346,12,8,0.0,3
statsbomb,1,43,2,2018,110,4,772,5208,24.983333333333334,92,3,6,32.421614409606406,90.0,100.0,0.0,25.216811207471647,7.204803202134756,0.0,0.0,0.0,0.0,0.0,0.0,6,5,0.0,0
statsbomb,1,43,2,2018,110,4,772,5211,94.98333333333333,241,1,16,16.10808913844534,86.20689655172413,0.0,0.008298755186721992,17.055623793648007,1.8950693104053342,0.9475346552026671,0.0,1.8950693104053342,0.0,0.0,0.0,29,7,0.0,2
statsbomb,1,43,2,2018,110,4,772,5213,94.98333333333333,186,10,21,29.37357431128268,94.28571428571428,0.0,0.0,6.6327425864186695,10.422881207229338,0.0,0.9475346552026671,1.8950693104053342,0.0,0.0,0.0,8,7,0.0,0
statsbomb,1,43,2,2018,110,4,772,5216,69.98333333333333,198,5,18,29.578471064539176,91.04477611940298,50.0,0.015151515151515152,25.720409621338412,3.858061443200762,0.0,0.0,1.2860204810669207,0.073567346,0.0,0.0946091136937366,29,16,0.0,3
statsbomb,1,43,2,2018,110,4,772,5217,15.95,25,0,1,5.6426332288401255,83.33333333333334,0.0,0.04,16.927899686520377,5.6426332288401255,0.0,0.0,0.0,0.06286274,0.0,0.3547113855799373,3,0,0.0,0
statsbomb,1,43,2,2018,110,15,780,,94.98333333333333,0,0,0,0.0,0.0,0.0,0.0,0.0,0.0,0.0,0.0,0.0,0.0,0.0,0.0,0,0,0.0,0
statsbomb,1,43,2,2018,110,15,780,20016,83.95,74,1,15,17.153067301965454,85.71428571428571,0.0,0.0,13.936867182846932,3.2162001191185228,0.0,1.0720667063728408,2.1441334127456817,0.14278555,0.0,0.1530756343061346,9,7,0.0,1
statsbomb,1,43,2,2018,110,15,780,3168,93.98333333333333,104,1,11,11.491399184252526,97.5,100.0,0.0,39.26228054619613,2.8728497960631314,0.0,0.0,0.9576165986877105,0.0,0.0,0.0,10,5,0.0,3
statsbomb,1,43,2,2018,110,15,780,3193,68.96666666666667,59,3,7,13.049782503624938,84.21052631578947,50.0,0.0847457627118644,57.419043015949725,3.9149347510874817,0.0,1.3049782503624938,5.219913001449975,0.0,0.0,0.0,9,4,0.0,6
statsbomb,1,43,2,2018,110,15,780,3329,93.96666666666667,98,1,14,14.366796736431358,68.29268292682927,0.0,0.01020408163265306,24.90244767648102,0.9577864490954239,0.9577864490954239,0.0,1.9155728981908478,0.0,0.0,0.0,16,5,0.0,2
statsbomb,1,43,2,2018,110,15,780,3960,90.95,81,3,11,13.853765805387576,82.35294117647058,0.0,0.012345679012345678,10.885101704233096,0.9895547003848268,0.0,0.0,4.947773501924134,0.0,0.0,0.0,5,4,0.0,0
statsbomb,1,43,2,2018,110,15,780,4272,23.983333333333334,30,0,3,11.257817929117442,75.0,100.0,0.0,45.03127171646977,0.0,0.0,0.0,3.7526059763724806,0.0,0.0,0.0,6,1,0.0,0
statsbomb,1,43,2,2018,110,15,780,4367,79.98333333333333,72,3,3,6.751406543029798,83.33333333333334,0.0,0.027777777777777776,25.880391748280893,3.375703271514899,0.0,0.0,1.1252344238382996,0.023871757,0.0,0.026861322733902897,4,2,0.0,2
statsbomb,1,43,2,2018,110,15,780,5204,67.96666666666667,66,2,5,9.269249632172633,78.94736842105263,0.0,0.015151515151515152,31.78028445316331,2.6483570377636094,1.3241785188818047,2.6483570377636094,5.296714075527219,0.02081828,0.0,0.0275671191760667,7,3,0.0,5
statsbomb,1,43,2,2018,110,15,780,5205,86.96666666666667,49,1,23,24.83710233806056,68.0,0.0,0.0,0.0,1.0348792640858566,0.0,0.0,3.10463779225757,0.0,0.0,0.0,1,1,0.0,0
statsbomb,1,43,2,2018,110,15,780,5207,93.98333333333333,122,6,10,15.321865579003369,94.11764705882352,0.0,0.02459016393442623,9.576165986877106,5.745699592126263,0.0,0.0,2.8728497960631314,1.1523559309999998,0.0,1.10351516712183,12,5,0.0,0
statsbomb,1,43,2,2018,110,15,780,5209,94.98333333333333,154,3,18,19.89822775925601,76.66666666666667,25.0,0.025974025974025976,17.055623793648007,2.842603965608001,0.0,0.9475346552026671,0.0,0.0,0.0,0.0,23,6,0.0,3
statsbomb,1,43,2,2018,110,15,780,5214,91.98333333333333,134,0,12,11.741257474180106,90.0,100.0,0.0,27.39626743975358,0.0,0.0,0.9784381228483421,3.9137524913933683,0.0,0.0,0.0,11,7,0.0,4
statsbomb,1,43,2,2018,110,15,780,5215,24.883333333333333,31,1,0,3.6168787675820497,75.0,100.0,0.0,25.318151373074347,0.0,0.0,0.0,3.6168787675820497,0.094764271,0.0,0.3427508797052914,9,0,0.0,0
statsbomb,1,43,2,2018,110,15,780,5218,14.916666666666666,12,0,2,12.067039106145252,50.0,0.0,0.0,60.33519553072626,0.0,0.0,0.0,6.033519553072626,0.0,0.0,0.0,0,0,0.0,1
statsbomb,1,43,2,2018,111,28,788,,96.93333333333334,0,0,0,0.0,0.0,0.0,0.0,0.0,0.0,0.0,0.0,0.0,0.0,0.0,0.0,0,0,0.0,0
statsbomb,1,43,2,2018,111,28,788,3302,75.98333333333333,109,3,8,13.029173064268479,73.68421052631578,80.0,0.01834862385321101,11.844702785698617,1.1844702785698618,0.0,0.0,3.5534108357095855,0.0,0.0,0.0,19,5,0.0,1
statsbomb,1,43,2,2018,111,28,788,5219,95.98333333333333,173,10,24,31.88053481507206,86.76470588235294,0.0,0.0,2.81298836603577,4.68831394339295,0.0,0.93766278867859,7.50130230942872,0.12999704,0.0,0.12189338704636221,16,14,0.0,0
statsbomb,1,43,2,2018,111,28,788,5221,6.966666666666667,18,2,2,51.67464114832536,100.0,0.0,0.0,0.0,25.83732057416268,0.0,0.0,12.91866028708134,0.0059796465,0.0,0.07724902177033492,1,2,0.0,0
statsbomb,1,43,2,2018,111,28,788,5223,16.916666666666668,10,0,0,0.0,100.0,0.0,0.1,10.64039408866995,0.0,0.0,0.0,0.0,0.0,0.0,0.0,1,0,0.0,0
statsbomb,1,43,2,2018,111,28,788,5229,76.98333333333333,35,0,2,2.338168434726131,50.0,0.0,0.08571428571428572,19.874431695172113,0.0,0.0,0.0,1.1690842173630656,0.09036858,0.0,0.10564848062351158,5,0,0.0,2
statsbomb,1,43,2,2018,111,28,788,5232,95.98333333333333,133,3,11,13.127279041500259,78.26086956521739,0.0,0.007518796992481203,13.127279041500259,2.81298836603577,0.93766278867859,0.93766278867859,1.87532557735718,0.0,0.0,0.0,12,4,0.0,4
statsbomb,1,43,2,2018,111,28,788,5233,94.93333333333334,31,0,13,12.32443820224719,64.70588235294117,0.0,0.0,0.0,0.0,0.0,0.0,1.896067415730337,0.0,0.0,0.0,3,2,0.0,0
statsbomb,1,43,2,2018,111,28,788,5234,18.866666666666667,12,0,1,4.770318021201414,66.66666666666666,0.0,0.08333333333333333,19.081272084805654,0.0,0.0,0.0,0.0,0.0,0.0,0.0,1,0,0.0,0
statsbomb,1,43,2,2018,111,28,788,5236,93.98333333333333,113,1,12,12.449015782940236,80.85106382978722,0.0,0.017699115044247787,23.940414967192762,0.9576165986877105,0.9576165986877105,1.915233197375421,2.8728497960631314,0.0,0.0,0.0,7,3,0.0,4
statsbomb,1,43,2,2018,111,28,788,5237,92.98333333333333,158,4,23,26.13371571966302,80.0,33.33333333333333,0.0189873417721519,26.13371571966302,3.8716615880982252,0.0,3.8716615880982252,1.9358307940491126,0.16837665899999998,0.0,0.16297436074565333,30,16,0.0,6
statsbomb,1,43,2,2018,111,28,788,5242,95.98333333333333,128,2,11,12.18961625282167,87.5,100.0,0.015625,16.87793019621462,3.75065115471436,0.0,0.0,3.75065115471436,0.345133186,0.0,0.32361854565028647,16,7,0.0,4
statsbomb,1,43,2,2018,111,28,788,5243,81.96666666666667,133,5,6,12.078080520536803,73.33333333333333,61.53846153846154,0.03759398496240601,15.372102480683203,6.588043920292802,0.0,0.0,2.1960146400976006,0.20366017,0.0,0.22362035746238307,20,4,0.0,1
statsbomb,1,43,2,2018,111,28,788,5244,95.98333333333333,229,8,30,35.63118596978642,85.71428571428571,0.0,0.008733624454148471,0.93766278867859,11.25195346414308,0.0,0.93766278867859,4.68831394339295,0.086651765,0.0,0.08125013561382184,11,9,0.0,0
statsbomb,1,43,2,2018,111,28,788,5245,95.96666666666667,113,2,8,9.3782563390066,91.66666666666666,33.33333333333333,0.035398230088495575,13.12955887460924,1.87565126780132,0.0,0.0,3.75130253560264,0.02902798,0.0,0.02722318374435568,12,3,0.0,0
statsbomb,1,43,2,2018,111,25,797,,96.86666666666666,0,0,0,0.0,0.0,0.0,0.0,0.0,0.0,0.0,0.0,0.0,0.0,0.0,0.0,0,0,0.0,0
statsbomb,1,43,2,2018,111,25,797,5220,94.91666666666667,57,1,13,13.274802458296751,60.0,0.0,0.0,1.89640035118525,0.948200175592625,0.0,0.0,0.948200175592625,0.0,0.0,0.0,6,4,0.0,0
statsbomb,1,43,2,2018,111,25,797,5222,87.98333333333333,41,2,8,10.229210077666224,73.33333333333333,0.0,0.0,6.137526046599735,2.045842015533245,0.0,1.0229210077666224,4.09168403106649,0.04428437,0.0,0.045299412388709985,2,2,0.0,2
statsbomb,1,43,2,2018,111,25,797,5224,95.98333333333333,106,5,6,10.31429067546449,52.0,0.0,0.02830188679245283,22.50390692828616,3.75065115471436,0.0,0.93766278867859,1.87532557735718,0.4895982,0.0,0.459078013544018,10,4,0.0,4
statsbomb,1,43,2,2018,111,25,797,5225,77.95,55,0,11,12.700449005772931,76.0,0.0,0.0,27.71007055805003,1.1545862732520846,3.463758819756254,1.1545862732520846,6.927517639512508,0.030170556,0.0,0.034834509813983325,1,1,0.0,2
statsbomb,1,43,2,2018,111,25,797,5226,26.933333333333334,14,0,1,3.3415841584158414,100.0,0.0,0.0,26.73267326732673,0.0,0.0,0.0,3.3415841584158414,0.0,0.0,0.0,1,0,0.0,3
statsbomb,1,43,2,2018,111,25,797,5227,95.93333333333334,28,2,18,18.7630298818624,45.0,0.0,0.0,0.0,0.0,0.0,0.0,2.8144544822793605,0.0,0.0,0.0,10,10,0.0,0
statsbomb,1,43,2,2018,111,25,797,5228,12.466666666666667,3,0,1,7.219251336898395,100.0,0.0,0.0,0.0,0.0,0.0,0.0,7.219251336898395,0.0,0.0,0.0,0,0,0.0,0
statsbomb,1,43,2,2018,111,25,797,5230,94.98333333333333,72,0,21,19.89822775925601,40.54054054054054,0.0,0.013888888888888888,10.422881207229338,0.0,0.0,0.0,3.7901386208106684,0.0478044147,0.0,0.04529633959992981,17,9,0.0,1
statsbomb,1,43,2,2018,111,25,797,5231,88.98333333333333,60,2,5,7.079977523880877,50.0,0.0,0.03333333333333333,25.285634013860275,1.011425360554411,1.011425360554411,2.022850721108822,1.011425360554411,0.0,0.0,0.0,8,2,0.0,2
statsbomb,1,43,2,2018,111,25,797,5235,87.96666666666667,64,0,22,22.508525956801815,56.75675675675676,0.0,0.0,13.300492610837438,0.0,0.0,0.0,6.138688897309587,0.0,0.0,0.0,8,8,0.0,3
statsbomb,1,43,2,2018,111,25,797,5238,67.96666666666667,53,2,3,6.620892594409024,53.333333333333336,66.66666666666666,0.03773584905660377,38.40117704757234,1.3241785188818047,0.0,2.6483570377636094,11.917606669936243,0.0,0.0,0.0,8,3,0.0,4
statsbomb,1,43,2,2018,111,25,797,5239,83.98333333333333,78,2,4,6.429847191903155,45.0,75.0,0.01282051282051282,26.791029966263146,2.1432823973010517,0.0,1.0716411986505259,7.501488390553681,0.085698337,0.0,0.09183786858503672,13,2,0.0,6
statsbomb,1,43,2,2018,111,25,797,5240,10.916666666666666,10,1,1,16.48854961832061,50.0,0.0,0.0,32.97709923664122,8.244274809160306,0.0,0.0,0.0,0.0,0.0,0.0,1,1,0.0,0
statsbomb,1,43,2,2018,111,25,797,5241,89.98333333333333,57,3,5,8.001481755880718,62.5,100.0,0.03508771929824561,37.00685312094832,0.0,1.0001852194850898,1.0001852194850898,5.000926097425449,0.0,0.0,0.0,9,4,0.0,4
statsbomb,1,43,2,2018,112,39,774,,96.86666666666666,0,0,0,0.0,0.0,0.0,0.0,0.0,0.0,0.0,0.0,0.0,0.0,0.0,0.0,0,0,0.0,0
statsbomb,1,43,2,2018,112,39,774,3536,8.95,12,0,0,0.0,75.0,0.0,0.0,40.22346368715084,0.0,0.0,0.0,10.05586592178771,0.0,0.0,0.0,3,0,0.0,0
statsbomb,1,43,2,2018,112,39,774,3568,94.98333333333333,126,1,18,18.003158448850677,85.41666666666666,0.0,0.0,30.321108966485347,1.8950693104053342,0.9475346552026671,0.9475346552026671,5.685207931216002,0.09098705700000001,0.0,0.08621338968240043,18,8,0.0,3
statsbomb,1,43,2,2018,112,39,774,3878,44.93333333333333,64,2,5,14.020771513353118,100.0,0.0,0.0,16.023738872403563,6.008902077151336,0.0,4.005934718100891,10.014836795252226,0.0,0.0,0.0,7,2,0.0,0
statsbomb,1,43,2,2018,112,39,774,4063,93.98333333333333,107,1,22,22.025181769817344,66.66666666666666,0.0,0.0,6.703316190813974,1.915233197375421,0.0,1.915233197375421,4.788082993438553,0.0,0.0,0.0,6,6,0.0,2
statsbomb,1,43,2,2018,112,39,774,5250,89.98333333333333,112,4,20,24.004445267642154,77.77777777777779,0.0,0.0,21.003889609186885,3.0005556584552693,1.0001852194850898,1.0001852194850898,4.000740877940359,0.008270875,0.0,0.008272406927208742,21,9,0.0,2
statsbomb,1,43,2,2018,112,39,774,5251,93.98333333333333,177,5,19,22.98279836850505,74.13793103448276,0.0,0.011299435028248588,22.025181769817344,4.788082993438553,1.915233197375421,1.915233197375421,0.9576165986877105,0.07929382,0.0,0.07593307820535555,37,10,0.0,2
statsbomb,1,43,2,2018,112,39,774,5252,62.983333333333334,59,0,2,2.8578989150568934,61.53846153846154,0.0,0.03389830508474576,22.863191320455147,0.0,0.0,0.0,1.4289494575284467,0.056479577,0.0,0.08070646091558614,7,0,0.0,1
statsbomb,1,43,2,2018,112,39,774,5253,80.98333333333333,99,5,13,20.004116073266104,51.61290322580645,100.0,0.010101010101010102,13.336077382177404,5.556698909240585,0.0,2.222679563696234,4.445359127392468,0.0,0.0,0.0,15,5,0.0,0
statsbomb,1,43,2,2018,112,39,774,5254,89.91666666666667,52,0,13,13.012048192771083,60.86956521739131,0.0,0.0,5.004633920296571,0.0,0.0,0.0,1.0009267840593141,0.0,0.0,0.0,3,2,0.0,1
statsbomb,1,43,2,2018,112,39,774,5257,31.916666666666668,49,2,0,5.639686684073107,60.0,0.0,0.0,5.639686684073107,11.279373368146214,2.8198433420365534,0.0,0.0,0.0,0.0,0.0,10,1,0.0,0
statsbomb,1,43,2,2018,112,39,774,5261,94.98333333333333,139,10,5,14.213019828040007,84.61538461538461,20.0,0.050359712230215826,16.10808913844534,8.527811896824003,2.842603965608001,1.8950693104053342,4.737673276013336,0.11010001800000001,0.0,0.10432358259343745,15,9,0.0,1
statsbomb,1,43,2,2018,112,39,774,5262,48.983333333333334,78,0,6,11.024157876828854,84.84848484848484,0.0,0.0,22.048315753657707,0.0,5.512078938414427,0.0,3.6747192922762846,0.019357108,0.0,0.035565969105137804,3,2,0.0,1
statsbomb,1,43,2,2018,112,39,774,5263,94.96666666666667,148,2,22,22.744822744822745,74.60317460317461,50.0,0.006756756756756757,6.6339066339066335,0.9477009477009477,0.0,3.790803790803791,2.843102843102843,0.0,0.0,0.0,20,8,0.0,0
statsbomb,1,43,2,2018,112,39,774,5265,84.9,32,0,18,19.081272084805654,42.10526315789473,0.0,0.0,0.0,0.0,0.0,0.0,3.1802120141342756,0.0,0.0,0.0,8,8,0.0,0
statsbomb,1,43,2,2018,112,24,783,,96.98333333333333,0,0,0,0.0,0.0,0.0,0.0,0.0,0.0,0.0,0.0,0.0,0.0,0.0,0.0,0,0,0.0,0
statsbomb,1,43,2,2018,112,24,783,4319,93.95,109,0,5,4.789781798829164,92.85714285714286,33.33333333333333,0.03669724770642202,4.789781798829164,0.0,0.0,0.9579563597658328,2.8738690792974984,0.226066789,0.0,0.21656211825439062,18,3,0.0,1
statsbomb,1,43,2,2018,112,24,783,5246,95.98333333333333,133,1,7,7.50130230942872,72.41379310344827,25.0,0.045112781954887216,14.06494183017885,0.93766278867859,0.0,1.87532557735718,7.50130230942872,0.8016247839999999,0.0,0.7516537304393123,21,2,0.0,2
statsbomb,1,43,2,2018,112,24,783,5247,57.96666666666667,102,5,9,21.736630247268543,73.52941176470588,0.0,0.0,23.28924669350201,9.315698677400805,1.5526164462334675,0.0,0.0,0.0,0.0,0.0,19,10,0.0,1
statsbomb,1,43,2,2018,112,24,783,5248,90.96666666666667,123,4,18,21.766214730670576,77.55102040816327,0.0,0.016260162601626018,6.9256137779406375,2.9681201905459877,0.0,0.9893733968486625,5.9362403810919755,0.62564304,0.0,0.6189945796995237,18,10,0.0,0
statsbomb,1,43,2,2018,112,24,783,5249,96.98333333333333,164,6,30,33.407802027839836,80.3030303030303,0.0,0.006097560975609756,8.351950506959959,4.639972503866644,0.9279945007733288,2.7839835023199866,2.7839835023199866,0.0,0.0,0.0,11,10,0.0,3
statsbomb,1,43,2,2018,112,24,783,5255,86.98333333333333,224,11,26,38.28319601456218,84.0909090909091,100.0,0.0,18.624257520597816,7.242766813565818,0.0,2.069361946733091,10.346809733665454,0.005622683,0.0,0.005817683119371527,21,18,0.0,2
statsbomb,1,43,2,2018,112,24,783,5256,32.96666666666667,69,1,4,13.65015166835187,76.0,100.0,0.014492753623188406,0.0,0.0,0.0,0.0,5.460060667340748,0.0,0.0,0.0,17,3,0.0,0
statsbomb,1,43,2,2018,112,24,783,5258,58.983333333333334,87,4,4,12.206838089855891,84.0,0.0,0.04597701149425287,18.310257134783836,3.0517095224639728,0.0,0.0,6.1034190449279455,0.0,0.0,0.0,10,4,0.0,3
statsbomb,1,43,2,2018,112,24,783,5259,94.98333333333333,165,3,19,20.845762414458676,80.0,0.0,0.006060606060606061,7.580277241621337,2.842603965608001,1.8950693104053342,5.685207931216002,2.842603965608001,0.25004556,0.0,0.2369268334795578,9,7,0.0,3
statsbomb,1,43,2,2018,112,24,783,5260,91.98333333333333,245,14,28,41.094401159630365,92.13483146067416,0.0,0.004081632653061225,13.69813371987679,14.676571842725131,0.0,5.870628737090053,8.805943105635079,0.0,0.0,0.0,25,18,0.0,1
statsbomb,1,43,2,2018,112,24,783,5264,92.98333333333333,180,4,12,15.486646352392901,88.57142857142857,100.0,0.005555555555555556,9.679153970245563,3.8716615880982252,0.9679153970245563,0.0,6.7754077791718945,0.0,0.0,0.0,27,7,0.0,2
statsbomb,1,43,2,2018,112,24,783,5266,6.616666666666666,15,0,1,13.602015113350127,80.0,0.0,0.0,0.0,0.0,0.0,0.0,0.0,0.0,0.0,0.0,0,0,0.0,0
statsbomb,1,43,2,2018,112,24,783,5267,87.98333333333333,46,1,13,14.320894108732714,84.21052631578947,0.0,0.0,0.0,1.0229210077666224,0.0,0.0,5.114605038833112,0.0,0.0,0.0,1,1,0.0,0
statsbomb,1,43,2,2018,112,24,783,5268,36.96666666666667,78,1,8,21.911632100991884,74.19354838709677,0.0,0.01282051282051282,14.60775473399459,4.869251577998196,0.0,0.0,2.434625788999098,0.031815737,0.0,0.0774594137962128,19,4,0.0,0
statsbomb,1,43,2,2018,113,15,780,,95.96666666666667,0,0,0,0.0,0.0,0.0,0.0,0.0,0.0,0.0,0.0,0.0,0.0,0.0,0.0,0,0,0.0,0
statsbomb,1,43,2,2018,113,15,780,20016,93.95,89,3,15,17.243214475784992,78.04878048780488,0.0,0.0,5.747738158594997,1.9159127195316656,0.0,1.9159127195316656,6.70569451836083,0.15867314,0.0,0.15200194358701435,6,1,0.0,1
statsbomb,1,43,2,2018,113,15,780,3193,94.98333333333333,252,21,18,36.95385155290402,85.18518518518519,100.0,0.007936507936507936,13.265485172837339,16.10808913844534,0.9475346552026671,0.0,6.6327425864186695,0.19099217,0.0,0.18097169994735918,61,21,0.0,3
statsbomb,1,43,2,2018,113,15,780,3707,64.98333333333333,143,5,13,24.92946909463965,87.71929824561403,0.0,0.0,19.389587073608617,4.154911515773275,0.0,1.3849705052577583,5.539882021031033,0.06765104,0.0,0.09369469505001281,24,12,0.0,4
statsbomb,1,43,2,2018,113,15,780,3960,94.98333333333333,75,3,15,17.055623793648007,81.08108108108108,0.0,0.0,11.370415862432004,0.9475346552026671,0.0,1.8950693104053342,8.527811896824003,0.13387658,0.0,0.1268526990700123,8,5,0.0,2
statsbomb,1,43,2,2018,113,15,780,4272,84.98333333333333,191,6,22,29.652873112374976,83.82352941176471,66.66666666666666,0.015706806282722512,12.708374191017848,8.472249460678565,0.0,0.0,8.472249460678565,0.0,0.0,0.0,43,8,0.0,4
statsbomb,1,43,2,2018,113,15,780,4367,72.98333333333333,101,5,4,11.098424297784883,88.46153846153845,0.0,0.019801980198019802,7.398949531856588,8.632107787166019,0.0,0.0,0.0,0.114755081,0.0,0.14151117547385247,19,5,0.0,2
statsbomb,1,43,2,2018,113,15,780,5205,88.95,25,1,8,9.106239460370995,75.0,0.0,0.0,0.0,0.0,0.0,0.0,3.0354131534569984,0.075629964,0.0,0.07652272917369309,1,1,0.0,0
statsbomb,1,43,2,2018,113,15,780,5207,92.98333333333333,130,6,3,8.711238573221006,78.57142857142857,66.66666666666666,0.015384615384615385,3.8716615880982252,7.7433231761964505,0.0,0.0,0.9679153970245563,0.1389704705,0.0,0.1345116581286969,23,5,0.0,1
statsbomb,1,43,2,2018,113,15,780,5209,95.98333333333333,213,11,26,34.69352318110783,77.64705882352942,100.0,0.004694835680751174,9.3766278867859,6.5636395207501295,0.93766278867859,2.81298836603577,5.62597673207154,0.040703298,0.0,0.03816596791109567,47,13,0.0,1
statsbomb,1,43,2,2018,113,15,780,5214,93.98333333333333,182,2,23,23.940414967192762,91.30434782608695,100.0,0.0,9.576165986877106,0.9576165986877105,0.0,0.0,5.745699592126263,0.024766764,0.0,0.023717064302181238,32,11,0.0,2
statsbomb,1,43,2,2018,113,15,780,5215,30.933333333333334,72,4,3,20.366379310344826,59.09090909090909,50.0,0.041666666666666664,5.818965517241379,2.9094827586206895,0.0,2.9094827586206895,2.9094827586206895,0.04317439,0.0,0.1256151433189655,21,3,0.0,1
statsbomb,1,43,2,2018,113,15,780,5218,17.933333333333334,14,0,1,5.018587360594795,100.0,100.0,0.0,15.055762081784385,0.0,0.0,0.0,0.0,0.0,0.0,0.0,3,0,0.0,0
statsbomb,1,43,2,2018,113,15,780,6350,10.95,36,2,4,49.31506849315069,80.0,100.0,0.0,8.219178082191782,24.657534246575345,0.0,0.0,0.0,0.0316360006,0.0,0.260021922739726,10,4,0.0,1
statsbomb,1,43,2,2018,113,15,780,6352,90.98333333333333,149,4,14,17.80545887525188,83.63636363636363,50.0,0.006711409395973154,3.9567686389448617,0.9891921597362154,0.0,0.9891921597362154,0.9891921597362154,0.0,0.0,0.0,27,6,0.0,0
statsbomb,1,43,2,2018,113,24,783,,95.95,0,0,0,0.0,0.0,0.0,0.0,0.0,0.0,0.0,0.0,0.0,0.0,0.0,0.0,0,0,0.0,0
statsbomb,1,43,2,2018,113,24,783,4319,73.98333333333333,50,1,2,3.6494706014868212,76.92307692307693,0.0,0.04,20.68033340842532,1.216490200495607,1.216490200495607,1.216490200495607,3.6494706014868212,0.251813164,0.0,0.3063282463617932,7,3,0.0,3
statsbomb,1,43,2,2018,113,24,783,5246,92.98333333333333,130,3,6,8.711238573221006,56.25,50.0,0.038461538461538464,8.711238573221006,2.903746191073669,0.0,0.9679153970245563,4.839576985122782,0.065548417,0.0,0.06344532206488618,21,4,0.0,1
statsbomb,1,43,2,2018,113,24,783,5247,80.96666666666667,61,1,8,10.004116920543433,73.68421052631578,0.0,0.08196721311475409,34.45862494853849,1.1115685467270482,1.1115685467270482,0.0,6.669411280362289,0.0,0.0,0.0,9,4,0.0,1
statsbomb,1,43,2,2018,113,24,783,5248,88.98333333333333,69,1,26,27.3084847349691,41.02564102564102,100.0,0.0,12.137104326652931,2.022850721108822,0.0,1.011425360554411,2.022850721108822,0.0,0.0,0.0,24,12,0.0,2
statsbomb,1,43,2,2018,113,24,783,5249,89.9,64,4,14,18.020022246941046,83.33333333333334,100.0,0.0,6.0066740823136815,2.0022246941045605,0.0,1.0011123470522802,2.0022246941045605,0.0,0.0,0.0,8,7,0.0,1
statsbomb,1,43,2,2018,113,24,783,5255,91.95,57,1,9,9.787928221859707,70.83333333333334,0.0,0.017543859649122806,16.6394779771615,0.9787928221859706,0.9787928221859706,0.9787928221859706,7.830342577487765,0.15864636,0.0,0.15528191843393147,8,3,0.0,1
statsbomb,1,43,2,2018,113,24,783,5256,29.95,42,2,4,18.030050083472453,75.0,0.0,0.047619047619047616,12.020033388981636,3.005008347245409,0.0,3.005008347245409,15.025041736227045,0.0,0.0,0.0,8,3,0.0,1
statsbomb,1,43,2,2018,113,24,783,5259,94.93333333333334,34,1,5,5.688202247191011,92.85714285714286,0.0,0.0,5.688202247191011,0.9480337078651685,0.0,0.0,0.0,0.0,0.0,0.0,2,1,0.0,1
statsbomb,1,43,2,2018,113,24,783,5260,62.983333333333334,40,1,2,4.28684837258534,69.23076923076923,100.0,0.025,40.01058481079651,4.28684837258534,0.0,0.0,7.144747287642233,0.0,0.0,0.0,5,1,0.0,4
statsbomb,1,43,2,2018,113,24,783,5266,92.98333333333333,55,1,5,5.807492382147338,79.16666666666666,0.0,0.01818181818181818,18.39039254346657,0.0,0.9679153970245563,0.0,2.903746191073669,0.0,0.0,0.0,7,1,0.0,1
statsbomb,1,43,2,2018,113,24,783,5267,95.96666666666667,54,2,23,23.4456408475165,65.51724137931035,0.0,0.0,0.0,1.87565126780132,0.0,0.0,2.81347690170198,0.0,0.0,0.0,3,3,0.0,0
statsbomb,1,43,2,2018,113,24,783,5268,11.983333333333333,24,0,4,30.04172461752434,60.0,0.0,0.0,30.04172461752434,0.0,0.0,7.510431154381085,15.02086230876217,0.0,0.0,0.0,2,1,0.0,2
statsbomb,1,43,2,2018,113,24,783,5717,94.98333333333333,53,2,14,15.160554483242674,63.63636363636363,100.0,0.018867924528301886,25.58343569047201,1.8950693104053342,1.8950693104053342,3.7901386208106684,1.8950693104053342,0.0,0.0,0.0,8,6,0.0,2
statsbomb,1,43,2,2018,113,24,783,6351,20.9,26,0,0,0.0,50.0,0.0,0.038461538461538464,12.918660287081341,0.0,0.0,0.0,0.0,0.0,0.0,0.0,2,0,0.0,0
statsbomb,1,43,2,2018,114,19,771,,95.98333333333333,0,0,0,0.0,0.0,0.0,0.0,0.0,0.0,0.0,0.0,0.0,0.0,0.0,0.0,0,0,0.0,0
statsbomb,1,43,2,2018,114,19,771,20004,92.98333333333333,140,6,21,26.13371571966302,79.54545454545455,100.0,0.007142857142857143,30.005377307761247,7.7433231761964505,0.0,0.9679153970245563,7.7433231761964505,0.09104843,0.0,0.08812717727191252,15,14,0.0,5
statsbomb,1,43,2,2018,114,19,771,2948,11.633333333333333,13,0,1,7.736389684813754,33.33333333333333,0.0,0.15384615384615385,46.41833810888252,0.0,0.0,0.0,15.472779369627508,0.0,0.0,0.0,1,1,0.0,0
statsbomb,1,43,2,2018,114,19,771,3009,88.98333333333333,116,4,4,8.091402884435288,62.06896551724138,62.5,0.05172413793103448,18.205656489979397,4.045701442217644,1.011425360554411,2.022850721108822,5.057126802772055,0.338766354,0.0,0.3426368817381532,13,4,0.0,3
statsbomb,1,43,2,2018,114,19,771,3099,94.96666666666667,52,3,20,21.797121797121797,75.0,0.0,0.0,0.0,2.843102843102843,0.0,0.0,7.581607581607582,0.0,0.0,0.0,1,1,0.0,0
statsbomb,1,43,2,2018,114,19,771,3254,3.316666666666667,3,0,0,0.0,100.0,0.0,0.0,54.27135678391959,0.0,0.0,0.0,0.0,0.0,0.0,0.0,0,0,0.0,0
statsbomb,1,43,2,2018,114,19,771,3604,94.96666666666667,58,0,4,3.790803790803791,64.28571428571429,0.0,0.06896551724137931,34.11723411723412,0.0,0.0,0.0,0.9477009477009477,0.07977028,0.0,0.07559836995436996,6,2,0.0,7
statsbomb,1,43,2,2018,114,19,771,3961,87.98333333333333,146,6,11,17.389657132032582,92.45283018867924,0.0,0.00684931506849315,40.916840310664895,5.114605038833112,2.045842015533245,2.045842015533245,4.09168403106649,0.0,0.0,0.0,9,6,0.0,5
statsbomb,1,43,2,2018,114,19,771,4375,73.96666666666667,79,1,5,7.300585849481749,85.71428571428571,0.0,0.0,45.02027940513745,0.0,0.0,1.2167643082469581,3.6502929247408744,0.07552241,0.0,0.09189297296079316,2,3,0.0,4
statsbomb,1,43,2,2018,114,19,771,5476,94.98333333333333,77,2,4,5.685207931216002,92.5925925925926,0.0,0.0,19.89822775925601,1.8950693104053342,0.9475346552026671,0.0,2.842603965608001,0.024150338,0.0,0.02288328218985787,6,1,0.0,4
statsbomb,1,43,2,2018,114,19,771,5480,15.616666666666667,25,0,2,11.526147278548558,60.0,0.0,0.0,51.867662753468515,0.0,5.763073639274279,0.0,11.526147278548558,0.0,0.0,0.0,4,2,0.0,1
statsbomb,1,43,2,2018,114,19,771,5484,93.95,51,3,3,5.747738158594997,77.77777777777779,0.0,0.0392156862745098,41.19212346993081,1.9159127195316656,0.0,0.9579563597658328,1.9159127195316656,0.0,0.0,0.0,5,3,0.0,4
statsbomb,1,43,2,2018,114,19,771,5485,85.98333333333333,92,5,13,18.840860631905407,97.14285714285714,0.0,0.0,10.467144795503005,5.2335723977515025,0.0,0.0,1.0467144795503005,0.0,0.0,0.0,4,3,0.0,0
statsbomb,1,43,2,2018,114,19,771,5487,82.98333333333333,80,4,5,9.760996183972685,73.68421052631578,100.0,0.025,28.198433420365536,5.422775657762603,1.0845551315525206,0.0,3.2536653946575615,1.02876922,0.0,1.115756936734284,8,2,0.0,1
statsbomb,1,43,2,2018,114,19,771,5492,93.98333333333333,110,4,15,18.1947153750665,93.33333333333333,100.0,0.0,1.915233197375421,3.830466394750842,0.0,0.9576165986877105,4.788082993438553,0.0,0.0,0.0,5,5,0.0,0
statsbomb,1,43,2,2018,114,18,779,,95.96666666666667,0,0,0,0.0,0.0,0.0,0.0,0.0,0.0,0.0,0.0,0.0,0.0,0.0,0.0,0,0,0.0,0
statsbomb,1,43,2,2018,114,18,779,2995,94.98333333333333,99,6,4,9.475346552026672,53.84615384615385,75.0,0.020202020202020204,17.055623793648007,5.685207931216002,0.9475346552026671,0.0,2.842603965608001,0.361104782,0.0,0.3421592951044043,20,3,0.0,2
statsbomb,1,43,2,2018,114,18,779,3090,91.98333333333333,199,16,26,41.094401159630365,89.04109589041096,0.0,0.0,7.827504982786737,14.676571842725131,0.9784381228483421,0.9784381228483421,2.9353143685450265,0.19252568,0.0,0.1883744649393006,10,7,0.0,4
statsbomb,1,43,2,2018,114,18,779,3237,27.9,43,1,0,3.2258064516129035,66.66666666666666,50.0,0.023255813953488372,22.580645161290324,3.2258064516129035,3.2258064516129035,3.2258064516129035,0.0,0.34560817,0.0,1.114865064516129,6,0,0.0,2
statsbomb,1,43,2,2018,114,18,779,3602,45.96666666666667,67,5,4,17.621464829586657,100.0,0.0,0.0,7.8317621464829585,9.789702683103698,0.0,3.9158810732414793,5.873821609862219,0.0,0.0,0.0,3,3,0.0,2
statsbomb,1,43,2,2018,114,18,779,5496,73.95,107,3,4,8.519269776876268,65.625,0.0,0.028037383177570093,13.387423935091277,2.434077079107505,1.2170385395537524,0.0,1.2170385395537524,0.0,0.0,0.0,19,3,0.0,4
statsbomb,1,43,2,2018,114,18,779,5499,19.966666666666665,46,1,0,4.507512520868114,76.92307692307693,50.0,0.043478260869565216,18.030050083472457,4.507512520868114,0.0,0.0,0.0,0.0,0.0,0.0,7,0,0.0,1
statsbomb,1,43,2,2018,114,18,779,5503,91.98333333333333,150,2,14,15.655009965573473,79.48717948717949,60.0,0.03333333333333333,24.460953071208554,4.89219061424171,0.0,0.0,6.849066859938395,0.23996204799999998,0.0,0.23478801579996375,30,10,0.0,1
statsbomb,1,43,2,2018,114,18,779,5504,94.98333333333333,183,4,18,20.845762414458676,87.3015873015873,33.33333333333333,0.01092896174863388,31.268643621688014,5.685207931216002,0.0,1.8950693104053342,6.6327425864186695,0.027343327,0.0,0.025908749921038778,20,13,0.0,3
statsbomb,1,43,2,2018,114,18,779,5506,93.98333333333333,158,5,21,24.898031565880473,85.0,50.0,0.012658227848101266,16.27948217769108,5.745699592126263,1.915233197375421,0.0,1.915233197375421,0.0,0.0,0.0,17,16,0.0,2
statsbomb,1,43,2,2018,114,18,779,5507,91.95,74,3,9,11.745513866231647,86.66666666666667,0.0,0.0,24.469820554649267,0.9787928221859706,0.0,0.0,2.936378466557912,0.0,0.0,0.0,13,4,0.0,2
statsbomb,1,43,2,2018,114,18,779,5741,63.983333333333334,117,3,9,16.87939567595728,94.73684210526315,100.0,0.0,15.472779369627508,2.813232612659547,0.0,1.4066163063297734,5.626465225319094,0.0,0.0,0.0,15,6,0.0,2
statsbomb,1,43,2,2018,114,18,779,5742,91.98333333333333,229,6,18,23.482514948360212,92.5,0.0,0.0,11.741257474180106,6.849066859938395,0.0,0.0,2.9353143685450265,0.28001544,0.0,0.27397778148215257,25,10,0.0,1
statsbomb,1,43,2,2018,114,18,779,6312,94.98333333333333,47,0,10,9.475346552026672,80.0,0.0,0.0,0.0,0.0,0.0,0.0,3.7901386208106684,0.0,0.0,0.0,4,3,0.0,0
statsbomb,1,43,2,2018,114,18,779,6349,47.983333333333334,67,1,7,15.00521014241056,77.77777777777779,0.0,0.0,9.3782563390066,3.75130253560264,0.0,0.0,3.75130253560264,0.0,0.0,0.0,2,2,0.0,0
statsbomb,1,43,2,2018,115,1,776,,120.0,0,0,0,0.0,0.0,0.0,0.0,0.0,0.0,0.0,0.0,0.0,0.0,0.0,0.0,0,0,0.0,0
statsbomb,1,43,2,2018,115,1,776,3027,116.98333333333333,182,3,31,26.15757230374697,86.76470588235294,0.0,0.0,3.846701809374555,3.077361447499644,0.0,0.769340361874911,5.3853825331243765,0.12611686,0.0,0.09702679071092749,10,9,0.0,0
statsbomb,1,43,2,2018,115,1,776,3043,120.0,170,3,11,10.5,72.22222222222221,66.66666666666666,0.023529411764705882,21.75,0.75,0.0,0.75,3.0,0.879426853,0.0,0.65957013975,27,7,0.0,4
statsbomb,1,43,2,2018,115,1,776,3815,120.0,91,2,40,31.5,63.04347826086957,0.0,0.0,0.0,1.5,0.0,0.0,5.25,0.0,0.0,0.0,17,14,0.0,0
statsbomb,1,43,2,2018,115,1,776,3959,45.86666666666667,61,0,8,15.69767441860465,82.6086956521739,0.0,0.01639344262295082,7.848837209302325,1.9622093023255813,0.0,0.0,5.886627906976744,0.0,0.0,0.0,3,2,0.0,0
statsbomb,1,43,2,2018,115,1,776,4447,105.96666666666667,73,1,6,5.945265806857503,70.0,0.0,0.0273972602739726,11.041207927021075,0.8493236866939289,0.0,0.0,3.3972947467757155,0.240183772,0.0,0.20399376671909403,10,1,0.0,0
statsbomb,1,43,2,2018,115,1,776,4763,120.0,111,2,22,18.0,70.37037037037037,100.0,0.0,7.5,1.5,0.0,1.5,2.25,0.0,0.0,0.0,12,9,0.0,2
statsbomb,1,43,2,2018,115,1,776,5516,13.983333333333333,20,2,3,32.18116805721097,80.0,0.0,0.0,12.872467222884387,6.436233611442193,0.0,0.0,0.0,0.010282481,0.0,0.06618044982121574,3,4,0.0,0
statsbomb,1,43,2,2018,115,1,776,5520,79.98333333333333,132,0,13,14.628047509897895,83.6734693877551,100.0,0.0,12.377578662221296,1.1252344238382996,0.0,3.375703271514899,11.252344238382996,0.876676492,0.0,0.9864665673682017,12,8,0.0,3
statsbomb,1,43,2,2018,115,1,776,5522,61.983333333333334,66,2,0,2.904006453347674,68.75,0.0,0.045454545454545456,14.520032266738369,2.904006453347674,0.0,0.0,1.452003226673837,0.908507855,0.0,1.3191563369185264,13,1,0.0,0
statsbomb,1,43,2,2018,115,1,776,5527,97.98333333333333,154,2,15,15.614900493281171,86.4406779661017,100.0,0.0,11.940806259567953,2.7555706752849125,0.9185235584283041,2.7555706752849125,2.7555706752849125,0.005800442,0.0,0.005327842626296989,11,9,0.0,2
statsbomb,1,43,2,2018,115,1,776,5534,119.98333333333333,208,2,30,24.003333796360604,89.6103896103896,0.0,0.0,3.7505209056813444,2.2503125434088065,0.0,0.0,0.7501041811362689,0.7835,0.0,0.5877066259202667,8,6,0.0,0
statsbomb,1,43,2,2018,115,1,776,5536,120.0,142,6,6,9.0,69.44444444444444,66.66666666666666,0.07042253521126761,21.75,4.5,0.0,2.25,5.25,0.0,0.0,0.0,20,7,0.0,6
statsbomb,1,43,2,2018,115,1,776,5732,65.98333333333333,48,0,1,1.3639808032331397,63.63636363636363,0.0,0.08333333333333333,15.003788835564537,1.3639808032331397,0.0,0.0,1.3639808032331397,0.0,0.0,0.0,5,1,0.0,2
statsbomb,1,43,2,2018,115,1,776,6355,117.98333333333333,107,1,20,16.01921175307247,59.61538461538461,100.0,0.009345794392523364,12.205113716626641,0.7628196072891651,0.0,0.0,3.0512784291566604,0.0,0.0,0.0,24,10,0.0,0
statsbomb,1,43,2,2018,115,1,776,6356,21.916666666666668,34,2,2,16.425855513307983,100.0,0.0,0.0,20.532319391634978,0.0,0.0,0.0,0.0,0.7835,0.0,3.217414448669201,3,2,0.0,0
statsbomb,1,43,2,2018,115,29,785,,120.0,0,0,0,0.0,0.0,0.0,0.0,0.0,0.0,0.0,0.0,0.0,0.0,0.0,0.0,0,0,0.0,0
statsbomb,1,43,2,2018,115,29,785,3444,120.0,71,1,22,17.25,70.58823529411765,0.0,0.0,0.0,0.0,0.0,0.0,3.0,0.0,0.0,0.0,6,2,0.0,0
statsbomb,1,43,2,2018,115,29,785,3471,114.98333333333333,156,4,14,14.088998405566025,86.15384615384616,0.0,0.0,3.1308885345702278,0.7827221336425569,0.0,0.0,0.7827221336425569,0.18463199,0.0,0.14451554515147122,8,8,0.0,1
statsbomb,1,43,2,2018,115,29,785,5456,49.983333333333334,83,1,5,10.803601200400134,88.46153846153845,100.0,0.0,34.21140380126709,7.202400800266756,1.800600200066689,0.0,3.601200400133378,0.04311312,0.0,0.07762949249749916,8,4,0.0,4
statsbomb,1,43,2,2018,115,29,785,5457,80.98333333333333,128,4,13,18.892776291417988,70.37037037037037,100.0,0.015625,10.002058036633052,3.334019345544351,0.0,1.111339781848117,6.668038691088702,0.0,0.0,0.0,15,3,0.0,1
statsbomb,1,43,2,2018,115,29,785,5460,25.983333333333334,44,1,4,17.318794098781268,80.0,0.0,0.022727272727272728,24.246311738293777,3.463758819756254,0.0,3.463758819756254,0.0,0.818148996,0.0,2.833870800769724,12,4,0.0,0
statsbomb,1,43,2,2018,115,29,785,5461,115.93333333333334,139,2,16,13.973548016101208,73.77049180327869,0.0,0.0,3.105232892466935,0.7763082231167338,0.0,0.0,4.6578493387004025,0.0,0.0,0.0,26,6,0.0,1
statsbomb,1,43,2,2018,115,29,785,5463,120.0,261,8,33,30.75,78.02197802197803,100.0,0.007662835249042145,15.0,6.0,0.0,1.5,3.75,1.666559169,0.0,1.2499193767499999,45,23,0.0,1
statsbomb,1,43,2,2018,115,29,785,5465,114.96666666666667,102,5,7,9.394027254276601,56.00000000000001,100.0,0.00980392156862745,22.702232531168452,3.9141780226152507,0.0,0.7828356045230501,6.262684836184401,0.072796306,0.0,0.056987540214554946,22,5,0.0,3
statsbomb,1,43,2,2018,115,29,785,5468,120.0,187,2,27,21.75,82.89473684210526,0.0,0.0106951871657754,7.5,0.75,0.0,0.75,5.25,0.0,0.0,0.0,4,4,0.0,2
statsbomb,1,43,2,2018,115,29,785,5469,70.96666666666667,133,1,16,21.559417566932833,84.31372549019608,0.0,0.007518796992481203,17.75481446688586,2.5364020666979803,0.0,1.2682010333489901,2.5364020666979803,0.0,0.0,0.0,6,4,0.0,1
statsbomb,1,43,2,2018,115,29,785,5470,120.0,236,4,25,21.75,85.18518518518519,100.0,0.00847457627118644,19.5,4.5,0.0,0.0,3.75,0.918659271,0.0,0.68899445325,20,12,0.0,3
statsbomb,1,43,2,2018,115,29,785,5472,107.96666666666667,87,1,4,4.1679530719357825,70.37037037037037,0.0,0.022988505747126436,16.67181228774313,1.667181228774313,0.0,0.0,4.1679530719357825,0.26349646,0.0,0.2196481759802408,7,2,0.0,2
statsbomb,1,43,2,2018,115,29,785,5474,96.98333333333333,85,2,6,7.42395600618663,71.42857142857143,0.0,0.011764705882352941,14.84791201237326,1.8559890015466576,0.0,1.8559890015466576,1.8559890015466576,0.515208582,0.0,0.4781107308472246,14,3,0.0,4
statsbomb,1,43,2,2018,115,29,785,6305,12.916666666666666,13,0,2,13.935483870967742,80.0,0.0,0.07692307692307693,20.903225806451612,0.0,0.0,0.0,6.967741935483871,0.7835,0.0,5.459225806451613,2,1,0.0,1
statsbomb,1,43,2,2018,115,29,785,6308,43.983333333333334,85,2,12,28.647214854111404,78.78787878787878,100.0,0.0,6.138688897309587,4.092459264873058,0.0,0.0,12.277377794619174,0.821621704,0.0,1.6812266773777944,16,4,0.0,0
statsbomb,1,43,2,2018,116,4,772,,120.0,0,0,0,0.0,0.0,0.0,0.0,0.0,0.0,0.0,0.0,0.0,0.0,0.0,0.0,0,0,0.0,0
statsbomb,1,43,2,2018,116,4,772,3064,66.98333333333333,98,2,6,10.748942523015675,81.25,50.0,0.02040816326530612,8.061706892261757,4.0308534461308785,0.0,0.0,2.6872356307539187,0.16787043,0.0,0.22555370042299075,14,4,0.0,1
statsbomb,1,43,2,2018,116,4,772,3333,120.0,46,0,19,14.25,58.333333333333336,0.0,0.0,0.0,0.0,0.0,0.0,3.0,0.0,0.0,0.0,7,5,0.0,0
statsbomb,1,43,2,2018,116,4,772,4926,120.0,517,23,27,37.5,85.625,83.33333333333334,0.01160541586073501,12.75,18.0,0.0,0.0,4.5,0.03204402,0.0,0.024033014999999998,95,27,0.0,4
statsbomb,1,43,2,2018,116,4,772,5198,79.95,71,0,1,1.125703564727955,57.14285714285714,0.0,0.04225352112676056,15.75984990619137,0.0,2.25140712945591,0.0,3.377110694183865,0.14889648,0.0,0.16761329831144464,7,0,0.0,1
statsbomb,1,43,2,2018,116,4,772,5199,120.0,422,9,34,32.25,94.15584415584416,0.0,0.0,6.75,6.0,0.75,0.0,3.0,0.795466425,0.0,0.59659981875,41,24,0.0,1
statsbomb,1,43,2,2018,116,4,772,5201,120.0,479,9,76,63.75,93.88888888888889,0.0,0.0,4.5,5.25,0.75,0.0,6.0,0.856278836,0.0,0.642209127,50,41,0.0,0
statsbomb,1,43,2,2018,116,4,772,5202,68.96666666666667,134,2,13,19.574673755437406,93.87755102040816,100.0,0.0,3.9149347510874817,0.0,0.0,0.0,1.3049782503624938,0.0,0.0,0.0,17,9,0.0,0
statsbomb,1,43,2,2018,116,4,772,5203,120.0,203,2,18,15.0,91.35802469135803,0.0,0.0,9.75,0.75,0.75,1.5,6.75,0.09546344,0.0,0.07159758,21,11,0.0,2
statsbomb,1,43,2,2018,116,4,772,5211,119.98333333333333,436,7,32,29.254063064314487,93.97590361445783,66.66666666666666,0.0045871559633027525,16.502291984997914,1.5002083622725377,0.0,0.7501041811362689,3.0004167245450755,0.12537336500000001,0.0,0.09404308528962356,62,21,0.0,3
statsbomb,1,43,2,2018,116,4,772,5213,120.0,364,8,42,37.5,92.42424242424242,0.0,0.0027472527472527475,6.75,4.5,0.75,0.0,5.25,0.939017369,0.0,0.70426302675,22,21,0.0,1
statsbomb,1,43,2,2018,116,4,772,5216,54.983333333333334,144,5,10,24.552894816611094,85.71428571428571,0.0,0.013888888888888888,14.731736889966657,3.2737193088814793,0.0,0.0,3.2737193088814793,0.892702102,0.0,1.4612280541982419,25,10,0.0,3
statsbomb,1,43,2,2018,116,4,772,5217,45.983333333333334,60,2,1,5.871692642261689,64.70588235294117,0.0,0.0,7.828923523015585,3.9144617615077926,0.0,0.0,9.786154403769482,0.843100407,0.0,1.6501421521565784,9,0,0.0,1
statsbomb,1,43,2,2018,116,4,772,5718,16.983333333333334,27,1,0,5.299313052011776,80.0,100.0,0.07407407407407407,5.299313052011776,5.299313052011776,0.0,0.0,5.299313052011776,0.22581329,0.0,1.1966553150147203,2,1,0.0,0
statsbomb,1,43,2,2018,116,4,772,5719,101.98333333333333,150,2,7,7.942474260500082,88.0,100.0,0.02,6.177479980388953,4.4124857002778235,0.0,0.0,1.7649942801111294,0.15386322,0.0,0.13578385160974016,23,4,0.0,0
statsbomb,1,43,2,2018,116,4,772,5721,48.983333333333334,111,2,9,20.210956107519564,84.0909090909091,100.0,0.0,5.512078938414427,0.0,0.0,0.0,3.6747192922762846,0.08271377,0.0,0.1519749431779517,16,3,0.0,1
statsbomb,1,43,2,2018,116,33,796,,120.0,0,0,0,0.0,0.0,0.0,0.0,0.0,0.0,0.0,0.0,0.0,0.0,0.0,0.0,0,0,0.0,0
statsbomb,1,43,2,2018,116,33,796,5170,119.98333333333333,150,3,25,21.002917071815528,71.42857142857143,0.0,0.02666666666666667,22.503125434088066,3.7505209056813444,0.0,3.7505209056813444,3.0004167245450755,0.0,0.0,0.0,24,5,0.0,4
statsbomb,1,43,2,2018,116,33,796,5171,115.98333333333333,97,2,7,6.983762034775111,64.51612903225806,60.0,0.05154639175257732,30.262968817358814,2.32792067825837,0.0,0.0,3.879867797097284,0.023523824,0.0,0.01825386544043684,18,5,0.0,6
statsbomb,1,43,2,2018,116,33,796,5172,117.86666666666666,36,2,22,18.325791855203622,22.727272727272727,0.0,0.0,0.0,2.290723981900453,0.0,0.0,3.054298642533937,0.0,0.0,0.0,13,13,0.0,0
statsbomb,1,43,2,2018,116,33,796,5174,118.98333333333333,42,0,18,13.615352290236729,70.83333333333334,0.0,0.0,8.320493066255779,0.0,0.0,0.0,0.7564084605687071,0.7835,0.0,0.592646028855582,11,11,0.0,2
statsbomb,1,43,2,2018,116,33,796,5175,115.98333333333333,67,0,13,10.087656272452938,75.75757575757575,0.0,0.0,5.431814915936197,0.7759735594194568,0.0,5.431814915936197,2.32792067825837,0.0,0.0,0.0,8,4,0.0,2
statsbomb,1,43,2,2018,116,33,796,5177,120.0,91,2,5,5.25,79.3103448275862,75.0,0.03296703296703297,27.0,3.0,0.0,1.5,1.5,0.91792212,0.0,0.6884415899999999,7,1,0.0,2
statsbomb,1,43,2,2018,116,33,796,5179,95.98333333333333,56,1,3,3.75065115471436,85.71428571428571,100.0,0.0,22.50390692828616,0.93766278867859,0.0,2.81298836603577,0.93766278867859,0.0,0.0,0.0,8,4,0.0,2
statsbomb,1,43,2,2018,116,33,796,5182,60.983333333333334,65,2,8,14.758130636786007,68.0,0.0,0.046153846153846156,28.040448209893412,1.4758130636786007,0.0,2.9516261273572013,7.379065318393003,0.0,0.0,0.0,17,4,0.0,1
statsbomb,1,43,2,2018,116,33,796,5186,63.983333333333334,24,0,2,2.813232612659547,60.0,0.0,0.0,46.41833810888252,0.0,1.4066163063297734,1.4066163063297734,0.0,1.00454914,0.0,1.4130152008335504,2,0,0.0,1
statsbomb,1,43,2,2018,116,33,796,5193,41.96666666666667,26,1,7,17.15647339158062,83.33333333333334,0.0,0.0,8.57823669579031,0.0,2.1445591739475773,0.0,2.1445591739475773,0.006913921,0.0,0.014827312708498807,6,5,0.0,0
statsbomb,1,43,2,2018,116,33,796,5194,55.95,66,2,2,6.434316353887399,76.92307692307693,100.0,0.09090909090909091,25.737265415549597,0.0,0.0,0.0,1.6085790884718498,0.8163368599999999,0.0,1.313142402144772,8,1,0.0,0
statsbomb,1,43,2,2018,116,33,796,5195,64.98333333333333,71,0,4,5.539882021031033,54.54545454545454,0.0,0.04225352112676056,30.469351115670683,0.0,0.0,0.0,1.3849705052577583,0.8462421139999999,0.0,1.1720203681969734,7,1,0.0,1
statsbomb,1,43,2,2018,116,33,796,5677,111.95,29,1,8,7.23537293434569,77.77777777777779,0.0,0.0,16.0786065207682,0.80393032603841,0.0,0.80393032603841,0.80393032603841,0.0,0.0,0.0,7,3,0.0,2
statsbomb,1,43,2,2018,116,33,796,6353,65.91666666666667,11,0,5,6.826801517067004,16.666666666666664,0.0,0.0,8.192161820480404,0.0,1.3653603034134008,0.0,2.7307206068268015,0.0,0.0,0.0,1,1,0.0,0
statsbomb,1,43,2,2018,116,33,796,6354,23.95,13,0,1,3.757828810020877,100.0,0.0,0.07692307692307693,37.578288100208766,0.0,0.0,0.0,3.757828810020877,0.14143883,0.0,0.531502910229645,2,1,0.0,0
statsbomb,1,43,2,2018,117,8,781,,96.95,0,0,0,0.0,0.0,0.0,0.0,0.0,0.0,0.0,0.0,0.0,0.0,0.0,0.0,0,0,0.0,0
statsbomb,1,43,2,2018,117,8,781,3054,15.783333333333333,7,1,2,17.10665258711721,100.0,0.0,0.0,51.31995776135163,5.70221752903907,0.0,5.70221752903907,0.0,0.0,0.0,0.0,1,1,0.0,0
statsbomb,1,43,2,2018,117,8,781,3202,94.98333333333333,95,1,2,2.842603965608001,71.42857142857143,80.0,0.021052631578947368,37.901386208106686,0.9475346552026671,0.0,0.0,2.842603965608001,0.238586204,0.0,0.2260686965432532,16,2,0.0,3
statsbomb,1,43,2,2018,117,8,781,3295,94.98333333333333,116,2,12,13.265485172837339,88.37209302325581,0.0,0.0,0.9475346552026671,0.9475346552026671,0.0,0.9475346552026671,3.7901386208106684,0.0,0.0,0.0,4,2,0.0,0
statsbomb,1,43,2,2018,117,8,781,3472,89.98333333333333,159,9,4,13.002407853306167,70.2127659574468,87.5,0.012578616352201259,24.004445267642154,12.002222633821077,2.0003704389701795,1.0001852194850898,2.0003704389701795,0.052361042999999996,0.0,0.05237074128542322,29,6,0.0,4
statsbomb,1,43,2,2018,117,8,781,3501,85.98333333333333,115,5,7,12.560573754603606,86.66666666666667,75.0,0.02608695652173913,35.588292304710215,6.280286877301803,0.0,2.093428959100601,4.186857918201202,0.47784173699999993,0.0,0.5001638650513665,16,9,0.0,1
statsbomb,1,43,2,2018,117,8,781,3535,10.85,23,0,1,8.294930875576037,66.66666666666666,0.0,0.043478260869565216,82.94930875576037,0.0,8.294930875576037,0.0,8.294930875576037,0.9220455,0.0,7.648303686635945,1,0,0.0,0
statsbomb,1,43,2,2018,117,8,781,4320,94.96666666666667,156,7,8,14.215514215514215,67.64705882352942,57.14285714285714,0.05128205128205128,18.954018954018956,9.477009477009478,0.0,0.0,5.686205686205686,1.506504574,0.0,1.4277158124956126,26,2,0.0,3
statsbomb,1,43,2,2018,117,8,781,4372,2.4833333333333334,7,0,2,72.48322147651007,100.0,0.0,0.0,36.241610738255034,0.0,0.0,0.0,0.0,0.0,0.0,0.0,0,0,0.0,0
statsbomb,1,43,2,2018,117,8,781,5539,96.98333333333333,131,4,18,20.415879017013232,88.0,0.0,0.007633587786259542,23.19986251933322,1.8559890015466576,1.8559890015466576,0.0,4.639972503866644,0.0,0.0,0.0,14,8,0.0,6
statsbomb,1,43,2,2018,117,8,781,5542,78.98333333333333,92,4,7,12.534289934585356,80.64516129032258,50.0,0.010869565217391304,22.789618062882468,6.83688541886474,1.1394809031441233,2.2789618062882466,3.41844270943237,0.12308221,0.0,0.14024982781177464,11,4,0.0,4
statsbomb,1,43,2,2018,117,8,781,5547,94.95,37,0,13,12.322274881516588,66.66666666666666,0.0,0.0,0.0,0.0,0.0,0.0,1.8957345971563981,0.0,0.0,0.0,7,4,0.0,0
statsbomb,1,43,2,2018,117,8,781,5551,94.98333333333333,100,2,15,16.10808913844534,89.1891891891892,100.0,0.0,10.422881207229338,4.737673276013336,0.0,0.9475346552026671,1.8950693104053342,0.0,0.0,0.0,2,1,0.0,0
statsbomb,1,43,2,2018,117,8,781,5838,95.96666666666667,84,4,9,12.19173324070858,80.55555555555556,0.0,0.023809523809523808,30.948245918721778,2.81347690170198,0.93782563390066,0.93782563390066,0.0,0.0,0.0,0.0,9,4,0.0,3
statsbomb,1,43,2,2018,117,8,781,6320,96.95,113,6,22,25.9927797833935,87.2340425531915,0.0,0.008849557522123894,26.921093347086128,4.641567818463125,1.8566271273852502,0.0,2.784940691077875,0.0,0.0,0.0,14,13,0.0,2
statsbomb,1,43,2,2018,117,11,794,,96.75,0,0,0,0.0,0.0,0.0,0.0,0.0,0.0,0.0,0.0,0.0,0.0,0.0,0.0,0,0,0.0,0
statsbomb,1,43,2,2018,117,11,794,3058,59.983333333333334,27,1,2,4.501250347318699,75.0,0.0,0.037037037037037035,13.503751041956098,3.000833564879133,0.0,0.0,3.000833564879133,0.0,0.0,0.0,4,1,0.0,0
statsbomb,1,43,2,2018,117,11,794,5556,49.983333333333334,67,3,9,21.60720240080027,69.56521739130434,100.0,0.014925373134328358,18.00600200066689,3.601200400133378,0.0,1.800600200066689,10.803601200400134,0.024707977,0.0,0.044489188329443145,14,5,0.0,1
statsbomb,1,43,2,2018,117,11,794,5558,45.983333333333334,40,0,5,9.786154403769482,75.0,0.0,0.0,9.786154403769482,1.9572308807538963,0.0,0.0,1.9572308807538963,0.0,0.0,0.0,2,1,0.0,1
statsbomb,1,43,2,2018,117,11,794,5560,95.98333333333333,122,10,6,15.00260461885744,83.87096774193549,55.55555555555556,0.03278688524590164,4.68831394339295,7.50130230942872,0.93766278867859,0.0,5.62597673207154,0.09165995199999999,0.0,0.0859461262024657,22,7,0.0,0
statsbomb,1,43,2,2018,117,11,794,5561,94.91666666666667,130,3,22,23.705004389815628,82.35294117647058,0.0,0.0,7.585601404741,2.8446005267778753,0.0,1.89640035118525,1.89640035118525,0.04604762,0.0,0.04366236136962247,7,6,0.0,2
statsbomb,1,43,2,2018,117,11,794,5563,95.98333333333333,119,8,14,20.62858135092898,82.22222222222221,66.66666666666666,0.025210084033613446,11.25195346414308,8.43896509810731,0.0,0.0,10.31429067546449,0.068186365,0.0,0.0639358171557562,19,9,0.0,1
statsbomb,1,43,2,2018,117,11,794,5564,95.98333333333333,170,10,21,29.06754644903629,90.625,0.0,0.0058823529411764705,7.50130230942872,11.25195346414308,0.0,0.0,3.75065115471436,0.054524276,0.0,0.05112538468484112,7,3,0.0,1
statsbomb,1,43,2,2018,117,11,794,5567,53.93333333333333,61,2,8,16.687268232385662,84.0,100.0,0.0,23.362175525339925,0.0,1.6687268232385661,0.0,3.3374536464771323,0.0,0.0,0.0,8,5,0.0,3
statsbomb,1,43,2,2018,117,11,794,5568,35.916666666666664,28,1,3,10.023201856148493,50.0,0.0,0.10714285714285714,12.529002320185615,2.505800464037123,0.0,0.0,0.0,0.06792407,0.0,0.17020416612529005,2,1,0.0,0
statsbomb,1,43,2,2018,117,11,794,5571,94.98333333333333,132,6,7,12.317950517634673,70.0,60.0,0.03787878787878788,16.10808913844534,7.580277241621337,0.0,0.0,3.7901386208106684,0.11470975,0.0,0.10869146341463415,21,6,0.0,1
statsbomb,1,43,2,2018,117,11,794,5575,96.98333333333333,126,13,10,21.343873517786562,82.22222222222221,100.0,0.007936507936507936,19.487884516239905,7.42395600618663,0.9279945007733288,0.0,8.351950506959959,0.07629375,0.0,0.07080018044337515,28,11,0.0,1
statsbomb,1,43,2,2018,117,11,794,5576,95.98333333333333,133,4,13,15.94026740753603,93.75,0.0,0.007518796992481203,22.50390692828616,1.87532557735718,0.93766278867859,0.93766278867859,3.75065115471436,0.03874606,0.0,0.03633073866990797,12,11,0.0,0
statsbomb,1,43,2,2018,117,11,794,5577,91.98333333333333,27,0,11,10.762819351331762,71.42857142857143,0.0,0.0,0.0,0.0,0.0,0.0,0.9784381228483421,0.0,0.0,0.0,1,0,0.0,0
statsbomb,1,43,2,2018,117,11,794,6357,40.983333333333334,72,2,5,15.372102480683203,91.30434782608695,0.0,0.013888888888888888,32.94021960146401,4.392029280195201,0.0,0.0,6.588043920292802,0.0,0.0,0.0,9,4,0.0,2
statsbomb,1,43,2,2018,118,3,778,,95.95,0,0,0,0.0,0.0,0.0,0.0,0.0,0.0,0.0,0.0,0.0,0.0,0.0,0.0,0,0,0.0,0
statsbomb,1,43,2,2018,118,3,778,3175,86.98333333333333,49,1,22,23.797662387430545,59.25925925925925,0.0,0.0,0.0,1.0346809733665454,0.0,0.0,4.138723893466182,0.0,0.0,0.0,3,3,0.0,0
statsbomb,1,43,2,2018,118,3,778,3300,88.96666666666667,107,0,26,26.301985762457853,82.0,0.0,0.0,7.081303859123268,1.0116148370176097,0.0,3.034844511052829,4.046459348070439,0.0,0.0,0.0,10,7,0.0,2
statsbomb,1,43,2,2018,118,3,778,3530,88.98333333333333,110,4,12,16.182805768870576,72.5,50.0,0.02727272727272727,14.159955047761754,3.034276081663233,1.011425360554411,3.034276081663233,0.0,0.0,0.0,0.0,16,11,0.0,2
statsbomb,1,43,2,2018,118,3,778,5679,91.98333333333333,87,2,3,4.89219061424171,71.42857142857143,100.0,0.022988505747126436,25.439391194056896,0.0,0.9784381228483421,0.0,2.9353143685450265,0.0,0.0,0.0,6,2,0.0,1
statsbomb,1,43,2,2018,118,3,778,5681,91.98333333333333,125,1,7,7.827504982786737,91.83673469387756,100.0,0.008,18.5903243341185,0.0,0.9784381228483421,0.9784381228483421,1.9568762456966842,0.0,0.0,0.0,7,2,0.0,1
statsbomb,1,43,2,2018,118,3,778,5682,91.98333333333333,108,1,16,16.633448088421815,84.61538461538461,100.0,0.0,5.870628737090053,1.9568762456966842,0.0,0.0,5.870628737090053,0.0054525062,0.0,0.005334939931146947,6,4,0.0,1
statsbomb,1,43,2,2018,118,3,778,5683,12.916666666666666,16,0,1,6.967741935483871,50.0,0.0,0.0,20.903225806451612,0.0,0.0,0.0,0.0,0.13537978099999998,0.0,0.9432913772903224,3,1,0.0,0
statsbomb,1,43,2,2018,118,3,778,5684,95.98333333333333,162,3,14,15.94026740753603,89.65517241379311,75.0,0.012345679012345678,15.94026740753603,3.75065115471436,0.0,0.0,6.5636395207501295,0.038844906,0.0,0.03642342288591769,28,7,0.0,0
statsbomb,1,43,2,2018,118,3,778,5687,88.98333333333333,125,4,9,13.148529687207343,72.97297297297297,100.0,0.024,21.23993257164263,4.045701442217644,0.0,2.022850721108822,2.022850721108822,0.20943555600000002,0.0,0.21182843274021357,19,5,0.0,1
statsbomb,1,43,2,2018,118,3,778,5690,91.96666666666667,133,4,9,12.722000724900326,83.6734693877551,0.0,0.0,8.807538963392533,0.9786154403769481,0.0,0.0,3.9144617615077926,0.07654476299999999,0.0,0.07490788695179411,13,6,0.0,2
statsbomb,1,43,2,2018,118,3,778,5693,80.98333333333333,128,2,12,15.558756945873638,82.35294117647058,0.0,0.0078125,28.89483432805104,0.0,0.0,2.222679563696234,3.334019345544351,0.05377961,0.0,0.05976742004527681,17,7,0.0,0
statsbomb,1,43,2,2018,118,3,778,5694,10.9,15,0,1,8.256880733944953,83.33333333333334,0.0,0.0,16.513761467889907,0.0,0.0,0.0,0.0,0.0,0.0,0.0,1,1,0.0,1
statsbomb,1,43,2,2018,118,3,778,5697,80.98333333333333,74,2,3,5.556698909240585,87.5,50.0,0.013513513513513514,18.892776291417988,2.222679563696234,0.0,1.111339781848117,5.556698909240585,0.17433233,0.0,0.19374245359127396,5,1,0.0,1
statsbomb,1,43,2,2018,118,22,782,,95.95,0,0,0,0.0,0.0,0.0,0.0,0.0,0.0,0.0,0.0,0.0,0.0,0.0,0.0,0,0,0.0,0
statsbomb,1,43,2,2018,118,22,782,20005,84.96666666666667,208,6,25,32.83640643389565,89.47368421052632,0.0,0.0,8.473911337779521,6.355433503334641,0.0,0.0,1.0592389172224401,0.0,0.0,0.0,17,17,0.0,1
statsbomb,1,43,2,2018,118,22,782,3077,89.96666666666667,192,2,28,30.01111522786217,78.75,0.0,0.0,7.00259355316784,3.001111522786217,1.0003705075954057,2.0007410151908114,5.001852537977029,0.034795094,0.0,0.03480798584660985,13,6,0.0,1
statsbomb,1,43,2,2018,118,22,782,3089,93.98333333333333,181,9,17,24.898031565880473,83.07692307692308,75.0,0.011049723756906077,22.98279836850505,8.618549388189395,0.0,0.9576165986877105,2.8728497960631314,0.136468701,0.0,0.13068469327895016,37,12,0.0,4
statsbomb,1,43,2,2018,118,22,782,3101,91.98333333333333,225,2,24,25.439391194056896,91.56626506024097,0.0,0.0,2.9353143685450265,1.9568762456966842,0.0,0.0,2.9353143685450265,0.5827416785,0.0,0.5701766740170321,4,2,0.0,1
statsbomb,1,43,2,2018,118,22,782,3176,90.98333333333333,180,7,18,24.729803993405387,88.05970149253731,100.0,0.0,15.827074555779447,6.924345118153508,0.0,0.9891921597362154,7.9135372778897235,0.038436411,0.0,0.03802099640959882,38,13,0.0,0
statsbomb,1,43,2,2018,118,22,782,3289,91.98333333333333,89,0,2,1.9568762456966842,78.94736842105263,100.0,0.02247191011235955,10.762819351331762,0.0,0.0,0.0,0.0,1.076736837,0.0,1.0535203695959412,14,2,0.0,0
statsbomb,1,43,2,2018,118,22,782,3296,25.966666666666665,41,0,0,0.0,84.61538461538461,0.0,0.024390243902439025,31.193838254172018,0.0,0.0,0.0,3.4659820282413354,0.1826466,0.0,0.6330498331193839,7,0,0.0,0
statsbomb,1,43,2,2018,118,22,782,3509,93.98333333333333,44,1,10,10.533782585564817,90.47619047619048,0.0,0.0,0.0,0.0,0.0,0.0,5.745699592126263,0.0,0.0,0.0,0,0,0.0,0
statsbomb,1,43,2,2018,118,22,782,3621,86.98333333333333,198,7,11,18.624257520597816,78.94736842105263,60.0,0.015151515151515152,10.346809733665454,8.277447786932363,1.0346809733665454,0.0,3.1040429200996362,0.394165508,0.0,0.4078355514849588,39,8,0.0,2
statsbomb,1,43,2,2018,118,22,782,4831,29.983333333333334,42,4,1,15.008337965536409,83.33333333333334,80.0,0.023809523809523808,12.006670372429127,12.006670372429127,0.0,0.0,6.003335186214564,0.38898080999999995,0.0,1.1675910917176207,5,0,0.0,1
statsbomb,1,43,2,2018,118,22,782,5630,63.983333333333334,78,0,7,9.846314144308414,84.61538461538461,0.0,0.02564102564102564,30.945558739255016,1.4066163063297734,0.0,0.0,2.813232612659547,0.0,0.0,0.0,16,1,0.0,1
statsbomb,1,43,2,2018,118,22,782,5633,64.91666666666667,111,4,7,15.250320924261874,74.28571428571429,100.0,0.009009009009009009,15.250320924261874,4.159178433889602,0.0,0.0,4.159178433889602,0.03521874,0.0,0.04882700795892169,21,4,0.0,1
statsbomb,1,43,2,2018,118,22,782,5642,90.98333333333333,165,0,15,14.83788239604323,93.75,0.0,0.0,14.83788239604323,2.9675764792086463,0.0,0.9891921597362154,3.9567686389448617,0.04764134,0.0,0.047126440007327346,15,9,0.0,4
statsbomb,1,43,2,2018,119,13,768,,120.0,0,0,0,0.0,0.0,0.0,0.0,0.0,0.0,0.0,0.0,0.0,0.0,0.0,0.0,0,0,0.0,0
statsbomb,1,43,2,2018,119,13,768,10955,120.0,133,2,17,14.25,60.97560975609756,0.0,0.03759398496240601,8.25,2.25,0.0,0.0,3.75,2.200198389,0.0,1.65014879175,25,7,0.0,1
statsbomb,1,43,2,2018,119,13,768,10956,47.96666666666667,56,2,5,13.134120917303683,75.0,0.0,0.0,15.010423905489922,3.7526059763724806,0.0,0.0,5.628908964558721,0.8977001499999999,0.0,1.684357473940236,4,2,0.0,0
statsbomb,1,43,2,2018,119,13,768,10960,26.916666666666668,31,2,1,10.030959752321982,20.0,0.0,0.0967741935483871,26.74922600619195,6.687306501547988,0.0,0.0,0.0,0.013426386,0.0,0.04489317919504644,4,0,0.0,0
statsbomb,1,43,2,2018,119,13,768,3094,80.96666666666667,111,1,10,12.22725401399753,81.3953488372093,0.0,0.009009009009009009,24.45450802799506,0.0,0.0,0.0,4.446274186908193,0.10895206,0.0,0.12110768299711816,17,8,0.0,1
statsbomb,1,43,2,2018,119,13,768,3205,111.96666666666667,158,9,18,21.702887764215543,96.61016949152543,100.0,0.006329113924050633,2.4114319738017267,8.03810657933909,0.0,0.0,4.822863947603453,0.0,0.0,0.0,7,6,0.0,0
statsbomb,1,43,2,2018,119,13,768,3233,86.98333333333333,102,1,4,5.173404866832727,85.71428571428571,0.0,0.06862745098039216,10.346809733665454,2.069361946733091,0.0,0.0,0.0,0.146436118,0.0,0.1515146651082583,13,3,0.0,1
statsbomb,1,43,2,2018,119,13,768,3244,120.0,227,9,35,33.0,87.35632183908046,0.0,0.0,7.5,7.5,0.0,0.75,2.25,0.0,0.0,0.0,6,4,0.0,1
statsbomb,1,43,2,2018,119,13,768,3293,120.0,145,5,7,9.0,90.69767441860465,50.0,0.041379310344827586,15.75,1.5,0.0,0.0,6.0,0.11046612,0.0,0.08284959,24,8,0.0,2
statsbomb,1,43,2,2018,119,13,768,3308,120.0,118,4,17,15.75,64.91228070175438,100.0,0.00847457627118644,14.25,2.25,0.0,1.5,3.75,0.8728018,0.0,0.65460135,27,14,0.0,2
statsbomb,1,43,2,2018,119,13,768,3318,9.833333333333334,13,0,0,0.0,100.0,0.0,0.0,18.30508474576271,0.0,0.0,0.0,0.0,0.7835,0.0,7.171016949152541,0,0,0.0,0
statsbomb,1,43,2,2018,119,13,768,3336,119.98333333333333,196,5,37,31.504375607723293,85.0,0.0,0.00510204081632653,0.7501041811362689,3.7505209056813444,0.0,0.7501041811362689,2.2503125434088065,0.21950050999999998,0.0,0.16464825031254338,19,15,0.0,0
statsbomb,1,43,2,2018,119,13,768,3468,120.0,88,1,24,18.75,81.57894736842105,0.0,0.0,0.0,1.5,0.0,0.0,6.0,0.0,0.0,0.0,12,9,0.0,0
statsbomb,1,43,2,2018,119,13,768,3532,120.0,117,2,14,12.0,76.0,0.0,0.008547008547008548,22.5,1.5,0.0,0.75,1.5,0.7835,0.0,0.587625,16,6,0.0,3
statsbomb,1,43,2,2018,119,13,768,3594,16.75,23,0,3,16.11940298507463,87.5,0.0,0.0,0.0,0.0,0.0,0.0,0.0,0.01549221,0.0,0.08324172537313433,6,1,0.0,0
statsbomb,1,43,2,2018,119,13,768,3612,100.98333333333333,98,1,18,16.93348737415415,73.33333333333333,100.0,0.0,6.2386532431094235,0.8912361775870605,0.8912361775870605,0.0,1.782472355174121,0.009816105,0.0,0.008748467898993233,27,10,0.0,2
statsbomb,1,43,2,2018,119,40,769,,120.0,0,0,0,0.0,0.0,0.0,0.0,0.0,0.0,0.0,0.0,0.0,0.0,0.0,0.0,0,0,0.0,0
statsbomb,1,43,2,2018,119,40,769,3445,120.0,125,1,4,3.75,78.78787878787878,100.0,0.04,21.0,1.5,0.0,0.0,3.0,1.01445,0.0,0.7608375,13,3,0.0,3
statsbomb,1,43,2,2018,119,40,769,3494,120.0,167,4,33,27.75,80.59701492537313,0.0,0.0,3.75,1.5,0.0,2.25,6.0,0.18498744,0.0,0.13874058,9,7,0.0,2
statsbomb,1,43,2,2018,119,40,769,4276,120.0,33,1,21,16.5,36.36363636363637,0.0,0.0,0.0,0.0,0.0,0.0,1.5,0.0,0.0,0.0,5,4,0.0,0
statsbomb,1,43,2,2018,119,40,769,5678,61.96666666666667,77,1,7,11.619150080688541,82.14285714285714,0.0,0.012987012987012988,20.333512641204948,2.9047875201721354,0.0,1.4523937600860677,0.0,0.0,0.0,0.0,9,7,0.0,2
statsbomb,1,43,2,2018,119,40,769,5685,78.95,87,0,14,15.959468017732743,89.1891891891892,0.0,0.0,15.959468017732743,0.0,0.0,0.0,4.559848005066498,0.0,0.0,0.0,8,4,0.0,1
statsbomb,1,43,2,2018,119,40,769,5686,115.96666666666667,117,2,17,14.745616556481748,83.6734693877551,0.0,0.008547008547008548,16.29778672032193,2.3282552457602756,0.776085081920092,0.776085081920092,0.776085081920092,0.0,0.0,0.0,5,3,0.0,3
statsbomb,1,43,2,2018,119,40,769,5688,63.916666666666664,49,2,1,4.224250325945242,53.84615384615385,100.0,0.04081632653061224,14.08083441981747,2.8161668839634943,1.4080834419817472,0.0,0.0,0.84979666,0.0,1.1965846059973926,9,3,0.0,1
statsbomb,1,43,2,2018,119,40,769,5689,120.0,193,4,17,15.75,82.75862068965517,85.71428571428571,0.010362694300518135,19.5,3.0,0.0,0.0,3.75,0.884950555,0.0,0.66371291625,24,9,0.0,2
statsbomb,1,43,2,2018,119,40,769,5691,119.98333333333333,170,13,19,24.003333796360604,70.3125,25.0,0.029411764705882353,11.251562717044033,9.751354354771495,0.7501041811362689,1.5002083622725377,8.251145992498957,0.0061799968,0.0,0.004635641439088762,23,11,0.0,3
statsbomb,1,43,2,2018,119,40,769,5692,87.96666666666667,132,6,18,24.554755589238347,65.9090909090909,0.0,0.007575757575757576,4.092459264873058,5.115574081091322,0.0,0.0,4.092459264873058,0.0653928137,0.0,0.0669043565706707,20,10,0.0,0
statsbomb,1,43,2,2018,119,40,769,5696,115.98333333333333,123,2,15,13.191550510130766,79.16666666666666,0.0,0.016260162601626018,16.29544474780859,3.103894237677827,0.0,0.0,7.759735594194568,0.0,0.0,0.0,11,3,0.0,6
statsbomb,1,43,2,2018,119,40,769,6193,46.983333333333334,60,1,12,24.90244767648102,76.19047619047619,66.66666666666666,0.03333333333333333,15.324583185526782,3.8311457963816955,0.0,0.0,9.577864490954239,0.78994605,0.0,1.5131992444129123,10,4,0.0,2
statsbomb,1,43,2,2018,119,40,769,6196,118.98333333333333,151,2,17,14.371760750805436,91.52542372881356,0.0,0.0,13.615352290236729,2.2692253817061214,0.7564084605687071,0.0,6.051267684549657,0.1694467,0.0,0.12817091749544754,3,1,0.0,2
statsbomb,1,43,2,2018,119,40,769,6334,33.95,45,3,4,18.556701030927833,66.66666666666666,50.0,0.044444444444444446,15.905743740795288,5.3019145802650955,0.0,0.0,5.3019145802650955,0.7835,0.0,2.077025036818851,6,4,0.0,1
statsbomb,1,43,2,2018,119,40,769,6360,1.0,3,0,1,90.0,100.0,0.0,0.0,0.0,0.0,0.0,0.0,0.0,0.0,0.0,0.0,0,0,0.0,0
statsbomb,1,43,2,2018,120,6,773,,96.96666666666667,0,0,0,0.0,0.0,0.0,0.0,0.0,0.0,0.0,0.0,0.0,0.0,0.0,0.0,0,0,0.0,0
statsbomb,1,43,2,2018,120,6,773,3500,92.98333333333333,268,7,38,43.556192866105036,88.42105263157895,0.0,0.011194029850746268,13.550815558343789,7.7433231761964505,0.0,0.0,11.614984764294675,0.025377900000000002,0.0,0.02456366015414949,38,24,0.0,1
statsbomb,1,43,2,2018,120,6,773,3533,92.98333333333333,195,6,19,24.19788492561391,71.42857142857143,0.0,0.010256410256410256,8.711238573221006,6.7754077791718945,0.9679153970245563,0.0,6.7754077791718945,0.055765497500000004,0.0,0.05397628365298441,36,10,0.0,2
statsbomb,1,43,2,2018,120,6,773,5540,90.98333333333333,210,6,13,18.794651034988092,93.42105263157895,0.0,0.0,21.762227514196738,8.90272943762594,0.0,1.9783843194724309,3.9567686389448617,0.0,0.0,0.0,14,9,0.0,4
statsbomb,1,43,2,2018,120,6,773,5543,20.8,23,0,0,0.0,80.0,0.0,0.043478260869565216,4.326923076923077,4.326923076923077,0.0,0.0,0.0,0.05994916,0.0,0.25939540384615384,2,0,0.0,0
statsbomb,1,43,2,2018,120,6,773,5544,92.98333333333333,196,3,17,19.358307940491127,67.12328767123287,100.0,0.0,8.711238573221006,2.903746191073669,0.0,0.0,6.7754077791718945,0.067235157,0.0,0.06507794368166338,43,6,0.0,0
statsbomb,1,43,2,2018,120,6,773,5545,20.983333333333334,27,2,2,17.15647339158062,66.66666666666666,100.0,0.07407407407407407,4.289118347895155,4.289118347895155,0.0,0.0,0.0,0.07843667,0.0,0.33642416044479745,6,1,0.0,0
statsbomb,1,43,2,2018,120,6,773,5546,91.98333333333333,149,5,11,15.655009965573473,82.14285714285714,0.0,0.0,10.762819351331762,0.0,0.0,1.9568762456966842,2.9353143685450265,0.054058094,0.0,0.05289250001811922,20,9,0.0,2
statsbomb,1,43,2,2018,120,6,773,5548,68.95,86,2,4,7.8317621464829585,76.0,0.0,0.023255813953488372,15.663524292965917,5.221174764321972,0.0,0.0,3.9158810732414793,0.07566466,0.0,0.09876460333575053,15,2,0.0,3
statsbomb,1,43,2,2018,120,6,773,5549,92.98333333333333,231,13,26,37.7487004839577,86.51685393258427,0.0,0.0,6.7754077791718945,11.614984764294675,0.0,1.9358307940491126,2.903746191073669,0.0,0.0,0.0,11,10,0.0,2
statsbomb,1,43,2,2018,120,6,773,5550,92.93333333333334,52,0,13,12.589670014347202,82.14285714285714,0.0,0.0,0.0,0.0,0.0,0.0,3.873744619799139,0.0,0.0,0.0,0,0,0.0,0
statsbomb,1,43,2,2018,120,6,773,5554,72.91666666666667,59,3,4,8.639999999999999,94.44444444444444,0.0,0.0,23.45142857142857,1.2342857142857142,0.0,0.0,2.4685714285714284,0.059255723,0.0,0.07313849238857142,12,4,0.0,3
statsbomb,1,43,2,2018,120,6,773,5835,91.91666666666667,65,1,3,3.9165911151405255,73.33333333333333,0.0,0.046153846153846156,11.749773345421577,0.0,0.0,0.0,1.9582955575702627,0.057245187,0.0,0.05605149769718948,9,3,0.0,2
statsbomb,1,43,2,2018,120,6,773,6359,90.98333333333333,183,4,21,24.729803993405387,92.42424242424242,0.0,0.0,3.9567686389448617,3.9567686389448617,0.0,0.9891921597362154,2.9675764792086463,0.0,0.0,0.0,8,3,0.0,2
statsbomb,1,43,2,2018,120,38,790,,96.96666666666667,0,0,0,0.0,0.0,0.0,0.0,0.0,0.0,0.0,0.0,0.0,0.0,0.0,0.0,0,0,0.0,0
statsbomb,1,43,2,2018,120,38,790,11098,90.98333333333333,76,0,5,4.945960798681077,68.18181818181817,0.0,0.05263157894736842,46.49203150760213,0.0,0.0,0.0,1.9783843194724309,0.262091793,0.0,0.2592591467668071,8,2,0.0,2
statsbomb,1,43,2,2018,120,38,790,3576,10.9,10,2,0,16.513761467889907,100.0,0.0,0.1,66.05504587155963,16.513761467889907,0.0,0.0,8.256880733944953,0.0,0.0,0.0,3,0,0.0,0
statsbomb,1,43,2,2018,120,38,790,3702,85.96666666666667,59,1,8,9.422256688639006,78.57142857142857,0.0,0.01694915254237288,3.1407522295463357,2.093834819697557,0.0,0.0,2.093834819697557,0.0,0.0,0.0,5,5,0.0,0
statsbomb,1,43,2,2018,120,38,790,4417,96.96666666666667,72,0,7,6.4970780336885525,66.66666666666666,0.0,0.013888888888888888,38.982468202131315,0.0,0.0,0.0,1.8563080096253008,0.23367845999999998,0.0,0.2168895984874527,13,4,0.0,4
statsbomb,1,43,2,2018,120,38,790,5607,91.98333333333333,62,2,11,12.719695597028448,80.0,0.0,0.016129032258064516,3.9137524913933683,1.9568762456966842,0.0,0.9784381228483421,0.9784381228483421,0.0,0.0,0.0,7,5,0.0,0
statsbomb,1,43,2,2018,120,38,790,5611,83.96666666666667,47,1,9,10.718539102818578,80.0,0.0,0.0,34.29932512901945,0.0,2.1437078205637157,0.0,4.287415641127431,0.0,0.0,0.0,8,5,0.0,1
statsbomb,1,43,2,2018,120,38,790,5612,81.98333333333333,74,0,20,21.95568204919699,54.285714285714285,0.0,0.013513513513513514,27.44460256149624,1.0977841024598496,0.0,0.0,5.488920512299248,0.020048771,0.0,0.022009222077658062,16,9,0.0,4
statsbomb,1,43,2,2018,120,38,790,5613,92.95,81,1,11,11.619150080688541,62.16216216216216,50.0,0.037037037037037035,35.82571274878967,1.9365250134480902,0.0,0.9682625067240451,11.619150080688541,0.0,0.0,0.0,15,3,0.0,2
statsbomb,1,43,2,2018,120,38,790,5615,2.8833333333333333,8,0,2,62.42774566473989,66.66666666666666,0.0,0.125,124.85549132947978,0.0,0.0,0.0,0.0,0.0,0.0,0.0,1,1,0.0,0
statsbomb,1,43,2,2018,120,38,790,5621,90.98333333333333,59,1,11,11.870305916834585,46.666666666666664,0.0,0.0,20.773035354460525,1.9783843194724309,0.0,0.0,5.935152958417293,0.0,0.0,0.0,17,7,0.0,4
statsbomb,1,43,2,2018,120,38,790,5622,90.96666666666667,44,1,24,24.734334921216565,58.333333333333336,0.0,0.0,0.0,0.9893733968486625,0.0,0.0,6.9256137779406375,0.0,0.0,0.0,7,6,0.0,0
statsbomb,1,43,2,2018,120,38,790,5624,91.98333333333333,84,3,13,15.655009965573473,86.20689655172413,75.0,0.011904761904761904,26.417829316905237,2.9353143685450265,0.9784381228483421,2.9353143685450265,3.9137524913933683,0.261079605,0.0,0.2554502386301866,10,5,0.0,1
statsbomb,1,43,2,2018,120,38,790,5625,80.98333333333333,86,5,6,12.224737600329288,79.16666666666666,50.0,0.011627906976744186,32.228853673595395,5.556698909240585,1.111339781848117,1.111339781848117,1.111339781848117,0.133696856,0.0,0.14858263478081912,16,4,0.0,2
statsbomb,1,43,2,2018,120,38,790,6358,10.516666666666667,7,1,1,17.11568938193344,100.0,0.0,0.0,25.67353407290016,8.55784469096672,0.0,0.0,0.0,0.0,0.0,0.0,0,0,0.0,0
statsbomb,1,43,2,2018,121,19,771,,94.96666666666667,0,0,0,0.0,0.0,0.0,0.0,0.0,0.0,0.0,0.0,0.0,0.0,0.0,0.0,0,0,0.0,0
statsbomb,1,43,2,2018,121,19,771,20004,93.98333333333333,231,7,31,36.389430750133,80.51948051948052,50.0,0.012987012987012988,17.23709877637879,2.8728497960631314,0.9576165986877105,0.0,2.8728497960631314,0.006310853,0.0,0.006043377584678134,39,26,0.0,2
statsbomb,1,43,2,2018,121,19,771,2948,1.15,4,0,0,0.0,100.0,0.0,0.25,156.52173913043478,0.0,0.0,0.0,0.0,0.0,0.0,0.0,0,0,0.0,0
statsbomb,1,43,2,2018,121,19,771,3009,87.96666666666667,138,5,2,7.161803713527851,80.64516129032258,81.81818181818183,0.036231884057971016,9.20803334596438,5.115574081091322,0.0,0.0,2.046229632436529,0.15214236,0.0,0.15565910269041303,20,4,0.0,1
statsbomb,1,43,2,2018,121,19,771,3099,90.93333333333334,55,0,27,26.722873900293255,55.172413793103445,0.0,0.0,0.0,0.0,0.0,0.0,2.969208211143695,0.0,0.0,0.0,3,2,0.0,0
statsbomb,1,43,2,2018,121,19,771,3604,94.98333333333333,129,1,6,6.6327425864186695,71.42857142857143,50.0,0.015503875968992248,18.003158448850677,0.9475346552026671,0.0,0.9475346552026671,2.842603965608001,0.046135314,0.0,0.04371480884365678,16,4,0.0,1
statsbomb,1,43,2,2018,121,19,771,3961,90.98333333333333,135,4,14,17.80545887525188,88.67924528301887,50.0,0.014814814814814815,24.729803993405387,4.945960798681077,0.0,7.9135372778897235,3.9567686389448617,0.035039734,0.0,0.0346610301520425,12,7,0.0,3
statsbomb,1,43,2,2018,121,19,771,5476,86.98333333333333,223,7,19,26.90170530753018,85.71428571428571,0.0,0.008968609865470852,11.381490707032,4.138723893466182,0.0,1.0346809733665454,3.1040429200996362,0.006393214,0.0,0.0066149368844606255,27,10,0.0,2
statsbomb,1,43,2,2018,121,19,771,5477,7.816666666666666,11,0,1,11.513859275053305,66.66666666666666,0.0,0.09090909090909091,34.54157782515991,0.0,0.0,0.0,0.0,0.0,0.0,0.0,0,0,0.0,0
statsbomb,1,43,2,2018,121,19,771,5480,79.98333333333333,150,4,6,11.252344238382996,84.0,50.0,0.006666666666666667,24.755157324442592,3.375703271514899,0.0,3.375703271514899,6.751406543029798,0.06060878,0.0,0.06819908564284226,15,2,0.0,5
statsbomb,1,43,2,2018,121,19,771,5484,94.98333333333333,152,5,15,18.950693104053343,86.66666666666667,0.0,0.013157894736842105,20.845762414458676,0.9475346552026671,0.0,0.9475346552026671,5.685207931216002,0.0074050077,0.0,0.007016501417792594,22,10,0.0,4
statsbomb,1,43,2,2018,121,19,771,5485,94.95,85,1,18,18.009478672985782,76.92307692307693,0.0,0.0,3.7914691943127963,3.7914691943127963,0.0,0.9478672985781991,2.843601895734597,0.182521713,0.0,0.17300636303317535,7,6,0.0,0
statsbomb,1,43,2,2018,121,19,771,5487,92.98333333333333,202,3,11,13.550815558343789,74.24242424242425,60.0,0.019801980198019802,27.101631116687578,4.839576985122782,0.0,0.0,3.8716615880982252,0.042225982,0.0,0.04087117813228177,32,4,0.0,6
statsbomb,1,43,2,2018,121,19,771,5492,93.98333333333333,64,1,11,11.491399184252526,76.92307692307693,100.0,0.0,4.788082993438553,0.9576165986877105,0.0,0.9576165986877105,0.9576165986877105,0.0,0.0,0.0,1,0,0.0,2
statsbomb,1,43,2,2018,121,19,771,5737,15.933333333333334,35,0,4,22.594142259414227,92.3076923076923,0.0,0.0,16.94560669456067,0.0,0.0,5.648535564853557,0.0,0.0,0.0,0.0,3,2,0.0,0
statsbomb,1,43,2,2018,121,24,783,,94.98333333333333,0,0,0,0.0,0.0,0.0,0.0,0.0,0.0,0.0,0.0,0.0,0.0,0.0,0.0,0,0,0.0,0
statsbomb,1,43,2,2018,121,24,783,5246,94.98333333333333,89,1,6,6.6327425864186695,59.25925925925925,100.0,0.02247191011235955,12.317950517634673,1.8950693104053342,0.0,0.9475346552026671,3.7901386208106684,0.0,0.0,0.0,17,6,0.0,2
statsbomb,1,43,2,2018,121,24,783,5247,72.98333333333333,88,5,17,27.12948161680749,66.66666666666666,0.0,0.03409090909090909,20.96369034026033,4.932633021237725,0.0,0.0,8.632107787166019,0.015601887,0.0,0.0192395957524549,18,8,0.0,2
statsbomb,1,43,2,2018,121,24,783,5248,92.98333333333333,122,2,21,22.262054131564796,59.61538461538461,33.33333333333333,0.02459016393442623,9.679153970245563,1.9358307940491126,0.9679153970245563,0.9679153970245563,9.679153970245563,0.086812663,0.0,0.08402731317440401,31,11,0.0,1
statsbomb,1,43,2,2018,121,24,783,5249,93.98333333333333,70,2,19,20.109948572441922,70.58823529411765,100.0,0.0,3.830466394750842,1.915233197375421,0.0,2.8728497960631314,3.830466394750842,0.20940804,0.0,0.20053261500266004,13,11,0.0,0
statsbomb,1,43,2,2018,121,24,783,5255,91.96666666666667,60,1,8,8.807538963392533,73.91304347826086,0.0,0.0,23.486770569046755,1.9572308807538963,0.0,0.9786154403769481,4.893077201884741,0.16249157,0.0,0.1590167593330917,9,6,0.0,4
statsbomb,1,43,2,2018,121,24,783,5256,34.9,43,2,7,23.20916905444126,66.66666666666666,0.0,0.0,20.630372492836678,5.157593123209169,0.0,0.0,10.315186246418339,0.09860022,0.0,0.2542699083094556,10,3,0.0,0
statsbomb,1,43,2,2018,121,24,783,5259,92.96666666666667,79,1,16,16.457511652922193,64.51612903225806,0.0,0.012658227848101266,1.9361778415202582,1.9361778415202582,0.0,0.9680889207601291,0.9680889207601291,0.07621632,0.0,0.07378417497310864,16,10,0.0,0
statsbomb,1,43,2,2018,121,24,783,5260,57.95,72,1,9,15.530629853321829,83.33333333333334,75.0,0.041666666666666664,37.27351164797239,1.553062985332183,0.0,0.0,7.765314926660914,0.030082064,0.0,0.04671934012079378,13,4,0.0,4
statsbomb,1,43,2,2018,121,24,783,5266,93.98333333333333,94,2,16,17.23709877637879,66.66666666666666,0.0,0.0,26.813264763255894,2.8728497960631314,1.915233197375421,3.830466394750842,9.576165986877106,0.0,0.0,0.0,20,11,0.0,7
statsbomb,1,43,2,2018,121,24,783,5267,91.93333333333334,32,0,10,9.789702683103698,62.5,0.0,0.03125,0.0,0.9789702683103698,0.0,0.0,6.852791878172589,0.0,0.0,0.0,3,3,0.0,0
statsbomb,1,43,2,2018,121,24,783,5717,94.98333333333333,46,1,9,9.475346552026672,62.5,0.0,0.0,18.003158448850677,0.9475346552026671,0.0,1.8950693104053342,0.0,0.0,0.0,0.0,13,3,0.0,0
statsbomb,1,43,2,2018,121,24,783,6297,31.9,15,0,1,2.8213166144200628,66.66666666666666,0.0,0.13333333333333333,28.213166144200628,0.0,2.8213166144200628,0.0,2.8213166144200628,0.0,0.0,0.0,2,1,0.0,1
statsbomb,1,43,2,2018,121,24,783,6351,58.95,57,0,5,7.633587786259541,23.076923076923077,0.0,0.07017543859649122,25.95419847328244,0.0,1.5267175572519083,1.5267175572519083,0.0,0.013982514,0.0,0.021347349618320608,8,3,0.0,3
statsbomb,1,43,2,2018,121,24,783,6426,21.95,45,2,7,36.90205011389522,55.55555555555556,100.0,0.022222222222222223,24.601366742596813,8.200455580865604,0.0,0.0,12.300683371298406,0.0,0.0,0.0,14,3,0.0,1
statsbomb,1,43,2,2018,122,8,781,,95.98333333333333,0,0,0,0.0,0.0,0.0,0.0,0.0,0.0,0.0,0.0,0.0,0.0,0.0,0.0,0,0,0.0,0
statsbomb,1,43,2,2018,122,8,781,3054,95.96666666666667,144,4,19,21.56998957971518,86.36363636363636,0.0,0.0,19.69433831191386,0.93782563390066,0.0,1.87565126780132,6.56477943730462,0.06566521,0.0,0.06158251719346996,19,9,0.0,2
statsbomb,1,43,2,2018,122,8,781,3202,57.96666666666667,41,1,1,3.105232892466935,70.0,100.0,0.04878048780487805,29.49971247843588,1.5526164462334675,1.5526164462334675,0.0,1.5526164462334675,0.52455562,0.0,0.8144336825761932,9,1,0.0,1
statsbomb,1,43,2,2018,122,8,781,3295,92.95,154,10,21,30.0161377084454,98.14814814814815,0.0,0.0,2.9047875201721354,6.777837547068316,0.0,0.9682625067240451,5.809575040344271,0.27402094,0.0,0.26532420225927916,8,4,0.0,1
statsbomb,1,43,2,2018,122,8,781,3472,44.983333333333334,60,4,2,12.004446091144867,75.0,0.0,0.03333333333333333,28.01037421267136,8.002964060763246,2.0007410151908114,0.0,0.0,0.0,0.0,0.0,13,1,0.0,0
statsbomb,1,43,2,2018,122,8,781,3501,94.98333333333333,238,12,22,32.21617827689068,90.66666666666666,0.0,0.012605042016806723,12.317950517634673,12.317950517634673,0.0,0.9475346552026671,1.8950693104053342,0.337400955,0.0,0.3196990975609756,46,17,0.0,1
statsbomb,1,43,2,2018,122,8,781,3535,49.88333333333333,72,0,2,3.608419645840294,72.22222222222221,50.0,0.027777777777777776,30.6715669896425,0.0,0.0,0.0,1.804209822920147,0.344289876,0.0,0.6211711762111594,12,1,0.0,0
statsbomb,1,43,2,2018,122,8,781,4320,93.98333333333333,207,11,10,20.109948572441922,85.0,83.33333333333334,0.03864734299516908,12.449015782940236,14.364248980315658,0.0,0.0,5.745699592126263,0.21139941,0.0,0.2024395839687888,50,10,0.0,3
statsbomb,1,43,2,2018,122,8,781,5542,71.98333333333333,105,4,2,7.501736513081732,87.87878787878788,0.0,0.009523809523809525,21.25492012039824,3.750868256540866,0.0,0.0,5.001157675387821,0.41377360500000004,0.0,0.5173367601296597,8,3,0.0,0
statsbomb,1,43,2,2018,122,8,781,5547,85.83333333333333,17,0,4,4.194174757281553,85.71428571428571,0.0,0.0,0.0,0.0,0.0,0.0,1.0485436893203883,0.0,0.0,0.0,0,0,0.0,0
statsbomb,1,43,2,2018,122,8,781,5551,94.98333333333333,100,2,10,11.370415862432004,92.85714285714286,0.0,0.0,13.265485172837339,1.8950693104053342,0.0,0.9475346552026671,0.9475346552026671,0.0,0.0,0.0,2,1,0.0,2
statsbomb,1,43,2,2018,122,8,781,5552,94.98333333333333,212,7,22,27.478505000877345,82.5,0.0,0.0047169811320754715,8.527811896824003,3.7901386208106684,0.0,1.8950693104053342,6.6327425864186695,0.011753061,0.0,0.011136432602210915,48,15,0.0,2
statsbomb,1,43,2,2018,122,8,781,5553,19.983333333333334,30,2,2,18.015012510425354,77.77777777777779,0.0,0.03333333333333333,18.015012510425354,13.511259382819016,0.0,0.0,9.007506255212677,0.37203124,0.0,1.6755368607172643,2,1,0.0,3
statsbomb,1,43,2,2018,122,8,781,5837,36.93333333333333,76,9,5,34.11552346570398,78.94736842105263,100.0,0.0,0.0,31.678700361010836,0.0,2.4368231046931412,4.8736462093862825,0.0543057492,0.0,0.13233350436823108,18,7,0.0,0
statsbomb,1,43,2,2018,122,8,781,5838,91.98333333333333,94,0,13,12.719695597028448,89.74358974358975,0.0,0.0,23.482514948360212,0.0,0.0,0.9784381228483421,0.9784381228483421,0.0,0.0,0.0,7,3,0.0,2
statsbomb,1,43,2,2018,122,22,782,,95.81666666666666,0,0,0,0.0,0.0,0.0,0.0,0.0,0.0,0.0,0.0,0.0,0.0,0.0,0.0,0,0,0.0,0
statsbomb,1,43,2,2018,122,22,782,20005,88.9,74,0,14,14.17322834645669,89.65517241379311,0.0,0.0,14.17322834645669,0.0,0.0,0.0,2.02474690663667,0.0,0.0,0.0,4,3,0.0,1
statsbomb,1,43,2,2018,122,22,782,2954,6.616666666666666,3,0,1,13.602015113350127,100.0,0.0,0.0,95.2141057934509,0.0,0.0,0.0,0.0,0.0,0.0,0.0,1,1,0.0,0
statsbomb,1,43,2,2018,122,22,782,3077,90.98333333333333,118,1,14,14.83788239604323,87.2340425531915,100.0,0.0,36.60010991023997,0.0,0.0,0.9891921597362154,1.9783843194724309,0.0,0.0,0.0,2,2,0.0,3
statsbomb,1,43,2,2018,122,22,782,3089,94.96666666666667,119,5,15,18.954018954018956,80.95238095238095,100.0,0.0,39.8034398034398,3.790803790803791,0.0,0.0,9.477009477009478,0.070240028,0.0,0.0665665411021411,26,8,0.0,3
statsbomb,1,43,2,2018,122,22,782,3101,89.95,110,1,15,16.008893829905503,93.18181818181817,0.0,0.0,9.005002779321845,1.000555864369094,1.000555864369094,0.0,1.000555864369094,0.05695575,0.0,0.056987409672040024,2,2,0.0,1
statsbomb,1,43,2,2018,122,22,782,3176,89.98333333333333,72,1,13,14.002593072791257,75.86206896551724,0.0,0.027777777777777776,49.0090757547694,2.0003704389701795,2.0003704389701795,0.0,3.0005556584552693,0.0,0.0,0.0,9,5,0.0,3
statsbomb,1,43,2,2018,122,22,782,3289,85.96666666666667,63,5,2,7.32842186894145,69.23076923076923,33.33333333333333,0.09523809523809523,14.6568437378829,3.1407522295463357,0.0,0.0,2.093834819697557,0.0,0.0,0.0,7,4,0.0,1
statsbomb,1,43,2,2018,122,22,782,3296,93.98333333333333,100,0,10,9.576165986877106,80.0,0.0,0.01,60.32984571732577,0.0,0.9576165986877105,1.915233197375421,1.915233197375421,0.078730114,0.0,0.0753932639829757,10,5,0.0,7
statsbomb,1,43,2,2018,122,22,782,3509,92.9,58,1,25,25.18837459634015,56.666666666666664,0.0,0.0,0.0,0.0,0.0,0.0,3.8751345532831,0.0,0.0,0.0,6,5,0.0,0
statsbomb,1,43,2,2018,122,22,782,3621,94.98333333333333,151,11,11,20.845762414458676,79.48717948717949,100.0,0.019867549668874173,18.950693104053343,12.317950517634673,0.0,0.0,6.6327425864186695,0.17642219399999998,0.0,0.16716614276188801,16,10,0.0,1
statsbomb,1,43,2,2018,122,22,782,4831,81.96666666666667,82,2,8,10.980073200488004,79.41176470588235,0.0,0.024390243902439025,34.03822692151281,1.0980073200488003,1.0980073200488003,0.0,5.490036600244002,0.022908047,0.0,0.025153203294021962,15,3,0.0,6
statsbomb,1,43,2,2018,122,22,782,5642,92.98333333333333,94,1,5,5.807492382147338,91.8918918918919,0.0,0.0,42.58827746908048,4.839576985122782,0.9679153970245563,0.0,4.839576985122782,0.0,0.0,0.0,7,3,0.0,4
statsbomb,1,43,2,2018,122,22,782,6332,10.683333333333334,14,0,2,16.848673946957877,100.0,0.0,0.0,0.0,0.0,0.0,0.0,0.0,0.0,0.0,0.0,0,0,0.0,0
statsbomb,1,43,2,2018,123,13,768,,95.91666666666667,0,0,0,0.0,0.0,0.0,0.0,0.0,0.0,0.0,0.0,0.0,0.0,0.0,0.0,0,0,0.0,0
statsbomb,1,43,2,2018,123,13,768,10955,94.98333333333333,88,3,5,7.580277241621337,76.19047619047619,66.66666666666666,0.022727272727272728,11.370415862432004,2.842603965608001,0.0,0.0,2.842603965608001,0.057993297,0.0,0.05495065867696087,15,5,0.0,1
statsbomb,1,43,2,2018,123,13,768,10956,10.85,11,0,2,16.589861751152075,33.33333333333333,0.0,0.0,8.294930875576037,0.0,0.0,0.0,16.589861751152075,0.0,0.0,0.0,2,1,0.0,0
statsbomb,1,43,2,2018,123,13,768,3094,75.98333333333333,108,3,6,10.660232507128756,66.66666666666666,0.0,0.018518518518518517,17.767054178547927,4.737881114279447,2.3689405571397235,0.0,7.106821671419171,0.20840937099999998,0.0,0.24685470572493964,16,5,0.0,1
statsbomb,1,43,2,2018,123,13,768,3205,92.98333333333333,194,4,26,29.03746191073669,79.48717948717949,100.0,0.0,3.8716615880982252,5.807492382147338,0.0,0.9679153970245563,6.7754077791718945,0.0,0.0,0.0,20,11,0.0,0
statsbomb,1,43,2,2018,123,13,768,3233,90.98333333333333,120,7,1,7.9135372778897235,77.77777777777779,40.0,0.03333333333333333,16.816266715515663,4.945960798681077,0.0,0.0,0.9891921597362154,0.20288161,0.0,0.20068889796666056,23,2,0.0,1
statsbomb,1,43,2,2018,123,13,768,3244,93.98333333333333,148,0,13,12.449015782940236,86.20689655172413,0.0,0.0,1.915233197375421,1.915233197375421,0.0,0.0,0.0,0.0,0.0,0.0,9,5,0.0,0
statsbomb,1,43,2,2018,123,13,768,3293,94.98333333333333,165,3,5,7.580277241621337,93.87755102040816,100.0,0.012121212121212121,14.213019828040007,4.737673276013336,0.0,0.0,5.685207931216002,0.135961789,0.0,0.1288285068608528,28,3,0.0,2
statsbomb,1,43,2,2018,123,13,768,3308,92.98333333333333,173,4,21,24.19788492561391,64.1025641025641,0.0,0.005780346820809248,6.7754077791718945,2.903746191073669,0.9679153970245563,0.0,4.839576985122782,0.0,0.0,0.0,43,9,0.0,1
statsbomb,1,43,2,2018,123,13,768,3318,4.816666666666666,7,0,0,0.0,100.0,0.0,0.0,37.37024221453287,0.0,0.0,0.0,18.685121107266436,0.0,0.0,0.0,1,0,0.0,0
statsbomb,1,43,2,2018,123,13,768,3336,94.98333333333333,118,1,20,19.89822775925601,79.24528301886792,0.0,0.00847457627118644,0.9475346552026671,0.9475346552026671,0.0,0.9475346552026671,2.842603965608001,0.144569412,0.0,0.13698452795227234,12,5,0.0,0
statsbomb,1,43,2,2018,123,13,768,3468,92.98333333333333,78,0,30,29.03746191073669,55.55555555555556,0.0,0.0,0.0,0.9679153970245563,0.0,0.0,6.7754077791718945,0.0,0.0,0.0,16,13,0.0,0
statsbomb,1,43,2,2018,123,13,768,3532,82.98333333333333,147,4,26,32.53665394657562,74.57627118644068,0.0,0.006802721088435374,21.691102631050413,1.0845551315525206,0.0,1.0845551315525206,8.676441052420165,0.008420511,0.0,0.009132508415344447,24,14,0.0,4
statsbomb,1,43,2,2018,123,13,768,3612,92.98333333333333,150,3,12,14.518730955368344,84.48275862068965,100.0,0.006666666666666667,5.807492382147338,2.903746191073669,0.0,0.9679153970245563,2.903746191073669,0.0,0.0,0.0,28,6,0.0,2
statsbomb,1,43,2,2018,123,13,768,4597,18.883333333333333,18,0,0,0.0,100.0,0.0,0.0,9.532215357458076,0.0,0.0,0.0,0.0,0.0,0.0,0.0,1,0,0.0,0
statsbomb,1,43,2,2018,123,38,790,,95.96666666666667,0,0,0,0.0,0.0,0.0,0.0,0.0,0.0,0.0,0.0,0.0,0.0,0.0,0.0,0,0,0.0,0
statsbomb,1,43,2,2018,123,38,790,11098,80.96666666666667,65,0,4,4.446274186908193,61.111111111111114,0.0,0.03076923076923077,47.79744750926307,0.0,1.1115685467270482,1.1115685467270482,1.1115685467270482,0.28066672,0.0,0.31198029806504735,7,1,0.0,3
statsbomb,1,43,2,2018,123,38,790,3576,28.916666666666668,29,3,3,18.67435158501441,60.0,0.0,0.034482758620689655,24.89913544668588,6.22478386167147,0.0,0.0,6.22478386167147,0.0,0.0,0.0,5,2,0.0,0
statsbomb,1,43,2,2018,123,38,790,3702,89.98333333333333,107,6,22,28.005186145582513,84.78260869565217,0.0,0.0,13.002407853306167,11.002037414335987,0.0,1.0001852194850898,3.0005556584552693,0.0,0.0,0.0,7,7,0.0,0
statsbomb,1,43,2,2018,123,38,790,4417,64.96666666666667,59,0,3,4.155977424320165,61.111111111111114,0.0,0.05084745762711865,41.559774243201645,1.3853258081067215,0.0,0.0,0.0,0.0686475,0.0,0.09509915341200616,4,2,0.0,2
statsbomb,1,43,2,2018,123,38,790,4709,8.966666666666667,12,0,1,10.03717472118959,75.0,0.0,0.08333333333333333,20.07434944237918,0.0,0.0,0.0,0.0,0.0,0.0,0.0,2,0,0.0,0
statsbomb,1,43,2,2018,123,38,790,5607,94.96666666666667,91,3,11,13.267813267813267,82.85714285714286,100.0,0.0,4.738504738504739,2.843102843102843,0.0,1.8954018954018954,3.790803790803791,0.0,0.0,0.0,8,3,0.0,0
statsbomb,1,43,2,2018,123,38,790,5613,94.96666666666667,102,5,9,13.267813267813267,76.92307692307693,100.0,0.00980392156862745,30.326430326430327,5.686205686205686,0.9477009477009477,2.843102843102843,5.686205686205686,0.396987804,0.0,0.37622571807651806,18,7,0.0,2
statsbomb,1,43,2,2018,123,38,790,5617,92.98333333333333,88,3,15,17.422477146442013,82.05128205128204,0.0,0.0,25.165800322638464,0.9679153970245563,0.9679153970245563,0.0,0.9679153970245563,0.0,0.0,0.0,14,8,0.0,1
statsbomb,1,43,2,2018,123,38,790,5621,92.96666666666667,123,2,26,27.106489781283614,73.07692307692307,0.0,0.0,11.617067049121548,1.9361778415202582,0.0,0.0,2.904266762280387,0.08177389,0.0,0.07916439691645752,16,6,0.0,0
statsbomb,1,43,2,2018,123,38,790,5622,90.96666666666667,52,1,25,25.723708318065228,77.77777777777779,0.0,0.0,0.0,0.9893733968486625,0.0,0.0,2.9681201905459877,0.0,0.0,0.0,4,4,0.0,0
statsbomb,1,43,2,2018,123,38,790,5624,91.98333333333333,86,2,7,8.805943105635079,72.22222222222221,50.0,0.046511627906976744,32.28845805399529,2.9353143685450265,0.9784381228483421,1.9568762456966842,5.870628737090053,0.0,0.0,0.0,3,2,0.0,3
statsbomb,1,43,2,2018,123,38,790,5625,63.95,61,1,5,8.444096950742768,76.47058823529412,100.0,0.01639344262295082,36.59108678655199,2.8146989835809224,0.0,0.0,2.8146989835809224,0.006110725,0.0,0.008599925723221265,9,4,0.0,4
statsbomb,1,43,2,2018,123,38,790,6038,27.933333333333334,21,0,0,0.0,60.0,0.0,0.09523809523809523,22.553699284009546,0.0,0.0,0.0,0.0,0.0,0.0,0.0,4,0,0.0,1
statsbomb,1,43,2,2018,123,38,790,6358,84.98333333333333,132,3,26,30.711904294959798,64.81481481481481,66.66666666666666,0.015151515151515152,18.00353010394195,2.1180623651696413,0.0,0.0,1.0590311825848207,0.0,0.0,0.0,21,13,0.0,0
statsbomb,1,43,2,2018,124,29,785,,120.0,0,0,0,0.0,0.0,0.0,0.0,0.0,0.0,0.0,0.0,0.0,0.0,0.0,0.0,0,0,0.0,0
statsbomb,1,43,2,2018,124,29,785,3444,120.0,88,3,27,22.5,63.1578947368421,0.0,0.0,0.0,2.25,0.0,0.0,9.0,0.0,0.0,0.0,4,3,0.0,0
statsbomb,1,43,2,2018,124,29,785,3471,120.0,229,6,34,30.0,84.78260869565217,0.0,0.0,3.0,3.0,0.0,0.75,4.5,0.00991792,0.0,0.00743844,20,17,0.0,2
statsbomb,1,43,2,2018,124,29,785,5456,35.916666666666664,42,1,2,7.51740139211137,80.0,0.0,0.047619047619047616,25.05800464037123,5.011600928074246,0.0,0.0,10.023201856148493,0.7835,0.0,1.963294663573086,7,2,0.0,3
statsbomb,1,43,2,2018,124,29,785,5457,73.98333333333333,130,4,14,21.896823608920926,86.27450980392157,100.0,0.007692307692307693,7.2989412029736425,1.216490200495607,0.0,0.0,3.6494706014868212,0.0,0.0,0.0,14,7,0.0,3
statsbomb,1,43,2,2018,124,29,785,5460,87.98333333333333,110,4,7,11.252131085432847,75.75757575757575,100.0,0.02727272727272727,9.206289069899602,5.114605038833112,0.0,1.0229210077666224,6.137526046599735,0.379152426,0.0,0.3878429817010797,14,1,0.0,3
statsbomb,1,43,2,2018,124,29,785,5461,95.96666666666667,202,4,22,24.38346648141716,76.31578947368422,0.0,0.009900990099009901,6.56477943730462,3.75130253560264,0.93782563390066,2.81347690170198,3.75130253560264,0.015816402,0.0,0.014833027231677667,31,6,0.0,1
statsbomb,1,43,2,2018,124,29,785,5463,120.0,306,15,38,39.75,82.72727272727273,83.33333333333334,0.00980392156862745,6.75,9.75,0.75,0.0,8.25,0.901351339,0.0,0.67601350425,59,28,0.0,3
statsbomb,1,43,2,2018,124,29,785,5465,115.98333333333333,105,1,8,6.983762034775111,37.5,80.0,0.0380952380952381,13.967524069550223,1.5519471188389136,0.0,0.0,0.7759735594194568,0.303038277,0.0,0.2351496904440293,22,4,0.0,6
statsbomb,1,43,2,2018,124,29,785,5468,120.0,189,3,23,19.5,82.89473684210526,0.0,0.0,9.0,0.75,0.0,0.75,0.75,0.89217819,0.0,0.6691336425,10,6,0.0,1
statsbomb,1,43,2,2018,124,29,785,5469,58.983333333333334,140,2,14,24.413676179711782,84.7457627118644,0.0,0.007142857142857143,13.732692851087878,4.577564283695959,1.5258547612319864,0.0,4.577564283695959,0.7835,0.0,1.1955072054252613,11,7,0.0,2
statsbomb,1,43,2,2018,124,29,785,5470,120.0,221,9,28,27.75,86.36363636363636,100.0,0.00904977375565611,12.75,5.25,0.0,0.75,5.25,0.8289810519999999,0.0,0.6217357889999999,28,17,0.0,1
statsbomb,1,43,2,2018,124,29,785,5472,120.0,117,1,7,6.0,63.1578947368421,0.0,0.02564102564102564,8.25,0.75,0.0,0.0,3.0,0.2387839,0.0,0.17908792499999998,19,4,0.0,3
statsbomb,1,43,2,2018,124,29,785,5474,59.88333333333333,68,3,3,9.017534094071806,75.0,0.0,0.014705882352941176,12.023378792095741,3.0058446980239353,0.0,0.0,1.5029223490119676,0.42909879,0.0,0.644902161424993,9,4,0.0,0
statsbomb,1,43,2,2018,124,29,785,5739,24.916666666666668,26,0,1,3.612040133779264,100.0,0.0,0.0,0.0,0.0,0.0,0.0,0.0,0.0,0.0,0.0,0,0,0.0,0
statsbomb,1,43,2,2018,124,29,785,6308,45.96666666666667,110,5,15,39.15881073241479,77.77777777777779,100.0,0.0,5.873821609862219,1.9579405366207396,0.0,0.0,1.9579405366207396,0.0,0.0,0.0,21,7,0.0,2
statsbomb,1,43,2,2018,124,33,796,,120.0,0,0,0,0.0,0.0,0.0,0.0,0.0,0.0,0.0,0.0,0.0,0.0,0.0,0.0,0,0,0.0,0
statsbomb,1,43,2,2018,124,33,796,5170,120.0,127,3,24,20.25,69.0909090909091,100.0,0.03937007874015748,12.0,1.5,0.0,0.0,4.5,1.02484423,0.0,0.7686331725,26,11,0.0,1
statsbomb,1,43,2,2018,124,33,796,5171,120.0,98,5,10,11.25,65.11627906976744,0.0,0.04081632653061224,12.0,2.25,0.0,6.0,5.25,0.029163998,0.0,0.0218729985,12,8,0.0,1
statsbomb,1,43,2,2018,124,33,796,5172,120.0,52,4,29,24.75,36.666666666666664,0.0,0.0,0.0,2.25,0.0,0.0,4.5,0.0,0.0,0.0,18,17,0.0,0
statsbomb,1,43,2,2018,124,33,796,5174,120.0,96,1,25,19.5,79.06976744186046,0.0,0.0,0.75,1.5,0.75,0.0,1.5,0.797260027,0.0,0.59794502025,11,9,0.0,1
statsbomb,1,43,2,2018,124,33,796,5175,110.95,86,2,22,19.46822893195133,72.5,0.0,0.0,2.4335286164939163,3.2447048219918884,0.0,0.0,1.6223524109959442,0.16742577,0.0,0.13581180081117622,13,13,0.0,1
statsbomb,1,43,2,2018,124,33,796,5177,101.98333333333333,78,1,10,9.707468540611211,57.14285714285714,0.0,0.038461538461538464,29.122405621833636,3.5299885602222587,0.0,0.0,5.294982840333388,0.0,0.0,0.0,10,3,0.0,5
statsbomb,1,43,2,2018,124,33,796,5179,120.0,85,5,10,11.25,78.78787878787878,100.0,0.03529411764705882,21.0,3.0,0.0,0.0,5.25,0.819957207,0.0,0.61496790525,15,6,0.0,2
statsbomb,1,43,2,2018,124,33,796,5180,20.933333333333334,25,0,3,12.898089171974522,54.54545454545454,0.0,0.0,30.095541401273884,0.0,0.0,0.0,0.0,0.7835,0.0,3.3685509554140123,8,0,0.0,0
statsbomb,1,43,2,2018,124,33,796,5181,40.93333333333333,42,1,4,10.993485342019545,81.25,0.0,0.0,28.583061889250814,0.0,0.0,0.0,2.198697068403909,0.0,0.0,0.0,3,3,0.0,1
statsbomb,1,43,2,2018,124,33,796,5182,53.916666666666664,39,1,2,5.0077279752704795,54.54545454545454,50.0,0.07692307692307693,25.0386398763524,1.6692426584234932,0.0,1.6692426584234932,1.6692426584234932,0.0,0.0,0.0,4,2,0.0,1
statsbomb,1,43,2,2018,124,33,796,5186,65.96666666666667,55,4,10,19.10055583628095,47.368421052631575,50.0,0.01818181818181818,21.829206670035372,5.457301667508843,1.3643254168772108,0.0,2.7286508337544215,0.183741393,0.0,0.25068305260232443,12,9,0.0,0
statsbomb,1,43,2,2018,124,33,796,5194,54.983333333333334,65,0,1,1.6368596544407397,71.42857142857143,100.0,0.0,18.005456198848137,0.0,0.0,0.0,1.6368596544407397,0.788561581,0.0,1.2907646369809034,8,0,0.0,2
statsbomb,1,43,2,2018,124,33,796,5195,78.96666666666667,83,2,7,10.257492612916842,76.47058823529412,0.0,0.060240963855421686,21.654706627268887,2.2794428028704092,0.0,0.0,4.5588856057408185,0.112185091,0.0,0.12785974913465595,13,3,0.0,0
statsbomb,1,43,2,2018,124,33,796,5677,116.96666666666667,76,3,20,17.6973496722713,71.42857142857143,0.0,0.0,6.925049871758335,2.3083499572527786,0.0,0.0,3.0777999430037046,0.0,0.0,0.0,12,6,0.0,1
statsbomb,1,43,2,2018,124,33,796,6354,64.93333333333334,49,0,4,5.544147843942505,40.0,0.0,0.02040816326530612,19.404517453798768,0.0,0.0,0.0,1.3860369609856262,0.281799825,0.0,0.3905849730492813,10,1,0.0,1
statsbomb,1,43,2,2018,125,19,771,,96.95,0,0,0,0.0,0.0,0.0,0.0,0.0,0.0,0.0,0.0,0.0,0.0,0.0,0.0,0,0,0.0,0
statsbomb,1,43,2,2018,125,19,771,20004,96.98333333333333,91,2,9,10.207939508506616,90.625,100.0,0.01098901098901099,13.919917511599932,1.8559890015466576,0.0,0.0,0.9279945007733288,0.06375324,0.0,0.05916265612648222,14,5,0.0,1
statsbomb,1,43,2,2018,125,19,771,3009,94.98333333333333,124,8,8,15.160554483242674,75.75757575757575,33.33333333333333,0.07258064516129033,7.580277241621337,8.527811896824003,0.0,0.0,1.8950693104053342,0.0,0.0,0.0,19,6,0.0,2
statsbomb,1,43,2,2018,125,19,771,3099,83.98333333333333,26,1,14,16.07461797975789,43.75,0.0,0.0,0.0,1.0716411986505259,0.0,0.0,2.1432823973010517,0.0,0.0,0.0,5,5,0.0,0
statsbomb,1,43,2,2018,125,19,771,3604,82.98333333333333,70,1,2,3.2536653946575615,64.70588235294117,0.0,0.08571428571428572,16.26832697328781,0.0,0.0,1.0845551315525206,4.338220526210082,0.9143663920000001,0.0,0.9916807625627637,4,1,0.0,5
statsbomb,1,43,2,2018,125,19,771,3961,91.98333333333333,107,3,9,11.741257474180106,91.11111111111111,0.0,0.0,19.56876245696684,0.9784381228483421,0.0,1.9568762456966842,2.9353143685450265,0.0,0.0,0.0,10,6,0.0,1
statsbomb,1,43,2,2018,125,19,771,4375,85.98333333333333,71,1,1,2.093428959100601,91.30434782608695,0.0,0.056338028169014086,20.93428959100601,1.0467144795503005,1.0467144795503005,2.093428959100601,5.2335723977515025,0.184460212,0.0,0.1930771748013181,7,0,0.0,2
statsbomb,1,43,2,2018,125,19,771,5476,95.98333333333333,130,6,16,20.62858135092898,92.3076923076923,0.0,0.007692307692307693,10.31429067546449,2.81298836603577,0.0,0.93766278867859,3.75065115471436,0.07446188,0.0,0.06982013405105052,16,7,0.0,1
statsbomb,1,43,2,2018,125,19,771,5480,9.833333333333334,9,0,1,9.152542372881355,100.0,0.0,0.0,27.457627118644062,0.0,0.0,0.0,0.0,0.15595363,0.0,1.4273722067796608,2,1,0.0,1
statsbomb,1,43,2,2018,125,19,771,5484,90.98333333333333,85,5,11,15.827074555779447,73.52941176470588,0.0,0.0,13.848690236307016,3.9567686389448617,0.0,0.9891921597362154,3.9567686389448617,0.0,0.0,0.0,15,7,0.0,1
statsbomb,1,43,2,2018,125,19,771,5485,94.98333333333333,96,4,17,19.89822775925601,89.74358974358975,0.0,0.0,5.685207931216002,2.842603965608001,0.0,0.0,2.842603965608001,0.0,0.0,0.0,5,4,0.0,2
statsbomb,1,43,2,2018,125,19,771,5487,95.98333333333333,109,4,9,12.18961625282167,86.8421052631579,0.0,0.009174311926605505,30.94287202639347,4.68831394339295,0.0,0.93766278867859,4.68831394339295,0.20842411,0.0,0.1954315322104532,24,5,0.0,3
statsbomb,1,43,2,2018,125,19,771,5492,74.96666666666667,81,3,16,22.810137839039573,88.57142857142857,0.0,0.0,4.802134281903068,2.401067140951534,0.0,0.0,2.401067140951534,0.0802673,0.0,0.09636358826144953,4,4,0.0,2
statsbomb,1,43,2,2018,125,19,771,5737,9.25,2,0,0,0.0,100.0,0.0,0.0,0.0,0.0,0.0,0.0,0.0,0.0,0.0,0.0,0,0,0.0,0
statsbomb,1,43,2,2018,125,22,782,,96.96666666666667,0,0,0,0.0,0.0,0.0,0.0,0.0,0.0,0.0,0.0,0.0,0.0,0.0,0.0,0,0,0.0,0
statsbomb,1,43,2,2018,125,22,782,20005,94.98333333333333,301,20,39,55.90454465695736,92.98245614035088,0.0,0.0,2.842603965608001,12.317950517634673,0.0,0.9475346552026671,2.842603965608001,0.110159953,0.0,0.10438037308299702,37,31,0.0,0
statsbomb,1,43,2,2018,125,22,782,3037,59.983333333333334,75,1,6,10.502917477076965,89.28571428571429,0.0,0.02666666666666667,19.505418171714364,3.000833564879133,0.0,0.0,0.0,0.0,0.0,0.0,7,5,0.0,2
statsbomb,1,43,2,2018,125,22,782,3077,94.98333333333333,137,4,15,18.003158448850677,89.0909090909091,0.0,0.0,7.580277241621337,2.842603965608001,0.0,0.0,2.842603965608001,0.0,0.0,0.0,7,3,0.0,0
statsbomb,1,43,2,2018,125,22,782,3089,94.98333333333333,171,5,27,30.321108966485347,68.33333333333333,50.0,0.023391812865497075,15.160554483242674,3.7901386208106684,0.9475346552026671,1.8950693104053342,9.475346552026672,0.112280763,0.0,0.10638991405509739,32,12,0.0,4
statsbomb,1,43,2,2018,125,22,782,3101,90.98333333333333,256,11,31,41.54607070892105,96.84210526315789,0.0,0.0,0.9891921597362154,11.870305916834585,0.0,0.0,1.9783843194724309,0.0,0.0,0.0,10,7,0.0,0
statsbomb,1,43,2,2018,125,22,782,3289,91.98333333333333,63,0,1,0.9784381228483421,88.88888888888889,0.0,0.031746031746031744,4.89219061424171,0.0,0.0,0.0,0.0,0.1676629,0.0,0.16404777314730928,7,0,0.0,1
statsbomb,1,43,2,2018,125,22,782,3296,79.98333333333333,77,0,3,3.375703271514899,92.85714285714286,0.0,0.025974025974025976,11.252344238382996,0.0,0.0,0.0,2.2504688476765993,0.12076645,0.0,0.1358905667847468,7,1,0.0,1
statsbomb,1,43,2,2018,125,22,782,3457,1.0666666666666667,2,0,0,0.0,0.0,0.0,0.0,0.0,0.0,0.0,0.0,0.0,0.0,0.0,0.0,0,0,0.0,0
statsbomb,1,43,2,2018,125,22,782,3509,84.91666666666667,28,0,8,8.478900883218841,78.57142857142857,0.0,0.0,0.0,0.0,0.0,0.0,3.1795878312070656,0.0,0.0,0.0,2,1,0.0,0
statsbomb,1,43,2,2018,125,22,782,3621,94.98333333333333,188,11,16,25.58343569047201,94.0,87.5,0.02127659574468085,14.213019828040007,11.370415862432004,0.9475346552026671,0.0,0.9475346552026671,0.038098143,0.0,0.036099310791366905,40,19,0.0,1
statsbomb,1,43,2,2018,125,22,782,4831,88.98333333333333,215,2,6,8.091402884435288,82.5,50.0,0.027906976744186046,10.11425360554411,4.045701442217644,1.011425360554411,1.011425360554411,3.034276081663233,0.0,0.0,0.0,33,0,0.0,1
statsbomb,1,43,2,2018,125,22,782,5630,29.966666666666665,52,0,1,3.003337041156841,68.42105263157895,0.0,0.019230769230769232,6.006674082313682,0.0,0.0,3.003337041156841,0.0,0.0,0.0,0.0,13,0,0.0,0
statsbomb,1,43,2,2018,125,22,782,5633,17.95,12,1,0,5.013927576601671,100.0,0.0,0.0,10.027855153203342,10.027855153203342,0.0,0.0,5.013927576601671,0.0,0.0,0.0,1,0,0.0,0
statsbomb,1,43,2,2018,125,22,782,5642,94.96666666666667,155,3,12,14.215514215514215,98.27586206896551,0.0,0.0,11.372411372411372,2.843102843102843,0.0,0.0,4.738504738504739,0.017900085,0.0,0.01696392751842752,13,8,0.0,2
statsbomb,1,43,2,2018,126,13,768,,120.0,0,0,0,0.0,0.0,0.0,0.0,0.0,0.0,0.0,0.0,0.0,0.0,0.0,0.0,0,0,0.0,0
statsbomb,1,43,2,2018,126,13,768,10955,120.0,109,4,16,15.0,54.54545454545454,0.0,0.009174311926605505,24.75,2.25,0.0,0.75,4.5,0.066172027,0.0,0.049629020249999996,28,11,0.0,4
statsbomb,1,43,2,2018,126,13,768,10956,24.9,50,0,7,25.30120481927711,95.23809523809523,0.0,0.0,18.072289156626507,0.0,0.0,0.0,0.0,0.020738635,0.0,0.07495892168674699,2,2,0.0,0
statsbomb,1,43,2,2018,126,13,768,10960,10.333333333333334,5,0,0,0.0,0.0,0.0,0.0,0.0,0.0,0.0,0.0,0.0,0.0,0.0,0.0,1,0,0.0,0
statsbomb,1,43,2,2018,126,13,768,3094,120.0,125,4,14,13.5,76.08695652173914,50.0,0.024,41.25,2.25,0.0,0.75,4.5,0.0,0.0,0.0,20,10,0.0,6
statsbomb,1,43,2,2018,126,13,768,3205,111.98333333333333,151,4,24,22.50334871260604,87.3015873015873,0.0,0.0,12.055365381753237,4.0184551272510785,0.0,0.8036910254502158,6.429528203601726,0.0,0.0,0.0,9,8,0.0,1
statsbomb,1,43,2,2018,126,13,768,3233,73.98333333333333,54,2,2,4.865960801982428,81.81818181818183,100.0,0.037037037037037035,18.247353007434107,2.432980400991214,0.0,0.0,2.432980400991214,0.044552676,0.0,0.05419789375985582,8,2,0.0,2
statsbomb,1,43,2,2018,126,13,768,3244,120.0,130,3,13,12.0,92.0,0.0,0.015384615384615385,6.0,2.25,0.0,0.0,3.0,0.06443832,0.0,0.048328739999999995,5,3,0.0,1
statsbomb,1,43,2,2018,126,13,768,3293,120.0,128,4,4,6.0,92.10526315789474,0.0,0.0625,44.25,2.25,0.0,0.0,2.25,0.162828876,0.0,0.12212165700000001,11,3,0.0,8
statsbomb,1,43,2,2018,126,13,768,3308,120.0,130,2,22,18.0,67.79661016949152,100.0,0.007692307692307693,31.5,2.25,0.0,0.75,3.0,0.087601066,0.0,0.0657007995,30,11,0.0,4
statsbomb,1,43,2,2018,126,13,768,3318,51.983333333333334,73,7,3,17.313241423533185,56.25,60.0,0.0958904109589041,29.432510420006412,10.38794485411991,0.0,0.0,5.193972427059955,0.0,0.0,0.0,13,2,0.0,0
statsbomb,1,43,2,2018,126,13,768,3336,120.0,132,4,19,17.25,88.67924528301887,100.0,0.007575757575757576,2.25,2.25,0.0,0.75,3.75,0.06737803,0.0,0.050533522500000004,15,8,0.0,1
statsbomb,1,43,2,2018,126,13,768,3468,120.0,100,1,43,33.0,52.94117647058824,0.0,0.0,0.0,0.0,0.0,0.0,3.0,0.0,0.0,0.0,18,17,0.0,0
statsbomb,1,43,2,2018,126,13,768,3532,96.98333333333333,114,2,22,22.271868018559893,73.46938775510205,0.0,0.0,47.32771953943977,0.9279945007733288,0.0,0.0,4.639972503866644,0.03295447,0.0,0.03058156693589964,16,12,0.0,4
statsbomb,1,43,2,2018,126,13,768,3594,31.95,33,1,2,8.450704225352114,73.33333333333333,100.0,0.0,14.084507042253522,8.450704225352114,0.0,0.0,2.8169014084507045,0.0,0.0,0.0,7,1,0.0,0
statsbomb,1,43,2,2018,126,13,768,3612,88.98333333333333,60,2,11,13.148529687207343,70.96774193548387,0.0,0.0,18.205656489979397,2.022850721108822,0.0,0.0,5.057126802772055,0.0,0.0,0.0,8,2,0.0,1
statsbomb,1,43,2,2018,126,29,785,,120.0,0,0,0,0.0,0.0,0.0,0.0,0.0,0.0,0.0,0.0,0.0,0.0,0.0,0.0,0,0,0.0,0
statsbomb,1,43,2,2018,126,29,785,3444,117.95,68,1,29,22.891055532005087,81.08108108108108,0.0,0.0,0.0,1.5260703688003392,0.0,0.0,6.104281475201357,0.0,0.0,0.0,4,2,0.0,0
statsbomb,1,43,2,2018,126,29,785,3471,120.0,120,3,20,17.25,88.88888888888889,0.0,0.008333333333333333,5.25,0.75,0.0,0.0,1.5,0.006736835,0.0,0.00505262625,7,3,0.0,1
statsbomb,1,43,2,2018,126,29,785,5457,93.98333333333333,177,13,19,30.643731158006737,69.01408450704226,0.0,0.0,7.660932789501684,9.576165986877106,0.0,0.0,6.703316190813974,0.0,0.0,0.0,34,9,0.0,1
statsbomb,1,43,2,2018,126,29,785,5460,21.966666666666665,41,2,1,12.291350531107739,100.0,0.0,0.0,8.19423368740516,4.09711684370258,0.0,0.0,4.09711684370258,0.211543753,0.0,0.8667194735963581,8,2,0.0,0
statsbomb,1,43,2,2018,126,29,785,5461,109.98333333333333,204,10,26,29.4590089407486,72.36842105263158,100.0,0.004901960784313725,2.45491741172905,7.36475223518715,0.0,0.0,2.45491741172905,0.014083298,0.0,0.011524444491589635,33,12,0.0,1
statsbomb,1,43,2,2018,126,29,785,5463,114.98333333333333,206,3,25,21.916219741991593,83.33333333333334,0.0,0.009708737864077669,13.306276271923467,7.044499202783013,0.0,0.7827221336425569,5.479054935497898,0.0,0.0,0.0,39,16,0.0,1
statsbomb,1,43,2,2018,126,29,785,5465,94.98333333333333,110,2,5,6.6327425864186695,38.46153846153847,100.0,0.01818181818181818,16.10808913844534,1.8950693104053342,0.9475346552026671,0.0,4.737673276013336,0.447579021,0.0,0.4240966333391823,18,3,0.0,1
statsbomb,1,43,2,2018,126,29,785,5468,120.0,93,0,21,15.75,82.6086956521739,0.0,0.0,5.25,1.5,0.0,2.25,1.5,0.0,0.0,0.0,3,2,0.0,1
statsbomb,1,43,2,2018,126,29,785,5469,120.0,224,5,34,29.25,85.88235294117646,0.0,0.004464285714285714,18.75,2.25,0.0,0.75,1.5,0.102204031,0.0,0.07665302325000001,27,10,0.0,1
statsbomb,1,43,2,2018,126,29,785,5470,120.0,219,7,31,28.5,80.0,0.0,0.0136986301369863,18.75,5.25,0.75,0.0,6.75,0.030502638,0.0,0.0228769785,41,17,0.0,3
statsbomb,1,43,2,2018,126,29,785,5472,114.98333333333333,87,0,8,6.2617770691404555,65.38461538461539,0.0,0.022988505747126436,25.82983041020438,0.0,0.7827221336425569,0.0,1.5654442672851139,0.738664365,0.0,0.5781689478185245,14,5,0.0,3
statsbomb,1,43,2,2018,126,29,785,5474,120.0,144,6,14,15.0,61.36363636363637,100.0,0.006944444444444444,20.25,5.25,0.75,0.0,3.75,0.5900054925,0.0,0.442504119375,25,7,0.0,0
statsbomb,1,43,2,2018,126,29,785,5739,7.616666666666666,8,0,2,23.63238512035011,33.33333333333333,100.0,0.0,11.816192560175056,0.0,0.0,0.0,0.0,0.0,0.0,0.0,0,0,0.0,0
statsbomb,1,43,2,2018,126,29,785,6305,4.683333333333334,0,0,0,0.0,0.0,0.0,0.0,57.65124555160142,0.0,0.0,19.217081850533805,0.0,0.0,0.0,0.0,0,0,0.0,0
statsbomb,1,43,2,2018,126,29,785,6308,28.966666666666665,46,4,1,15.535097813578826,64.70588235294117,100.0,0.0,6.214039125431531,6.214039125431531,0.0,0.0,6.214039125431531,0.0,0.0,0.0,9,1,0.0,1
statsbomb,1,43,2,2018,127,13,768,,93.9,0,0,0,0.0,0.0,0.0,0.0,0.0,0.0,0.0,0.0,0.0,0.0,0.0,0.0,0,0,0.0,0
statsbomb,1,43,2,2018,127,13,768,10955,92.98333333333333,84,2,3,4.839576985122782,100.0,0.0,0.0,34.844954292884026,0.0,0.0,0.0,0.9679153970245563,0.12335713000000001,0.0,0.11939926545975982,12,4,0.0,3
statsbomb,1,43,2,2018,127,13,768,10956,91.98333333333333,254,3,19,21.525638702663525,96.34146341463415,33.33333333333333,0.007874015748031496,32.28845805399529,4.89219061424171,0.9784381228483421,0.9784381228483421,0.9784381228483421,0.588896466,0.0,0.5761987527450625,16,8,0.0,3
statsbomb,1,43,2,2018,127,13,768,3094,7.766666666666667,18,1,2,34.76394849785408,83.33333333333334,0.0,0.0,69.52789699570816,11.587982832618026,0.0,0.0,0.0,0.0,0.0,0.0,3,2,0.0,2
statsbomb,1,43,2,2018,127,13,768,3233,46.983333333333334,109,6,4,19.155728981908478,92.0,57.14285714285714,0.05504587155963303,19.155728981908478,5.746718694572543,0.0,0.0,0.0,0.081038797,0.0,0.15523572323518978,12,7,0.0,1
statsbomb,1,43,2,2018,127,13,768,3244,90.98333333333333,240,4,24,27.697380472614032,94.3820224719101,0.0,0.0,16.816266715515663,6.924345118153508,0.9891921597362154,1.9783843194724309,6.924345118153508,0.0,0.0,0.0,10,9,0.0,2
statsbomb,1,43,2,2018,127,13,768,3293,47.983333333333334,112,3,2,9.3782563390066,87.17948717948718,0.0,0.0,35.63737408822508,5.62695380340396,0.0,1.87565126780132,3.75130253560264,0.062232984,0.0,0.11672737533865926,25,1,0.0,2
statsbomb,1,43,2,2018,127,13,768,3308,91.98333333333333,256,2,27,28.37470556260192,81.81818181818183,0.0,0.0,32.28845805399529,2.9353143685450265,0.0,0.9784381228483421,1.9568762456966842,0.0,0.0,0.0,52,10,0.0,8
statsbomb,1,43,2,2018,127,13,768,3314,90.98333333333333,189,3,13,15.827074555779447,90.14084507042254,0.0,0.0,18.794651034988092,1.9783843194724309,0.0,1.9783843194724309,3.9567686389448617,0.0,0.0,0.0,16,6,0.0,2
statsbomb,1,43,2,2018,127,13,768,3318,44.983333333333334,89,3,2,10.003705075954057,87.5,100.0,0.02247191011235955,22.008151167098926,10.003705075954057,0.0,0.0,4.001482030381623,0.025575599,0.0,0.051170149907373105,19,4,0.0,4
statsbomb,1,43,2,2018,127,13,768,3336,90.96666666666667,177,7,15,21.766214730670576,96.66666666666667,0.0,0.005649717514124294,17.808721143275925,8.904360571637962,0.0,1.978746793697325,0.9893733968486625,0.263519773,0.0,0.2607194529497985,16,8,0.0,5
statsbomb,1,43,2,2018,127,13,768,3468,90.88333333333334,45,0,8,7.922244635980194,72.22222222222221,0.0,0.0,0.0,0.0,0.0,0.0,3.961122317990097,0.0,0.0,0.0,0,0,0.0,0
statsbomb,1,43,2,2018,127,13,768,3504,83.98333333333333,168,11,5,17.146259178408414,85.71428571428571,75.0,0.017857142857142856,32.14923595951578,10.716411986505259,0.0,0.0,2.1432823973010517,0.15455301,0.0,0.16562537289144671,31,7,0.0,3
statsbomb,1,43,2,2018,127,13,768,3594,45.96666666666667,73,2,5,13.705583756345177,92.3076923076923,100.0,0.0,23.495286439448876,5.873821609862219,1.9579405366207396,1.9579405366207396,7.8317621464829585,0.0,0.0,0.0,6,3,0.0,2
statsbomb,1,43,2,2018,127,13,768,4597,91.98333333333333,232,4,12,15.655009965573473,93.67088607594937,100.0,0.0,29.353143685450263,3.9137524913933683,0.0,2.9353143685450265,3.9137524913933683,0.036182866,0.0,0.0354026954883131,26,7,0.0,2
statsbomb,1,43,2,2018,127,22,782,,93.95,0,0,0,0.0,0.0,0.0,0.0,0.0,0.0,0.0,0.0,0.0,0.0,0.0,0.0,0,0,0.0,0
statsbomb,1,43,2,2018,127,22,782,20005,91.98333333333333,171,8,21,28.37470556260192,90.32258064516128,0.0,0.0,6.849066859938395,6.849066859938395,0.0,0.9784381228483421,2.9353143685450265,0.12817407,0.0,0.125410396448632,11,7,0.0,0
statsbomb,1,43,2,2018,127,22,782,2954,77.98333333333333,140,3,7,11.5409275486215,89.13043478260869,100.0,0.0,41.5473391750374,3.46227826458645,3.46227826458645,2.3081855097243,3.46227826458645,0.076352338,0.0,0.08811768010258603,18,4,0.0,1
statsbomb,1,43,2,2018,127,22,782,3037,11.933333333333334,23,0,0,0.0,100.0,0.0,0.0,60.33519553072625,0.0,7.541899441340782,0.0,0.0,0.0,0.0,0.0,0,0,0.0,1
statsbomb,1,43,2,2018,127,22,782,3077,92.98333333333333,131,1,15,15.486646352392901,85.71428571428571,100.0,0.0,33.87703889585947,1.9358307940491126,0.0,0.9679153970245563,3.8716615880982252,0.0,0.0,0.0,12,3,0.0,2
statsbomb,1,43,2,2018,127,22,782,3089,92.98333333333333,204,11,20,30.005377307761247,84.375,66.66666666666666,0.014705882352941176,29.03746191073669,8.711238573221006,0.9679153970245563,0.0,4.839576985122782,0.111022568,0.0,0.1074604529844058,36,13,0.0,3
statsbomb,1,43,2,2018,127,22,782,3101,91.88333333333334,107,5,14,18.61055686559042,92.3076923076923,0.0,0.0,9.795029929258117,3.9180119717032467,0.0,0.9795029929258117,1.9590059858516233,0.0,0.0,0.0,5,1,0.0,2
statsbomb,1,43,2,2018,127,22,782,3176,91.96666666666667,105,5,6,10.76476984414643,76.31578947368422,100.0,0.0,17.615077926785066,5.871692642261689,0.0,1.9572308807538963,1.9572308807538963,0.36870658999999995,0.0,0.3608219619427328,16,6,0.0,1
statsbomb,1,43,2,2018,127,22,782,3289,59.96666666666667,59,2,2,6.003335186214564,72.72727272727273,0.0,0.05084745762711865,22.512506948304612,4.502501389660923,0.0,0.0,1.500833796553641,0.08785192,0.0,0.13185113062812673,5,2,0.0,1
statsbomb,1,43,2,2018,127,22,782,3509,90.98333333333333,67,2,17,18.794651034988092,78.57142857142857,0.0,0.0,0.0,4.945960798681077,0.0,0.0,7.9135372778897235,0.0,0.0,0.0,3,3,0.0,0
statsbomb,1,43,2,2018,127,22,782,3621,91.98333333333333,206,14,9,22.504076825511866,75.86206896551724,54.54545454545454,0.02912621359223301,19.56876245696684,13.69813371987679,0.0,0.0,4.89219061424171,0.440466064,0.0,0.4309687888385577,41,13,0.0,2
statsbomb,1,43,2,2018,127,22,782,4831,37.93333333333333,34,1,2,7.117750439367312,100.0,0.0,0.029411764705882353,42.70650263620387,2.372583479789104,0.0,0.0,0.0,0.0,0.0,0.0,6,0,0.0,0
statsbomb,1,43,2,2018,127,22,782,5630,31.983333333333334,40,0,1,2.8139656070870243,92.85714285714286,0.0,0.0,36.58155289213131,0.0,0.0,0.0,0.0,0.10808491,0.0,0.3041472193850964,4,0,0.0,1
statsbomb,1,43,2,2018,127,22,782,5642,93.98333333333333,154,7,12,18.1947153750665,98.0392156862745,66.66666666666666,0.006493506493506494,33.516580954069866,5.745699592126263,0.0,0.9576165986877105,3.830466394750842,0.0,0.0,0.0,11,9,0.0,2
statsbomb,1,43,2,2018,127,22,782,6332,53.983333333333334,45,0,12,20.00617474529176,83.33333333333334,0.0,0.022222222222222223,23.340537202840384,0.0,0.0,1.667181228774313,3.334362457548626,0.0,0.0,0.0,0,0,0.0,1
statsbomb,1,43,2,2018,128,19,771,,95.98333333333333,0,0,0,0.0,0.0,0.0,0.0,0.0,0.0,0.0,0.0,0.0,0.0,0.0,0.0,0,0,0.0,0
statsbomb,1,43,2,2018,128,19,771,20004,93.98333333333333,99,1,15,15.321865579003369,85.29411764705883,100.0,0.010101010101010102,19.15233197375421,1.915233197375421,0.9576165986877105,1.915233197375421,5.745699592126263,0.138514984,0.0,0.13264424784536266,10,8,0.0,2
statsbomb,1,43,2,2018,128,19,771,2948,12.75,21,1,4,35.294117647058826,25.0,100.0,0.0,35.294117647058826,0.0,0.0,0.0,7.0588235294117645,0.009616094,0.0,0.06787831058823529,4,4,0.0,1
statsbomb,1,43,2,2018,128,19,771,3009,93.95,73,6,2,7.663650878126663,56.25,50.0,0.0958904109589041,5.747738158594997,5.747738158594997,0.9579563597658328,0.0,4.789781798829164,0.06342211,0.0,0.06075561362426823,8,3,0.0,1
statsbomb,1,43,2,2018,128,19,771,3099,94.95,47,3,25,26.540284360189574,66.66666666666666,0.0,0.02127659574468085,0.0,1.8957345971563981,0.0,0.0,3.7914691943127963,0.0,0.0,0.0,7,7,0.0,0
statsbomb,1,43,2,2018,128,19,771,3604,80.95,64,0,1,1.1117974058060531,60.86956521739131,0.0,0.09375,21.12415071031501,1.1117974058060531,1.1117974058060531,0.0,2.2235948116121063,0.06951273,0.0,0.0772840728844966,7,1,0.0,2
statsbomb,1,43,2,2018,128,19,771,3961,54.983333333333334,36,1,2,4.910578963322219,63.63636363636363,0.0,0.027777777777777776,31.100333434374054,1.6368596544407397,0.0,1.6368596544407397,4.910578963322219,0.0,0.0,0.0,1,1,0.0,4
statsbomb,1,43,2,2018,128,19,771,4375,72.96666666666667,60,1,3,4.933759707629054,75.0,0.0,0.0,29.602558245774325,2.466879853814527,1.2334399269072636,1.2334399269072636,4.933759707629054,0.0,0.0,0.0,4,4,0.0,2
statsbomb,1,43,2,2018,128,19,771,5476,93.96666666666667,58,0,12,11.493437389145086,67.85714285714286,0.0,0.0,5.746718694572543,0.9577864490954239,0.9577864490954239,0.9577864490954239,2.8733593472862715,0.0,0.0,0.0,11,6,0.0,1
statsbomb,1,43,2,2018,128,19,771,5480,19.866666666666667,11,2,3,22.651006711409394,60.0,0.0,0.0,27.181208053691275,0.0,0.0,0.0,0.0,0.0,0.0,0.0,4,4,0.0,0
statsbomb,1,43,2,2018,128,19,771,5484,89.95,68,3,18,21.011673151750973,68.75,50.0,0.014705882352941176,11.006114508060033,2.001111728738188,0.0,3.001667593107282,2.001111728738188,0.0,0.0,0.0,11,9,0.0,1
statsbomb,1,43,2,2018,128,19,771,5485,94.93333333333334,53,1,9,9.480337078651685,79.16666666666666,0.0,0.0,0.9480337078651685,0.0,0.0,1.896067415730337,3.792134831460674,0.0,0.0,0.0,4,3,0.0,0
statsbomb,1,43,2,2018,128,19,771,5487,91.96666666666667,89,3,4,6.850308082638637,70.37037037037037,50.0,0.06741573033707865,30.337078651685392,2.9358463211308443,0.0,0.0,5.871692642261689,0.81689769,0.0,0.7994286926422617,11,3,0.0,3
statsbomb,1,43,2,2018,128,19,771,5492,89.93333333333334,54,2,7,9.006671608598962,81.81818181818183,0.0,0.0,7.005189028910303,2.001482579688658,0.0,1.000741289844329,3.0022238695329873,0.0,0.0,0.0,1,1,0.0,2
statsbomb,1,43,2,2018,128,19,771,5737,38.9,39,0,5,11.568123393316196,93.33333333333333,0.0,0.0,4.627249357326479,0.0,0.0,0.0,0.0,0.0,0.0,0.0,4,3,0.0,0
statsbomb,1,43,2,2018,128,29,785,,95.98333333333333,0,0,0,0.0,0.0,0.0,0.0,0.0,0.0,0.0,0.0,0.0,0.0,0.0,0.0,0,0,0.0,0
statsbomb,1,43,2,2018,128,29,785,3444,92.96666666666667,26,0,9,8.712800286841162,80.0,0.0,0.0,0.0,0.0,0.0,0.0,3.8723556830405164,0.0,0.0,0.0,0,0,0.0,0
statsbomb,1,43,2,2018,128,29,785,3471,93.98333333333333,163,6,22,26.813264763255894,85.9375,0.0,0.006134969325153374,4.788082993438553,4.788082993438553,0.0,0.0,5.745699592126263,0.101757027,0.0,0.09744421808831352,15,10,0.0,2
statsbomb,1,43,2,2018,128,29,785,5457,80.98333333333333,75,4,10,15.558756945873638,71.42857142857143,0.0,0.05333333333333334,7.779378472936819,2.222679563696234,1.111339781848117,1.111339781848117,2.222679563696234,0.0,0.0,0.0,14,7,0.0,0
statsbomb,1,43,2,2018,128,29,785,5459,13.883333333333333,14,0,1,6.482593037214886,66.66666666666666,0.0,0.07142857142857142,12.965186074429772,0.0,0.0,0.0,0.0,0.0,0.0,0.0,2,0,0.0,0
statsbomb,1,43,2,2018,128,29,785,5460,20.916666666666668,29,0,2,8.605577689243027,100.0,100.0,0.0,4.302788844621514,4.302788844621514,0.0,0.0,0.0,0.0,0.0,0.0,7,0,0.0,0
statsbomb,1,43,2,2018,128,29,785,5461,91.98333333333333,189,4,19,22.504076825511866,79.72972972972973,0.0,0.010582010582010581,3.9137524913933683,3.9137524913933683,0.0,1.9568762456966842,8.805943105635079,0.0222848287,0.0,0.02180432596122486,24,7,0.0,1
statsbomb,1,43,2,2018,128,29,785,5463,92.98333333333333,199,7,29,34.844954292884026,87.01298701298701,100.0,0.0,9.679153970245563,6.7754077791718945,0.0,0.9679153970245563,3.8716615880982252,0.0,0.0,0.0,33,18,0.0,3
statsbomb,1,43,2,2018,128,29,785,5465,68.96666666666667,72,2,6,10.43982600289995,57.14285714285714,100.0,0.05555555555555555,13.049782503624938,1.3049782503624938,0.0,1.3049782503624938,9.134847752537457,0.209038103,0.0,0.27279017791203475,11,3,0.0,3
statsbomb,1,43,2,2018,128,29,785,5468,94.98333333333333,115,4,13,16.10808913844534,87.5,0.0,0.0,0.9475346552026671,3.7901386208106684,0.0,0.0,2.842603965608001,0.26879686,0.0,0.25469434005965963,6,3,0.0,1
statsbomb,1,43,2,2018,128,29,785,5469,94.98333333333333,239,8,26,32.21617827689068,87.87878787878788,0.0,0.0,11.370415862432004,2.842603965608001,0.9475346552026671,0.0,4.737673276013336,0.0,0.0,0.0,22,15,0.0,0
statsbomb,1,43,2,2018,128,29,785,5470,94.96666666666667,186,11,26,35.064935064935064,81.53846153846153,0.0,0.021505376344086023,13.267813267813267,12.32011232011232,0.0,0.0,2.843102843102843,0.11902875099999999,0.0,0.11280366012636012,29,20,0.0,2
statsbomb,1,43,2,2018,128,29,785,5472,92.96666666666667,72,2,5,6.776622445320903,75.0,0.0,0.027777777777777776,15.489422732162065,0.9680889207601291,1.9361778415202582,0.0,0.9680889207601291,0.5631902,0.0,0.5452181929006812,13,2,0.0,1
statsbomb,1,43,2,2018,128,29,785,5474,94.98333333333333,110,7,7,13.265485172837339,55.88235294117647,100.0,0.03636363636363636,14.213019828040007,3.7901386208106684,0.9475346552026671,0.9475346552026671,0.9475346552026671,0.19619192,0.0,0.18589864327074923,19,6,0.0,3
statsbomb,2,16,3,2009/2010,129,41,169,,93.7,0,0,0,0.0,0.0,0.0,0.0,0.0,0.0,0.0,0.0,0.0,0.0,0.0,0.0,0,0,0.0,0
statsbomb,2,16,3,2009/2010,129,41,169,18414,92.98333333333333,330,11,48,57.10700842444882,93.80530973451327,100.0,0.0030303030303030303,13.550815558343789,10.64706936727012,0.0,0.0,5.807492382147338,0.0,0.0,0.0,48,28,0.0,4
statsbomb,2,16,3,2009/2010,129,41,169,19286,26.783333333333335,15,0,1,3.3602986932171746,100.0,0.0,0.2,23.522090852520222,0.0,0.0,0.0,3.3602986932171746,0.0,0.0,0.0,1,0,0.0,2
statsbomb,2,16,3,2009/2010,129,41,169,19288,87.98333333333333,147,4,27,31.710551240765295,93.44262295081968,0.0,0.0,15.343815116499336,4.09168403106649,0.0,0.0,6.137526046599735,0.0,0.0,0.0,1,1,0.0,4
statsbomb,2,16,3,2009/2010,129,41,169,19289,72.98333333333333,48,1,0,1.2331582553094314,77.77777777777779,66.66666666666666,0.125,14.797899063713176,1.2331582553094314,1.2331582553094314,0.0,2.4663165106188627,0.30053478,0.0,0.3706069449646038,7,0,0.0,1
statsbomb,2,16,3,2009/2010,129,41,169,19290,61.983333333333334,118,4,4,11.616025813390696,87.09677419354838,57.14285714285714,0.03389830508474576,23.23205162678139,7.260016133369184,0.0,1.452003226673837,2.904006453347674,0.135906759,0.0,0.1973370525947835,15,4,0.0,3
statsbomb,2,16,3,2009/2010,129,41,169,19291,89.96666666666667,52,1,16,17.006298629121897,66.66666666666666,0.0,0.0,0.0,1.0003705075954057,0.0,0.0,3.001111522786217,0.0,0.0,0.0,1,1,0.0,0
statsbomb,2,16,3,2009/2010,129,41,169,19295,89.98333333333333,222,10,13,23.004260048157064,92.6829268292683,0.0,0.0,13.002407853306167,11.002037414335987,1.0001852194850898,0.0,4.000740877940359,0.0,0.0,0.0,28,8,0.0,1
statsbomb,2,16,3,2009/2010,129,41,169,19296,92.98333333333333,224,5,35,38.71661588098225,84.81012658227847,100.0,0.0,24.19788492561391,3.8716615880982252,0.0,0.9679153970245563,6.7754077791718945,0.07699487299999999,0.0,0.07452452306865029,30,20,0.0,5
statsbomb,2,16,3,2009/2010,129,41,169,19297,88.98333333333333,137,10,27,37.422738340513206,83.60655737704919,0.0,0.0,8.091402884435288,9.102828244989698,0.0,0.0,7.079977523880877,0.070251696,0.0,0.07105434695635887,12,9,0.0,1
statsbomb,2,16,3,2009/2010,129,41,169,5562,90.98333333333333,127,9,5,13.848690236307016,81.25,100.0,0.03937007874015748,12.859498076570802,6.924345118153508,0.0,0.0,0.9891921597362154,0.287211657,0.0,0.2841075192892471,16,6,0.0,3
statsbomb,2,16,3,2009/2010,129,41,169,5565,14.833333333333334,12,0,0,0.0,33.33333333333333,0.0,0.0,0.0,0.0,0.0,0.0,0.0,0.0,0.0,0.0,2,0,0.0,0
statsbomb,2,16,3,2009/2010,129,41,169,8218,90.98333333333333,217,11,17,27.697380472614032,67.1875,71.42857142857143,0.02304147465437788,9.891921597362154,21.762227514196738,1.9783843194724309,0.0,5.935152958417293,0.2281975376,0.0,0.22573121506503022,52,11,0.0,3
statsbomb,2,16,3,2009/2010,129,41,169,9406,91.98333333333333,186,8,19,26.417829316905237,82.1917808219178,0.0,0.0,12.719695597028448,3.9137524913933683,0.9784381228483421,0.9784381228483421,6.849066859938395,0.0,0.0,0.0,30,12,0.0,3
statsbomb,2,16,3,2009/2010,129,42,238,,93.78333333333333,0,0,0,0.0,0.0,0.0,0.0,0.0,0.0,0.0,0.0,0.0,0.0,0.0,0.0,0,0,0.0,0
statsbomb,2,16,3,2009/2010,129,42,238,17729,67.9,34,0,9,11.929307805596466,80.0,100.0,0.0,19.88217967599411,0.0,0.0,1.3254786450662739,9.278350515463917,0.0,0.0,0.0,7,3,0.0,4
statsbomb,2,16,3,2009/2010,129,42,238,19285,24.883333333333333,6,0,2,7.2337575351640995,75.0,0.0,0.0,18.08439383791025,0.0,0.0,3.6168787675820497,3.6168787675820497,0.0,0.0,0.0,0,0,0.0,0
statsbomb,2,16,3,2009/2010,129,42,238,19287,86.98333333333333,47,2,33,36.21383406782909,42.42424242424242,0.0,0.0,0.0,1.0346809733665454,0.0,0.0,9.312128760298908,0.0,0.0,0.0,12,12,0.0,0
statsbomb,2,16,3,2009/2010,129,42,238,19292,91.96666666666667,45,2,18,19.572308807538963,60.86956521739131,100.0,0.0,3.9144617615077926,3.9144617615077926,0.0,0.9786154403769481,2.9358463211308443,0.0,0.0,0.0,11,11,0.0,0
statsbomb,2,16,3,2009/2010,129,42,238,19293,92.98333333333333,38,3,4,6.7754077791718945,87.5,100.0,0.02631578947368421,28.069546513712133,1.9358307940491126,0.0,0.0,2.903746191073669,0.0,0.0,0.0,2,2,0.0,1
statsbomb,2,16,3,2009/2010,129,42,238,19294,90.98333333333333,106,4,3,6.924345118153508,87.5,50.0,0.03773584905660377,11.870305916834585,4.945960798681077,0.0,0.0,3.9567686389448617,0.59025762,0.0,0.5838782099285584,17,1,0.0,0
statsbomb,2,16,3,2009/2010,129,42,238,19298,90.98333333333333,77,3,3,5.935152958417293,88.88888888888889,42.857142857142854,0.07792207792207792,31.654149111558894,2.9675764792086463,0.9891921597362154,0.9891921597362154,1.9783843194724309,0.0,0.0,0.0,13,4,0.0,2
statsbomb,2,16,3,2009/2010,129,42,238,19299,90.98333333333333,81,3,13,15.827074555779447,78.125,0.0,0.0,18.794651034988092,1.9783843194724309,0.0,0.9891921597362154,2.9675764792086463,0.0063452623,0.0,0.006276683718629786,19,7,0.0,2
statsbomb,2,16,3,2009/2010,129,42,238,19300,90.96666666666667,44,6,7,12.861854159032614,66.66666666666666,50.0,0.022727272727272728,8.904360571637962,3.95749358739465,0.0,1.978746793697325,5.9362403810919755,0.056061357,0.0,0.055465615207035544,4,4,0.0,0
statsbomb,2,16,3,2009/2010,129,42,238,19301,92.95,85,0,20,19.365250134480902,73.68421052631578,100.0,0.0,28.07961269499731,0.0,0.0,0.0,5.809575040344271,0.06827557,0.0,0.06610867455621301,12,7,0.0,6
statsbomb,2,16,3,2009/2010,129,42,238,4409,89.98333333333333,115,2,15,17.003148731246526,74.35897435897436,0.0,0.008695652173913044,30.005556584552693,2.0003704389701795,0.0,0.0,5.000926097425449,0.336991137,0.0,0.33705355432487494,17,7,0.0,5
statsbomb,2,16,3,2009/2010,129,42,238,7146,78.96666666666667,93,8,7,17.09582102152807,62.5,40.0,0.053763440860215055,20.514985225833684,6.838328408611227,0.0,1.1397214014352046,6.838328408611227,0.08949893,0.0,0.10200384592655128,9,8,0.0,2
statsbomb,2,16,3,2009/2010,129,42,238,7914,10.966666666666667,21,0,2,16.41337386018237,55.55555555555556,0.0,0.0,65.65349544072949,0.0,0.0,8.206686930091186,0.0,0.0,0.0,0.0,0,0,0.0,1
statsbomb,2,16,4,2010/2011,130,43,217,,93.83333333333333,0,0,0,0.0,0.0,0.0,0.0,0.0,0.0,0.0,0.0,0.0,0.0,0.0,0.0,0,0,0.0,0
statsbomb,2,16,4,2010/2011,130,43,217,12737,84.96666666666667,117,2,4,6.355433503334641,83.33333333333334,0.0,0.017094017094017096,12.710867006669282,1.0592389172224401,0.0,1.0592389172224401,3.1777167516673206,0.26191457500000004,0.0,0.27743011082777563,14,3,0.0,2
statsbomb,2,16,4,2010/2011,130,43,217,20125,3.75,14,0,3,72.0,83.33333333333334,0.0,0.0,0.0,0.0,0.0,0.0,0.0,0.0,0.0,0.0,0,0,0.0,0
statsbomb,2,16,4,2010/2011,130,43,217,20131,92.98333333333333,435,13,31,42.58827746908048,96.02649006622516,50.0,0.006896551724137931,14.518730955368344,5.807492382147338,0.0,0.0,5.807492382147338,0.113048965,0.0,0.10942183384119017,45,19,0.0,4
statsbomb,2,16,4,2010/2011,130,43,217,20169,7.816666666666666,10,0,1,11.513859275053305,66.66666666666666,0.0,0.0,23.02771855010661,0.0,0.0,0.0,0.0,0.0,0.0,0.0,1,1,0.0,0
statsbomb,2,16,4,2010/2011,130,43,217,20176,90.93333333333334,61,0,23,22.76392961876833,73.33333333333333,0.0,0.0,0.0,0.0,0.0,0.0,2.969208211143695,0.0,0.0,0.0,4,3,0.0,0
statsbomb,2,16,4,2010/2011,130,43,217,20177,90.98333333333333,157,3,13,15.827074555779447,85.9375,0.0,0.006369426751592357,12.859498076570802,0.9891921597362154,0.9891921597362154,0.0,1.9783843194724309,0.0,0.0,0.0,8,4,0.0,3
statsbomb,2,16,4,2010/2011,130,43,217,3958,86.98333333333333,137,4,0,4.138723893466182,89.47368421052632,0.0,0.021897810218978103,21.728300440697453,4.138723893466182,0.0,0.0,3.1040429200996362,0.39576093,0.0,0.40948630427284927,16,2,0.0,0
statsbomb,2,16,4,2010/2011,130,43,217,4324,87.98333333333333,238,4,18,22.504262170865694,80.48780487804879,83.33333333333334,0.012605042016806723,15.343815116499336,2.045842015533245,0.0,1.0229210077666224,10.229210077666224,0.07287654,0.0,0.07454694373934458,20,8,0.0,2
statsbomb,2,16,4,2010/2011,130,43,217,4891,1.7,6,0,0,0.0,100.0,0.0,0.0,52.94117647058824,0.0,0.0,0.0,0.0,0.010115318,0.0,0.5355168352941176,0,0,0.0,0
statsbomb,2,16,4,2010/2011,130,43,217,5203,92.98333333333333,231,3,16,18.39039254346657,95.29411764705881,0.0,0.0,21.29413873454024,1.9358307940491126,0.9679153970245563,0.9679153970245563,2.903746191073669,0.0,0.0,0.0,11,5,0.0,4
statsbomb,2,16,4,2010/2011,130,43,217,5213,89.95,126,5,21,26.014452473596442,83.33333333333334,0.0,0.0,3.001667593107282,4.002223457476376,1.000555864369094,0.0,7.003891050583658,0.0,0.0,0.0,5,2,0.0,0
statsbomb,2,16,4,2010/2011,130,43,217,5216,90.98333333333333,369,10,34,43.524455028393476,91.45299145299145,100.0,0.0027100271002710027,16.816266715515663,2.9675764792086463,0.0,0.0,3.9567686389448617,0.109651148,0.0,0.1084660559076754,48,25,0.0,2
statsbomb,2,16,4,2010/2011,130,43,217,5503,92.98333333333333,380,16,13,28.069546513712133,94.23076923076923,86.66666666666667,0.010526315789473684,13.550815558343789,9.679153970245563,0.0,0.0,4.839576985122782,0.9681681499999999,0.0,0.9371048592937801,50,16,0.0,1
statsbomb,2,16,4,2010/2011,130,43,217,5506,92.98333333333333,155,6,18,23.22996952858935,85.48387096774194,0.0,0.0,7.7433231761964505,4.839576985122782,0.0,2.903746191073669,3.8716615880982252,0.0,0.0,0.0,4,3,0.0,1
statsbomb,2,16,4,2010/2011,130,44,39,,93.5,0,0,0,0.0,0.0,0.0,0.0,0.0,0.0,0.0,0.0,0.0,0.0,0.0,0.0,0,0,0.0,0
statsbomb,2,16,4,2010/2011,130,44,39,15036,92.98333333333333,73,2,33,33.87703889585947,61.111111111111114,0.0,0.0,0.0,0.9679153970245563,0.0,0.0,2.903746191073669,0.0,0.0,0.0,11,9,0.0,0
statsbomb,2,16,4,2010/2011,130,44,39,15666,16.916666666666668,45,0,4,21.2807881773399,86.66666666666667,0.0,0.0,31.92118226600985,0.0,0.0,0.0,0.0,0.0,0.0,0.0,2,1,0.0,0
statsbomb,2,16,4,2010/2011,130,44,39,18239,66.98333333333333,56,3,7,13.436178153769593,72.72727272727273,100.0,0.0,22.84150286140831,4.0308534461308785,0.0,2.6872356307539187,2.6872356307539187,0.0,0.0,0.0,10,5,0.0,2
statsbomb,2,16,4,2010/2011,130,44,39,20008,91.98333333333333,80,4,5,8.805943105635079,81.25,0.0,0.025,12.719695597028448,2.9353143685450265,0.9784381228483421,3.9137524913933683,4.89219061424171,0.0,0.0,0.0,12,5,0.0,2
statsbomb,2,16,4,2010/2011,130,44,39,20171,91.96666666666667,124,0,23,22.508155128669806,85.71428571428571,0.0,0.0,8.807538963392533,0.9786154403769481,0.0,0.9786154403769481,4.893077201884741,0.0,0.0,0.0,8,5,0.0,3
statsbomb,2,16,4,2010/2011,130,44,39,20172,91.93333333333334,80,0,10,9.789702683103698,88.23529411764706,0.0,0.0,11.747643219724438,0.9789702683103698,0.9789702683103698,1.9579405366207396,0.9789702683103698,0.0,0.0,0.0,2,1,0.0,3
statsbomb,2,16,4,2010/2011,130,44,39,20173,92.98333333333333,100,1,9,9.679153970245563,76.47058823529412,50.0,0.02,51.299516042301484,0.9679153970245563,0.9679153970245563,1.9358307940491126,3.8716615880982252,0.0,0.0,0.0,18,8,0.0,5
statsbomb,2,16,4,2010/2011,130,44,39,20175,92.98333333333333,114,1,18,18.39039254346657,77.77777777777779,50.0,0.02631578947368421,34.844954292884026,1.9358307940491126,0.0,3.8716615880982252,2.903746191073669,0.0,0.0,0.0,21,14,0.0,6
statsbomb,2,16,4,2010/2011,130,44,39,3058,91.96666666666667,68,0,2,1.9572308807538963,93.75,0.0,0.04411764705882353,20.550924247915912,0.0,0.0,0.0,0.9786154403769481,0.05095734,0.0,0.04986763972453787,8,0,0.0,1
statsbomb,2,16,4,2010/2011,130,44,39,3267,92.96666666666667,82,2,4,5.808533524560774,76.66666666666667,0.0,0.024390243902439025,22.26604517748297,0.9680889207601291,0.0,0.9680889207601291,0.0,0.0,0.0,0.0,8,1,0.0,3
statsbomb,2,16,4,2010/2011,130,44,39,3538,92.98333333333333,161,2,14,15.486646352392901,77.27272727272727,50.0,0.031055900621118012,20.326223337515682,3.8716615880982252,0.0,1.9358307940491126,3.8716615880982252,0.206540423,0.0,0.1999136555296648,25,7,0.0,2
statsbomb,2,16,4,2010/2011,130,44,39,4751,76.98333333333333,89,1,20,24.550768564624377,83.78378378378379,0.0,0.0,29.227105434076638,1.1690842173630656,0.0,4.676336869452262,3.5072526520891967,0.0,0.0,0.0,15,10,0.0,3
statsbomb,2,16,4,2010/2011,130,44,39,8281,23.983333333333334,37,1,2,11.257817929117442,70.0,33.33333333333333,0.10810810810810811,37.5260597637248,3.7526059763724806,0.0,0.0,7.505211952744961,0.045260325,0.0,0.16984416608756078,6,3,0.0,1
statsbomb,2,16,5,2011/2012,131,41,169,,120.0,0,0,0,0.0,0.0,0.0,0.0,0.0,0.0,0.0,0.0,0.0,0.0,0.0,0.0,0,0,0.0,0
statsbomb,2,16,5,2011/2012,131,41,169,13014,118.98333333333333,202,13,25,28.74352150161087,83.75,0.0,0.0049504950495049506,12.858943829668021,9.833309987393193,0.0,1.5128169211374143,3.0256338422748286,0.0175204438,0.0,0.013252611923238549,19,15,0.0,8
statsbomb,2,16,5,2011/2012,131,41,169,18414,120.0,250,16,26,31.5,85.26315789473684,50.0,0.008,17.25,12.0,0.75,1.5,4.5,0.991387005,0.0,0.74354025375,34,15,0.0,2
statsbomb,2,16,5,2011/2012,131,41,169,19289,26.933333333333334,47,5,2,23.39108910891089,64.28571428571429,66.66666666666666,0.02127659574468085,16.707920792079207,13.366336633663366,0.0,0.0,3.3415841584158414,0.7835,0.0,2.6181311881188116,11,2,0.0,0
statsbomb,2,16,5,2011/2012,131,41,169,19295,119.98333333333333,244,12,23,26.25364633976941,88.17204301075269,60.0,0.012295081967213115,6.75093763022642,5.250729267953882,0.0,2.2503125434088065,9.001250173635226,0.7835,0.0,0.5877066259202667,37,10,0.0,0
statsbomb,2,16,5,2011/2012,131,41,169,19297,29.916666666666668,26,0,5,15.041782729805014,90.0,0.0,0.0,6.016713091922005,0.0,0.0,0.0,6.016713091922005,0.08173176,0.0,0.24587827520891364,1,0,0.0,0
statsbomb,2,16,5,2011/2012,131,41,169,4628,118.98333333333333,144,10,19,21.935845356492507,91.22807017543859,0.0,0.013888888888888888,8.320493066255779,5.29485922398095,0.0,0.7564084605687071,5.29485922398095,0.0,0.0,0.0,18,10,0.0,1
statsbomb,2,16,5,2011/2012,131,41,169,5562,86.96666666666667,141,6,5,11.383671904944423,74.28571428571429,75.0,0.014184397163120567,17.59294748945956,5.174396320429283,0.0,0.0,1.0348792640858566,0.53246996,0.0,0.5510421203526256,27,5,0.0,3
statsbomb,2,16,5,2011/2012,131,41,169,5565,120.0,72,2,2,3.0,73.33333333333333,66.66666666666666,0.041666666666666664,15.0,1.5,0.75,0.0,3.75,1.6669138220000002,0.0,1.2501853665000002,11,3,0.0,0
statsbomb,2,16,5,2011/2012,131,41,169,5570,120.0,56,0,27,20.25,70.96774193548387,0.0,0.0,0.0,0.0,0.0,0.0,1.5,0.7835,0.0,0.587625,5,5,0.0,0
statsbomb,2,16,5,2011/2012,131,41,169,5574,117.98333333333333,286,9,28,28.22432546969911,81.63265306122449,100.0,0.0034965034965034965,23.647407825964116,5.339737251024156,0.0,0.0,4.5769176437349905,0.166068038,0.0,0.12667995553044215,39,15,0.0,2
statsbomb,2,16,5,2011/2012,131,41,169,5578,116.96666666666667,119,3,18,16.15844970076945,93.75,0.0,0.0,5.386149900256483,2.3083499572527786,0.0,0.7694499857509262,6.925049871758335,0.024759334,0.0,0.019051069193502423,3,1,0.0,2
statsbomb,2,16,5,2011/2012,131,41,169,8218,118.96666666666667,267,16,20,27.234519473241804,74.68354430379746,75.0,0.018726591760299626,12.86074530680863,17.399831885682264,0.0,0.0,6.052115438498179,1.4681705879999998,0.0,1.1106922352479685,73,19,0.0,1
statsbomb,2,16,5,2011/2012,131,41,169,8223,95.98333333333333,188,13,10,21.56624413960757,78.43137254901961,83.33333333333334,0.031914893617021274,23.44156971696475,10.31429067546449,0.93766278867859,0.0,2.81298836603577,0.104339296,0.0,0.09783507525612085,42,10,0.0,3
statsbomb,2,16,5,2011/2012,131,45,33,,120.0,0,0,0,0.0,0.0,0.0,0.0,0.0,0.0,0.0,0.0,0.0,0.0,0.0,0.0,0,0,0.0,0
statsbomb,2,16,5,2011/2012,131,45,33,12529,120.0,126,5,13,13.5,94.11764705882352,75.0,0.015873015873015872,12.75,3.0,0.0,0.0,4.5,0.7835,0.0,0.587625,14,6,0.0,1
statsbomb,2,16,5,2011/2012,131,45,33,20018,117.96666666666667,126,7,21,21.36196665724781,72.0,60.0,0.031746031746031744,13.732692851087878,4.577564283695959,0.7629273806159932,3.0517095224639728,1.5258547612319864,0.0,0.0,0.0,14,7,0.0,0
statsbomb,2,16,5,2011/2012,131,45,33,20045,71.98333333333333,73,2,6,10.002315350775643,90.0,50.0,0.0410958904109589,18.75434128270433,2.5005788376939106,0.0,1.2502894188469553,1.2502894188469553,0.0,0.0,0.0,9,3,0.0,1
statsbomb,2,16,5,2011/2012,131,45,33,20290,46.95,43,0,4,7.6677316293929705,69.23076923076923,100.0,0.0,24.920127795527154,0.0,0.0,0.0,5.750798722044728,0.0,0.0,0.0,6,2,0.0,2
statsbomb,2,16,5,2011/2012,131,45,33,20330,120.0,223,4,22,19.5,81.33333333333333,100.0,0.0,12.0,3.0,0.0,1.5,0.0,0.811641033,0.0,0.60873077475,19,12,0.0,4
statsbomb,2,16,5,2011/2012,131,45,33,20352,120.0,149,2,16,13.5,48.57142857142857,60.0,0.040268456375838924,12.0,1.5,0.75,0.0,3.0,0.9533463245,0.0,0.715009743375,22,9,0.0,1
statsbomb,2,16,5,2011/2012,131,45,33,3294,120.0,194,9,12,15.75,83.87096774193549,100.0,0.005154639175257732,32.25,4.5,0.0,0.0,2.25,0.864018997,0.0,0.6480142477499999,25,11,0.0,2
statsbomb,2,16,5,2011/2012,131,45,33,3461,120.0,101,2,54,42.0,58.620689655172406,0.0,0.0,0.75,1.5,0.0,0.0,2.25,0.0,0.0,0.0,16,16,0.0,0
statsbomb,2,16,5,2011/2012,131,45,33,3645,119.98333333333333,129,5,13,13.50187526045284,97.77777777777777,100.0,0.0,1.5002083622725377,3.0004167245450755,0.0,0.0,3.0004167245450755,0.0,0.0,0.0,6,2,0.0,0
statsbomb,2,16,5,2011/2012,131,45,33,3956,120.0,117,2,21,17.25,86.04651162790698,100.0,0.0,6.0,3.0,0.0,0.0,1.5,0.7835,0.0,0.587625,8,7,0.0,0
statsbomb,2,16,5,2011/2012,131,45,33,5475,118.98333333333333,195,2,26,21.1794368959238,89.1891891891892,75.0,0.005128205128205128,12.102535369099314,3.0256338422748286,1.5128169211374143,2.2692253817061214,7.564084605687071,0.0,0.0,0.0,13,10,0.0,3
statsbomb,2,16,5,2011/2012,131,45,33,6382,35.9,59,2,0,5.013927576601671,75.0,77.77777777777779,0.0847457627118644,22.56267409470752,5.013927576601671,0.0,2.5069637883008355,10.027855153203342,0.0,0.0,0.0,10,1,0.0,1
statsbomb,2,16,5,2011/2012,131,45,33,8575,82.98333333333333,106,2,5,7.591885920867644,92.0,80.0,0.02830188679245283,16.26832697328781,2.169110263105041,1.0845551315525206,0.0,3.2536653946575615,0.013345487,0.0,0.014473916408917454,10,3,0.0,1
statsbomb,2,16,6,2012/2013,132,41,169,,94.9,0,0,0,0.0,0.0,0.0,0.0,0.0,0.0,0.0,0.0,0.0,0.0,0.0,0.0,0,0,0.0,0
statsbomb,2,16,6,2012/2013,132,41,169,18414,93.98333333333333,209,6,31,35.43181415144529,83.33333333333334,0.0,0.0,7.660932789501684,6.703316190813974,0.0,0.9576165986877105,12.449015782940236,0.17422438899999998,0.0,0.16684016680262456,25,12,0.0,0
statsbomb,2,16,6,2012/2013,132,41,169,19295,91.96666666666667,155,7,25,31.31569409206234,78.78787878787878,0.0,0.0064516129032258064,4.893077201884741,4.893077201884741,0.9786154403769481,0.9786154403769481,3.9144617615077926,0.0,0.0,0.0,21,11,0.0,0
statsbomb,2,16,6,2012/2013,132,41,169,3197,85.98333333333333,159,0,25,26.16786198875751,75.80645161290323,0.0,0.0,4.186857918201202,2.093428959100601,0.0,0.0,2.093428959100601,0.0,0.0,0.0,4,4,0.0,1
statsbomb,2,16,6,2012/2013,132,41,169,3545,92.0,1,0,1,0.9782608695652174,100.0,0.0,0.0,0.0,0.0,0.0,0.0,0.0,0.0,0.0,0.0,0,0,0.0,0
statsbomb,2,16,6,2012/2013,132,41,169,5472,93.96666666666667,86,1,6,6.7045051436679675,62.5,100.0,0.023255813953488372,15.324583185526782,0.0,0.0,0.0,3.8311457963816955,1.347669333,0.0,1.2907794250088684,12,2,0.0,2
statsbomb,2,16,6,2012/2013,132,41,169,5562,94.98333333333333,146,2,15,16.10808913844534,60.86956521739131,50.0,0.03424657534246575,13.265485172837339,0.9475346552026671,0.9475346552026671,0.0,2.842603965608001,0.175547665,0.0,0.16633749622740832,27,4,0.0,3
statsbomb,2,16,6,2012/2013,132,41,169,5565,94.0,0,0,0,0.0,0.0,0.0,0.0,0.9574468085106383,0.0,0.0,0.0,0.0,0.0,0.0,0.0,0,0,0.0,1
statsbomb,2,16,6,2012/2013,132,41,169,5570,92.98333333333333,78,1,26,26.13371571966302,82.85714285714286,0.0,0.0,0.0,0.0,0.0,0.0,6.7754077791718945,0.0,0.0,0.0,4,3,0.0,0
statsbomb,2,16,6,2012/2013,132,41,169,5578,92.98333333333333,110,3,24,26.13371571966302,71.15384615384616,0.0,0.0,5.807492382147338,2.903746191073669,0.9679153970245563,0.0,1.9358307940491126,0.0,0.0,0.0,14,13,0.0,1
statsbomb,2,16,6,2012/2013,132,41,169,8218,90.98333333333333,140,1,12,12.859498076570802,70.0,33.33333333333333,0.05,11.870305916834585,0.9891921597362154,0.0,0.0,3.9567686389448617,1.02968133,0.0,1.0185526986627589,29,5,0.0,1
statsbomb,2,16,6,2012/2013,132,41,169,8220,93.98333333333333,180,1,30,29.686114559319027,77.21518987341773,100.0,0.0,10.533782585564817,0.0,0.9576165986877105,0.0,4.788082993438553,0.029493675,0.0,0.02824363273630076,22,11,0.0,1
statsbomb,2,16,6,2012/2013,132,41,169,8223,89.98333333333333,175,10,13,23.004260048157064,74.07407407407408,16.666666666666664,0.05142857142857143,15.002778292276346,4.000740877940359,1.0001852194850898,0.0,11.002037414335987,0.038802557,0.0,0.03880974398962771,22,10,0.0,4
statsbomb,2,16,6,2012/2013,132,41,169,9399,91.98333333333333,114,0,12,11.741257474180106,80.43478260869566,0.0,0.0,9.78438122848342,0.9784381228483421,0.0,1.9568762456966842,3.9137524913933683,0.28077831,0.0,0.27472420257292984,10,7,0.0,4
statsbomb,2,16,6,2012/2013,132,46,180,,94.93333333333334,0,0,0,0.0,0.0,0.0,0.0,0.0,0.0,0.0,0.0,0.0,0.0,0.0,0.0,0,0,0.0,0
statsbomb,2,16,6,2012/2013,132,46,180,10287,92.96666666666667,144,4,19,22.26604517748297,76.36363636363637,50.0,0.027777777777777776,20.32986733596271,3.8723556830405164,2.904266762280387,0.9680889207601291,12.585155969881678,0.7835,0.0,0.7584976694155611,14,10,0.0,2
statsbomb,2,16,6,2012/2013,132,46,180,11131,2.8833333333333333,8,0,1,31.213872832369944,100.0,0.0,0.0,31.213872832369944,0.0,0.0,0.0,0.0,0.06644401,0.0,2.073974878612717,1,0,0.0,0
statsbomb,2,16,6,2012/2013,132,46,180,11458,92.98333333333333,67,1,15,15.486646352392901,45.714285714285715,0.0,0.0,19.358307940491127,1.9358307940491126,0.9679153970245563,0.9679153970245563,2.903746191073669,0.0,0.0,0.0,14,7,0.0,2
statsbomb,2,16,6,2012/2013,132,46,180,12424,88.96666666666667,68,2,32,34.39490445859873,62.16216216216216,0.0,0.0,2.0232296740352194,1.0116148370176097,0.0,0.0,13.150992881228927,0.0,0.0,0.0,5,5,0.0,0
statsbomb,2,16,6,2012/2013,132,46,180,20665,86.98333333333333,59,4,6,10.346809733665454,85.0,50.0,0.01694915254237288,21.728300440697453,3.1040429200996362,0.0,0.0,3.1040429200996362,0.033446345,0.0,0.03460629680015329,6,2,0.0,3
statsbomb,2,16,6,2012/2013,132,46,180,4430,91.98333333333333,97,3,24,26.417829316905237,66.66666666666666,0.0,0.0,7.827504982786737,1.9568762456966842,0.9784381228483421,0.9784381228483421,5.870628737090053,0.0,0.0,0.0,9,6,0.0,3
statsbomb,2,16,6,2012/2013,132,46,180,5559,90.98333333333333,128,8,13,20.773035354460525,71.42857142857143,60.0,0.015625,19.78384319472431,6.924345118153508,0.0,0.0,4.945960798681077,0.043400362,0.0,0.042931297820113574,29,10,0.0,4
statsbomb,2,16,6,2012/2013,132,46,180,5572,92.96666666666667,110,7,33,38.723556830405165,66.66666666666666,0.0,0.0,14.521333811401936,6.776622445320903,0.9680889207601291,0.0,6.776622445320903,0.04367414,0.0,0.042280451057726785,14,13,0.0,2
statsbomb,2,16,6,2012/2013,132,46,180,5658,91.96666666666667,81,3,17,19.572308807538963,71.42857142857143,0.0,0.024691358024691357,21.52953968829286,1.9572308807538963,0.9786154403769481,0.0,2.9358463211308443,0.102628164,0.0,0.10043350590793765,11,7,0.0,1
statsbomb,2,16,6,2012/2013,132,46,180,5663,89.98333333333333,102,8,9,17.003148731246526,71.42857142857143,0.0,0.049019607843137254,19.003519170216705,6.001111316910539,0.0,0.0,8.001481755880718,0.181979635,0.0,0.18201334117429152,17,8,0.0,2
statsbomb,2,16,6,2012/2013,132,46,180,5668,92.98333333333333,100,3,5,7.7433231761964505,72.72727272727273,50.0,0.08,11.614984764294675,0.9679153970245563,0.0,0.0,0.9679153970245563,0.190134214,0.0,0.18403383323176195,10,5,0.0,0
statsbomb,2,16,6,2012/2013,132,46,180,8216,89.95,59,1,15,16.008893829905503,75.0,0.0,0.01694915254237288,18.01000555864369,0.0,0.0,0.0,8.004446914952752,0.0717146,0.0,0.07175446359088383,6,4,0.0,1
statsbomb,2,16,6,2012/2013,132,46,180,8232,3.966666666666667,12,0,3,68.0672268907563,80.0,0.0,0.0,22.6890756302521,0.0,0.0,0.0,0.0,0.0,0.0,0.0,1,1,0.0,0
statsbomb,2,16,7,2013/2014,133,48,212,,120.0,0,0,0,0.0,0.0,0.0,0.0,0.0,0.0,0.0,0.0,0.0,0.0,0.0,0.0,0,0,0.0,0
statsbomb,2,16,7,2013/2014,133,48,212,12737,120.0,91,1,2,2.25,75.0,100.0,0.03296703296703297,15.75,0.75,0.75,0.75,3.75,0.0,0.0,0.0,7,2,0.0,2
statsbomb,2,16,7,2013/2014,133,48,212,20005,34.71666666666667,24,1,12,33.70139222275564,33.33333333333333,100.0,0.0,25.924147863658185,2.5924147863658185,2.5924147863658185,0.0,5.184829572731637,0.0,0.0,0.0,11,6,0.0,2
statsbomb,2,16,7,2013/2014,133,48,212,20669,118.95,109,4,20,18.15889029003783,66.66666666666666,0.0,0.0,17.402269861286257,2.269861286254729,0.7566204287515763,0.7566204287515763,3.7831021437578816,0.06635372,0.0,0.050204580075662045,11,6,0.0,4
statsbomb,2,16,7,2013/2014,133,48,212,20883,48.95,52,1,10,20.224719101123593,47.368421052631575,0.0,0.019230769230769232,33.0949948927477,0.0,0.0,0.0,9.19305413687436,0.05153192,0.0,0.09474714606741573,11,7,0.0,6
statsbomb,2,16,7,2013/2014,133,48,212,3509,115.95,44,4,32,27.943078913324708,45.45454545454545,0.0,0.0,0.0,1.5523932729624839,0.0,0.0,5.433376455368694,0.0,0.0,0.0,7,7,0.0,0
statsbomb,2,16,7,2013/2014,133,48,212,5198,8.9,7,1,0,10.112359550561797,50.0,0.0,0.0,0.0,10.112359550561797,0.0,0.0,30.33707865168539,0.0,0.0,0.0,1,0,0.0,0
statsbomb,2,16,7,2013/2014,133,48,212,5199,118.98333333333333,183,3,16,14.371760750805436,68.85245901639344,66.66666666666666,0.03278688524590164,10.5897184479619,3.0256338422748286,0.7564084605687071,0.7564084605687071,3.0256338422748286,0.13996542,0.0,0.10587102787505254,33,10,0.0,3
statsbomb,2,16,7,2013/2014,133,48,212,5249,120.0,59,2,16,13.5,48.275862068965516,0.0,0.01694915254237288,5.25,1.5,0.75,0.0,3.0,0.29453497359999997,0.0,0.22090123019999997,12,8,0.0,0
statsbomb,2,16,7,2013/2014,133,48,212,5551,113.95,53,2,20,17.376042123738483,61.53846153846154,100.0,0.018867924528301886,10.267661254936375,0.0,3.1592803861342693,0.0,5.528740675734971,0.23426856,0.0,0.1850300166739798,7,7,0.0,3
statsbomb,2,16,7,2013/2014,133,48,212,6320,82.96666666666667,80,4,15,20.610687022900766,84.61538461538461,0.0,0.0,5.423865006026517,1.0847730012053034,0.0,0.0,6.50863800723182,0.0,0.0,0.0,12,7,0.0,1
statsbomb,2,16,7,2013/2014,133,48,212,6375,116.96666666666667,79,3,16,14.619549729267597,66.66666666666666,0.0,0.0379746835443038,8.463949843260188,3.0777999430037046,0.0,0.7694499857509262,4.616699914505557,0.0,0.0,0.0,19,3,0.0,1
statsbomb,2,16,7,2013/2014,133,48,212,6384,118.98333333333333,193,7,31,28.74352150161087,77.46478873239437,87.5,0.015544041450777202,21.1794368959238,3.7820423028435357,0.7564084605687071,0.0,15.88457767194285,0.0,0.0,0.0,39,20,0.0,1
statsbomb,2,16,7,2013/2014,133,48,212,6391,65.98333333333333,67,1,7,10.911846425865118,56.52173913043478,0.0,0.029850746268656716,23.187673654963376,1.3639808032331397,1.3639808032331397,1.3639808032331397,0.0,0.038406309,0.0,0.052385468199040164,6,5,0.0,3
statsbomb,2,16,7,2013/2014,133,48,212,6735,114.98333333333333,146,6,6,9.392665603710682,72.09302325581395,50.0,0.0410958904109589,7.82722133642557,4.696332801855341,0.0,0.0,3.913610668212785,0.239486825,0.0,0.18745163864328163,21,5,0.0,0
statsbomb,2,16,7,2013/2014,133,47,220,,120.0,0,0,0,0.0,0.0,0.0,0.0,0.0,0.0,0.0,0.0,0.0,0.0,0.0,0.0,0,0,0.0,0
statsbomb,2,16,7,2013/2014,133,47,220,11179,116.96666666666667,52,0,24,18.46679965802223,88.88888888888889,0.0,0.0,0.0,0.0,0.0,0.0,1.5388999715018523,0.0,0.0,0.0,1,1,0.0,0
statsbomb,2,16,7,2013/2014,133,47,220,19047,58.96666666666667,100,3,12,22.894290559638215,84.61538461538461,0.0,0.02,12.210288298473714,3.0525720746184284,0.0,0.0,1.5262860373092142,0.0,0.0,0.0,9,8,0.0,0
statsbomb,2,16,7,2013/2014,133,47,220,19677,78.93333333333334,74,2,5,7.981418918918918,80.0,0.0,0.04054054054054054,9.121621621621621,1.1402027027027026,0.0,0.0,1.1402027027027026,0.0,0.0,0.0,6,3,0.0,2
statsbomb,2,16,7,2013/2014,133,47,220,2995,115.98333333333333,280,10,32,32.59088949561718,65.625,85.71428571428571,0.007142857142857143,6.983762034775111,6.207788475355654,0.0,0.7759735594194568,9.31168271303348,0.223125344,0.0,0.17313936738037075,63,23,0.0,0
statsbomb,2,16,7,2013/2014,133,47,220,3477,36.93333333333333,34,2,1,7.310469314079423,62.5,100.0,0.029411764705882353,14.620938628158846,4.8736462093862825,0.0,0.0,9.747292418772565,0.0,0.0,0.0,4,0,0.0,0
statsbomb,2,16,7,2013/2014,133,47,220,4926,57.983333333333334,153,7,17,37.25208393216441,88.23529411764706,50.0,0.013071895424836602,13.969531474561656,9.313020983041103,0.0,0.0,10.865191146881287,0.043526623,0.0,0.06756072555331992,28,12,0.0,1
statsbomb,2,16,7,2013/2014,133,47,220,5201,114.98333333333333,254,8,53,47.74605015219597,82.05128205128204,100.0,0.0,2.3481664009276706,6.2617770691404555,0.0,0.7827221336425569,6.2617770691404555,0.059337225,0.0,0.04644455935642847,16,7,0.0,0
statsbomb,2,16,7,2013/2014,133,47,220,5207,120.0,189,5,10,11.25,79.3103448275862,50.0,0.005291005291005291,2.25,3.0,0.0,0.0,3.0,1.2593387274,0.0,0.94450404555,26,11,0.0,0
statsbomb,2,16,7,2013/2014,133,47,220,5463,116.98333333333333,264,18,38,43.08306026499501,89.47368421052632,80.0,0.007575757575757576,13.078786151873485,10.770765066248753,0.769340361874911,0.769340361874911,7.69340361874911,0.028465914,0.0,0.02189997657786009,47,28,0.0,2
statsbomb,2,16,7,2013/2014,133,47,220,5485,120.0,126,2,23,18.75,88.88888888888889,100.0,0.007936507936507936,3.75,1.5,0.0,0.75,3.75,0.065459944,0.0,0.04909495800000001,10,2,0.0,1
statsbomb,2,16,7,2013/2014,133,47,220,5552,59.983333333333334,165,9,19,42.01166990830786,82.45614035087719,100.0,0.006060606060606061,6.001667129758266,13.503751041956098,0.0,1.5004167824395664,1.5004167824395664,0.089923956,0.0,0.13492341272575714,33,16,0.0,1
statsbomb,2,16,7,2013/2014,133,47,220,5566,58.95,91,0,14,21.374045801526716,69.6969696969697,100.0,0.01098901098901099,16.793893129770993,0.0,0.0,0.0,0.0,0.0,0.0,0.0,7,3,0.0,1
statsbomb,2,16,7,2013/2014,133,47,220,5721,118.98333333333333,219,8,25,24.961479198767336,85.22727272727273,66.66666666666666,0.0182648401826484,12.102535369099314,3.0256338422748286,1.5128169211374143,0.7564084605687071,6.051267684549657,0.0,0.0,0.0,29,7,0.0,3
statsbomb,2,16,7,2013/2014,133,47,220,6399,118.96666666666667,134,8,8,12.104230876996358,77.41935483870968,62.5,0.03731343283582089,4.5390865788736345,4.5390865788736345,0.0,0.7565144298122723,5.295601008685907,0.8373004100000001,0.0,0.6334298422527319,14,6,0.0,1
statsbomb,2,16,8,2014/2015,134,43,217,,96.91666666666667,0,0,0,0.0,0.0,0.0,0.0,0.0,0.0,0.0,0.0,0.0,0.0,0.0,0.0,0,0,0.0,0
statsbomb,2,16,8,2014/2015,134,43,217,10609,1.0,1,0,1,90.0,0.0,0.0,0.0,0.0,0.0,0.0,0.0,90.0,0.0,0.0,0.0,0,0,0.0,0
statsbomb,2,16,8,2014/2015,134,43,217,20055,92.98333333333333,54,0,22,21.29413873454024,72.41379310344827,0.0,0.0,0.0,0.0,0.0,0.0,3.8716615880982252,0.0,0.0,0.0,1,1,0.0,0
statsbomb,2,16,8,2014/2015,134,43,217,20131,13.866666666666667,7,0,0,0.0,50.0,0.0,0.0,19.471153846153847,0.0,0.0,0.0,0.0,0.0,0.0,0.0,1,0,0.0,0
statsbomb,2,16,8,2014/2015,134,43,217,3958,1.0,3,0,0,0.0,100.0,0.0,0.0,0.0,0.0,0.0,0.0,0.0,0.0,0.0,0.0,1,0,0.0,0
statsbomb,2,16,8,2014/2015,134,43,217,4320,94.96666666666667,174,6,7,12.32011232011232,78.72340425531915,40.0,0.040229885057471264,16.11091611091611,7.581607581607582,0.0,0.9477009477009477,5.686205686205686,0.37359617,0.0,0.3540574443664444,32,4,0.0,2
statsbomb,2,16,8,2014/2015,134,43,217,4324,95.98333333333333,238,13,20,30.94287202639347,85.71428571428571,50.0,0.004201680672268907,15.94026740753603,2.81298836603577,1.87532557735718,0.0,6.5636395207501295,0.10685889,0.0,0.10019760479249869,32,18,0.0,6
statsbomb,2,16,8,2014/2015,134,43,217,5203,93.98333333333333,170,0,14,13.406632381627947,94.02985074626866,100.0,0.0,17.23709877637879,0.0,0.9576165986877105,0.0,0.0,0.0,0.0,0.0,8,3,0.0,4
statsbomb,2,16,8,2014/2015,134,43,217,5211,92.98333333333333,190,4,17,20.326223337515682,91.30434782608695,0.0,0.005263157894736842,14.518730955368344,1.9358307940491126,0.0,0.0,6.7754077791718945,0.06602102,0.0,0.06390276178526617,15,6,0.0,4
statsbomb,2,16,8,2014/2015,134,43,217,5213,96.96666666666667,89,1,16,15.778618081815058,89.74358974358975,0.0,0.0,6.4970780336885525,0.9281540048126504,0.0,0.0,0.9281540048126504,0.19920498,0.0,0.18489289996562394,4,2,0.0,0
statsbomb,2,16,8,2014/2015,134,43,217,5216,77.96666666666667,163,7,18,28.858486532706284,89.28571428571429,50.0,0.006134969325153374,9.234715690466011,3.463018383924754,1.1543394613082514,0.0,5.771697306541257,0.0,0.0,0.0,24,18,0.0,2
statsbomb,2,16,8,2014/2015,134,43,217,5246,88.98333333333333,109,1,2,3.034276081663233,80.76923076923077,0.0,0.06422018348623854,6.068552163326466,2.022850721108822,0.0,0.0,8.091402884435288,1.0078040510000001,0.0,1.0193185756508711,12,1,0.0,0
statsbomb,2,16,8,2014/2015,134,43,217,5470,90.98333333333333,142,2,16,17.80545887525188,84.90566037735849,0.0,0.007042253521126761,16.816266715515663,1.9783843194724309,0.0,0.0,3.9567686389448617,0.3783839,0.0,0.37429438725041214,19,9,0.0,0
statsbomb,2,16,8,2014/2015,134,43,217,5503,94.98333333333333,252,9,22,29.37357431128268,85.91549295774648,70.0,0.03571428571428571,5.685207931216002,13.265485172837339,0.0,0.0,8.527811896824003,0.13878946,0.0,0.13150782312686435,40,15,0.0,2
statsbomb,2,16,8,2014/2015,134,43,217,5506,93.98333333333333,119,2,19,20.109948572441922,86.95652173913044,0.0,0.008403361344537815,7.660932789501684,2.8728497960631314,0.0,0.9576165986877105,1.915233197375421,0.0,0.0,0.0,8,4,0.0,1
statsbomb,2,16,8,2014/2015,134,49,224,,96.91666666666667,0,0,0,0.0,0.0,0.0,0.0,0.0,0.0,0.0,0.0,0.0,0.0,0.0,0.0,0,0,0.0,0
statsbomb,2,16,8,2014/2015,134,49,224,19849,93.96666666666667,139,0,27,25.860234125576444,71.1864406779661,0.0,0.014388489208633094,5.746718694572543,0.9577864490954239,0.0,0.0,6.7045051436679675,0.0,0.0,0.0,22,7,0.0,0
statsbomb,2,16,8,2014/2015,134,49,224,20004,95.98333333333333,116,5,9,13.127279041500259,78.78787878787878,0.0,0.07758620689655173,28.1298836603577,3.75065115471436,0.0,0.0,3.75065115471436,0.12254103999999999,0.0,0.11490217329397463,13,5,0.0,2
statsbomb,2,16,8,2014/2015,134,49,224,20008,88.96666666666667,80,4,10,14.162607718246536,78.57142857142857,0.0,0.0125,10.116148370176097,3.034844511052829,0.0,0.0,1.0116148370176097,0.06086964,0.0,0.061576630947920576,14,7,0.0,0
statsbomb,2,16,8,2014/2015,134,49,224,20666,96.96666666666667,95,5,0,4.640770024063253,92.3076923076923,100.0,0.021052631578947368,10.209694052939154,0.9281540048126504,0.0,0.0,0.9281540048126504,0.26753777,0.0,0.24831625266414578,8,4,0.0,0
statsbomb,2,16,8,2014/2015,134,49,224,3477,84.98333333333333,66,3,2,5.295155912924104,62.5,25.0,0.09090909090909091,10.590311825848207,2.1180623651696413,0.0,0.0,4.236124730339283,0.7931052460000001,0.0,0.8399231865856052,13,1,0.0,0
statsbomb,2,16,8,2014/2015,134,49,224,3486,10.816666666666666,15,0,0,0.0,60.0,0.0,0.0,16.640986132511557,0.0,0.0,0.0,8.320493066255779,0.0,0.0,0.0,4,0,0.0,0
statsbomb,2,16,8,2014/2015,134,49,224,3579,12.95,17,0,2,13.8996138996139,60.0,0.0,0.058823529411764705,0.0,0.0,0.0,0.0,0.0,0.0,0.0,0.0,2,0,0.0,0
statsbomb,2,16,8,2014/2015,134,49,224,5541,93.96666666666667,67,1,11,11.493437389145086,92.85714285714286,0.0,0.014925373134328358,13.409010287335935,0.9577864490954239,0.0,0.0,3.8311457963816955,0.0,0.0,0.0,10,5,0.0,1
statsbomb,2,16,8,2014/2015,134,49,224,6943,93.98333333333333,90,0,12,11.491399184252526,86.11111111111111,0.0,0.011111111111111112,12.449015782940236,0.9576165986877105,0.9576165986877105,0.9576165986877105,1.915233197375421,0.0,0.0,0.0,3,2,0.0,4
statsbomb,2,16,8,2014/2015,134,49,224,6949,93.98333333333333,47,0,22,21.067565171129633,67.74193548387096,0.0,0.0,0.0,0.0,0.0,0.0,3.830466394750842,0.0,0.0,0.0,2,2,0.0,0
statsbomb,2,16,8,2014/2015,134,49,224,7173,96.98333333333333,77,0,16,14.84791201237326,83.78378378378379,0.0,0.0,6.495961505413302,0.9279945007733288,0.0,0.0,8.351950506959959,0.0,0.0,0.0,7,6,0.0,0
statsbomb,2,16,8,2014/2015,134,49,224,8206,78.98333333333333,113,2,8,11.394809031441234,81.57894736842105,0.0,0.017699115044247787,25.068579869170712,3.41844270943237,1.1394809031441233,0.0,3.41844270943237,0.07362513,0.0,0.08389442962650348,13,4,0.0,0
statsbomb,2,16,8,2014/2015,134,49,224,8217,4.866666666666666,0,0,0,0.0,0.0,0.0,0.0,92.46575342465754,0.0,0.0,0.0,0.0,0.0,0.0,0.0,0,0,0.0,1
statsbomb,2,16,8,2014/2015,134,49,224,8294,96.96666666666667,103,3,17,18.56308009625301,80.0,0.0,0.019417475728155338,12.994156067377105,2.7844620144379513,0.0,0.9281540048126504,3.7126160192506017,0.066509395,0.0,0.06173096132691647,16,12,0.0,2
statsbomb,2,16,9,2015/2016,135,48,212,,120.0,0,0,0,0.0,0.0,0.0,0.0,0.0,0.0,0.0,0.0,0.0,0.0,0.0,0.0,0,0,0.0,0
statsbomb,2,16,9,2015/2016,135,48,212,19668,42.96666666666667,105,2,5,14.662529092319627,86.11111111111111,66.66666666666666,0.009523809523809525,10.473235065942589,10.473235065942589,0.0,0.0,10.473235065942589,0.0,0.0,0.0,7,5,0.0,1
statsbomb,2,16,9,2015/2016,135,48,212,5199,115.98333333333333,320,7,26,25.607127460842072,84.070796460177,100.0,0.003125,10.863629831872395,5.431814915936197,0.0,0.0,2.32792067825837,0.11224049,0.0,0.08709565253628394,42,17,0.0,2
statsbomb,2,16,9,2015/2016,135,48,212,5249,118.98333333333333,138,2,25,20.423028435355093,83.60655737704919,0.0,0.0,7.564084605687071,2.2692253817061214,0.0,0.7564084605687071,4.538450763412243,0.18377863,0.0,0.13901171060372602,10,8,0.0,1
statsbomb,2,16,9,2015/2016,135,48,212,5484,12.916666666666666,14,1,4,34.83870967741935,85.71428571428571,0.0,0.0,27.870967741935484,6.967741935483871,0.0,0.0,6.967741935483871,0.0,0.0,0.0,1,0,0.0,0
statsbomb,2,16,9,2015/2016,135,48,212,5487,120.0,208,6,13,14.25,84.84848484848484,25.0,0.028846153846153848,10.5,4.5,0.0,0.0,6.0,1.877176356,0.0,1.4078822670000002,26,8,0.0,2
statsbomb,2,16,9,2015/2016,135,48,212,5633,74.96666666666667,137,12,3,18.008003557136504,75.75757575757575,90.9090909090909,0.043795620437956206,8.403734993330369,13.205869275233436,0.0,0.0,6.002667852378835,0.60773103,0.0,0.7296015033348153,22,5,0.0,2
statsbomb,2,16,9,2015/2016,135,48,212,6320,104.98333333333333,252,19,25,37.72027305921575,84.44444444444444,66.66666666666666,0.007936507936507936,9.430068264803937,13.716462930623909,1.7145578663279886,0.0,2.571836799491983,0.0,0.0,0.0,49,22,0.0,2
statsbomb,2,16,9,2015/2016,135,48,212,6375,120.0,154,6,10,12.0,87.6923076923077,66.66666666666666,0.012987012987012988,7.5,1.5,0.0,0.0,4.5,0.801610937,0.0,0.60120820275,25,4,0.0,2
statsbomb,2,16,9,2015/2016,135,48,212,6376,118.98333333333333,113,3,19,16.640986132511557,84.0,0.0,0.0,6.807676145118364,1.5128169211374143,0.0,0.0,3.0256338422748286,0.31139183,0.0,0.23553941476397255,6,5,0.0,3
statsbomb,2,16,9,2015/2016,135,48,212,6378,120.0,35,2,20,16.5,70.83333333333334,0.0,0.0,0.0,0.75,0.0,0.0,3.0,0.0,0.0,0.0,4,3,0.0,0
statsbomb,2,16,9,2015/2016,135,48,212,6381,120.0,131,5,12,12.75,61.904761904761905,66.66666666666666,0.05343511450381679,12.0,3.75,0.0,0.0,4.5,0.88122811,0.0,0.6609210825,22,7,0.0,3
statsbomb,2,16,9,2015/2016,135,48,212,6382,120.0,39,2,0,1.5,36.36363636363637,50.0,0.02564102564102564,10.5,0.0,0.0,0.0,1.5,0.09830945,0.0,0.0737320875,7,2,0.0,1
statsbomb,2,16,9,2015/2016,135,48,212,6383,6.933333333333334,10,2,0,25.96153846153846,100.0,0.0,0.2,38.94230769230769,25.96153846153846,0.0,0.0,12.98076923076923,0.0,0.0,0.0,0,0,0.0,1
statsbomb,2,16,9,2015/2016,135,48,212,6384,120.0,306,10,41,38.25,86.4406779661017,100.0,0.00980392156862745,9.0,9.0,3.0,0.75,8.25,0.798940093,0.0,0.59920506975,43,28,0.0,2
statsbomb,2,16,9,2015/2016,135,47,220,,120.0,0,0,0,0.0,0.0,0.0,0.0,0.0,0.0,0.0,0.0,0.0,0.0,0.0,0.0,0,0,0.0,0
statsbomb,2,16,9,2015/2016,135,47,220,19677,76.98333333333333,116,2,5,8.183589521541458,70.37037037037037,0.0,0.06896551724137931,14.029010608356787,4.676336869452262,2.338168434726131,0.0,2.338168434726131,0.64250675,0.0,0.7511445009742368,11,2,0.0,1
statsbomb,2,16,9,2015/2016,135,47,220,20016,118.96666666666667,113,1,12,9.834687587559541,87.5,0.0,0.0,5.295601008685907,0.0,0.0,0.0,3.0260577192490894,0.0,0.0,0.0,7,3,0.0,2
statsbomb,2,16,9,2015/2016,135,47,220,3063,70.96666666666667,113,3,12,19.02301550023485,78.26086956521739,0.0,0.0,7.609206200093941,3.8046031000469704,0.0,3.8046031000469704,7.609206200093941,0.021145633,0.0,0.026816913621418508,15,5,0.0,0
statsbomb,2,16,9,2015/2016,135,47,220,4926,45.983333333333334,104,9,7,31.31569409206234,87.87878787878788,100.0,0.009615384615384616,29.358463211308443,15.65784704603117,0.0,3.9144617615077926,3.9144617615077926,0.0,0.0,0.0,20,10,0.0,2
statsbomb,2,16,9,2015/2016,135,47,220,5200,44.983333333333334,66,5,1,12.004446091144867,75.0,75.0,0.030303030303030304,36.013338273434606,8.002964060763246,2.0007410151908114,0.0,2.0007410151908114,0.8646711,0.0,1.7299829344201556,10,2,0.0,4
statsbomb,2,16,9,2015/2016,135,47,220,5201,120.0,123,1,24,18.75,89.79591836734694,0.0,0.008130081300813009,4.5,0.75,0.0,0.75,1.5,1.3458978,0.0,1.00942335,3,2,0.0,1
statsbomb,2,16,9,2015/2016,135,47,220,5207,120.0,158,3,4,5.25,80.0,60.0,0.04430379746835443,7.5,3.75,0.0,0.75,6.0,1.385629477,0.0,1.03922210775,11,4,0.0,1
statsbomb,2,16,9,2015/2016,135,47,220,5463,120.0,198,9,22,23.25,90.14084507042254,0.0,0.015151515151515152,15.0,3.75,0.0,0.75,6.75,0.024222028,0.0,0.018166520999999998,30,19,0.0,1
statsbomb,2,16,9,2015/2016,135,47,220,5539,119.98333333333333,169,4,27,23.253229615224335,90.0,66.66666666666666,0.005917159763313609,16.502291984997914,3.0004167245450755,2.2503125434088065,0.7501041811362689,8.251145992498957,0.07816885,0.0,0.05863478121961383,21,11,0.0,2
statsbomb,2,16,9,2015/2016,135,47,220,5552,120.0,199,8,28,27.0,81.08108108108108,100.0,0.020100502512562814,9.75,3.75,0.0,0.75,5.25,0.816152855,0.0,0.61211464125,29,13,0.0,2
statsbomb,2,16,9,2015/2016,135,47,220,5574,70.98333333333333,119,3,18,26.625968537215307,90.69767441860465,100.0,0.008403361344537815,29.161775064569145,2.535806527353839,0.0,0.0,2.535806527353839,0.023983413,0.0,0.030408647616811457,11,6,0.0,2
statsbomb,2,16,9,2015/2016,135,47,220,5597,120.0,69,1,37,28.5,57.49999999999999,0.0,0.0,0.0,0.75,0.0,0.0,1.5,0.0,0.0,0.0,6,6,0.0,0
statsbomb,2,16,9,2015/2016,135,47,220,5721,47.96666666666667,105,3,6,16.886726893676162,90.2439024390244,0.0,0.009523809523809525,13.134120917303683,5.628908964558721,0.0,0.0,1.8763029881862403,0.0,0.0,0.0,6,1,0.0,1
statsbomb,2,16,9,2015/2016,135,47,220,6399,118.98333333333333,173,8,12,15.128169211374143,78.57142857142857,88.88888888888889,0.017341040462427744,9.076901526824486,6.807676145118364,0.7564084605687071,0.0,0.7564084605687071,1.2984363316,0.0,0.9821482267320354,23,10,0.0,0
statsbomb,2,16,10,2016/2017,136,47,220,,94.7,0,0,0,0.0,0.0,0.0,0.0,0.0,0.0,0.0,0.0,0.0,0.0,0.0,0.0,0,0,0.0,0
statsbomb,2,16,10,2016/2017,136,47,220,19677,76.96666666666667,94,6,5,12.862711130359463,86.95652173913044,80.0,0.031914893617021274,7.0160242529233425,3.5080121264616713,0.0,0.0,0.0,0.0675641,0.0,0.07900522737115634,17,6,0.0,1
statsbomb,2,16,10,2016/2017,136,47,220,3477,1.0,3,1,0,90.0,0.0,0.0,0.0,0.0,90.0,0.0,0.0,0.0,0.024945462,0.0,2.24509158,0,0,0.0,0
statsbomb,2,16,10,2016/2017,136,47,220,4926,79.98333333333333,178,8,9,19.128985205251094,86.53846153846155,75.0,0.016853932584269662,9.001875390706397,5.626172119191498,0.0,0.0,2.2504688476765993,0.078681202,0.0,0.08853479699937487,19,9,0.0,1
statsbomb,2,16,10,2016/2017,136,47,220,5201,92.98333333333333,162,0,34,32.909123498834916,93.54838709677419,0.0,0.0,2.903746191073669,0.9679153970245563,0.0,1.9358307940491126,2.903746191073669,0.0,0.0,0.0,8,4,0.0,2
statsbomb,2,16,10,2016/2017,136,47,220,5207,88.93333333333334,94,6,3,9.107946026986506,86.36363636363636,0.0,0.031914893617021274,5.059970014992503,5.059970014992503,0.0,0.0,3.035982008995502,0.7711843310000001,0.0,0.7804339181784108,8,2,0.0,0
statsbomb,2,16,10,2016/2017,136,47,220,5463,93.98333333333333,179,5,18,22.025181769817344,87.93103448275862,100.0,0.0,14.364248980315658,7.660932789501684,0.0,0.9576165986877105,6.703316190813974,0.036176078,0.0,0.034642812768221315,21,13,0.0,2
statsbomb,2,16,10,2016/2017,136,47,220,5485,92.98333333333333,121,1,15,15.486646352392901,87.5,0.0,0.0,5.807492382147338,1.9358307940491126,0.0,1.9358307940491126,3.8716615880982252,0.0,0.0,0.0,4,2,0.0,1
statsbomb,2,16,10,2016/2017,136,47,220,5539,93.98333333333333,149,2,13,14.364248980315658,92.5925925925926,100.0,0.0,14.364248980315658,1.915233197375421,0.0,0.9576165986877105,3.830466394750842,0.027707027999999998,0.0,0.02653270991310516,8,6,0.0,5
statsbomb,2,16,10,2016/2017,136,47,220,5552,92.96666666666667,196,2,28,29.042667622803872,85.91549295774648,100.0,0.01020408163265306,7.744711366081033,2.904266762280387,0.0,0.0,6.776622445320903,0.08177975200000001,0.0,0.07917007185371101,27,11,0.0,2
statsbomb,2,16,10,2016/2017,136,47,220,5574,88.96666666666667,208,7,20,27.31360059947546,89.1891891891892,100.0,0.0,15.174222555264144,3.034844511052829,0.0,2.0232296740352194,4.046459348070439,0.059818856,0.0,0.06051364226301986,16,8,0.0,1
statsbomb,2,16,10,2016/2017,136,47,220,5597,90.98333333333333,34,0,15,14.83788239604323,73.68421052631578,0.0,0.0,0.0,0.0,0.0,0.0,2.9675764792086463,0.0,0.0,0.0,5,4,0.0,0
statsbomb,2,16,10,2016/2017,136,47,220,5719,9.95,15,0,3,27.1356783919598,60.0,0.0,0.0,18.090452261306535,9.045226130653267,0.0,0.0,18.090452261306535,0.40126145,0.0,3.6295005527638198,2,1,0.0,0
statsbomb,2,16,10,2016/2017,136,47,220,5721,93.96666666666667,165,3,17,19.155728981908478,86.15384615384616,0.0,0.012121212121212121,6.7045051436679675,3.8311457963816955,0.0,0.9577864490954239,4.7889322454771195,0.0,0.0,0.0,20,5,0.0,2
statsbomb,2,16,10,2016/2017,136,47,220,6399,15.95,23,1,3,22.570532915360502,66.66666666666666,100.0,0.0,5.6426332288401255,5.6426332288401255,0.0,0.0,5.6426332288401255,0.02260328,0.0,0.12754201880877744,3,4,0.0,1
statsbomb,2,16,10,2016/2017,136,49,224,,94.53333333333333,0,0,0,0.0,0.0,0.0,0.0,0.0,0.0,0.0,0.0,0.0,0.0,0.0,0.0,0,0,0.0,0
statsbomb,2,16,10,2016/2017,136,49,224,3951,16.916666666666668,15,0,2,10.64039408866995,80.0,0.0,0.0,37.241379310344826,0.0,0.0,0.0,5.320197044334975,0.0,0.0,0.0,3,2,0.0,0
statsbomb,2,16,10,2016/2017,136,49,224,4324,93.98333333333333,145,5,9,13.406632381627947,79.62962962962963,0.0,0.020689655172413793,17.23709877637879,3.830466394750842,0.0,2.8728497960631314,5.745699592126263,0.0,0.0,0.0,21,3,0.0,3
statsbomb,2,16,10,2016/2017,136,49,224,5472,93.98333333333333,118,2,8,9.576165986877106,66.66666666666666,0.0,0.00847457627118644,12.449015782940236,3.830466394750842,0.0,0.9576165986877105,2.8728497960631314,0.03708837,0.0,0.03551643873027133,21,3,0.0,1
statsbomb,2,16,10,2016/2017,136,49,224,5497,93.96666666666667,82,3,1,3.8311457963816955,66.66666666666666,66.66666666666666,0.024390243902439025,9.577864490954239,2.8733593472862715,0.0,0.9577864490954239,0.9577864490954239,0.146009786,0.0,0.13984619446612273,10,1,0.0,0
statsbomb,2,16,10,2016/2017,136,49,224,5566,91.96666666666667,104,2,6,7.828923523015585,94.87179487179486,0.0,0.0,11.743385284523377,0.9786154403769481,0.0,0.9786154403769481,2.9358463211308443,0.0,0.0,0.0,12,7,0.0,1
statsbomb,2,16,10,2016/2017,136,49,224,5689,15.833333333333334,16,1,2,17.05263157894737,33.33333333333333,0.0,0.0625,28.421052631578945,5.684210526315789,0.0,5.684210526315789,0.0,0.0,0.0,0.0,2,1,0.0,0
statsbomb,2,16,10,2016/2017,136,49,224,5743,77.98333333333333,106,3,4,8.07864928403505,73.33333333333333,100.0,0.02830188679245283,6.9245565291729,3.46227826458645,0.0,0.0,1.15409275486215,0.02529055,0.0,0.029187640521478948,11,4,0.0,0
statsbomb,2,16,10,2016/2017,136,49,224,6943,63.916666666666664,59,0,9,12.672750977835724,85.71428571428571,0.0,0.0,14.08083441981747,0.0,0.0,2.8161668839634943,1.4080834419817472,0.0,0.0,0.0,6,5,0.0,0
statsbomb,2,16,10,2016/2017,136,49,224,6945,91.98333333333333,128,13,15,27.39626743975358,76.59574468085107,100.0,0.0078125,5.870628737090053,8.805943105635079,0.0,0.9784381228483421,4.89219061424171,0.07065242,0.0,0.06912902119949266,27,12,0.0,1
statsbomb,2,16,10,2016/2017,136,49,224,6947,70.98333333333333,144,5,17,27.893871800892228,84.31372549019608,100.0,0.0,12.679032636769193,6.339516318384597,0.0,0.0,5.071613054707678,0.14013331,0.0,0.1776754810988495,15,6,0.0,2
statsbomb,2,16,10,2016/2017,136,49,224,6949,83.98333333333333,41,1,18,20.361182774359992,87.5,0.0,0.0,0.0,1.0716411986505259,0.0,0.0,3.2149235959515776,0.0,0.0,0.0,1,1,0.0,0
statsbomb,2,16,10,2016/2017,136,49,224,6954,92.98333333333333,95,4,22,25.165800322638464,88.09523809523809,0.0,0.0,0.9679153970245563,1.9358307940491126,0.0,0.0,3.8716615880982252,0.0,0.0,0.0,10,10,0.0,1
statsbomb,2,16,10,2016/2017,136,49,224,7173,89.98333333333333,106,3,27,30.005556584552693,82.6086956521739,0.0,0.0,3.0005556584552693,2.0003704389701795,1.0001852194850898,0.0,6.001111316910539,0.0,0.0,0.0,17,13,0.0,0
statsbomb,2,16,10,2016/2017,136,49,224,8294,22.95,45,1,10,43.13725490196079,73.68421052631578,0.0,0.0,7.843137254901961,3.9215686274509807,0.0,0.0,0.0,0.0,0.0,0.0,8,6,0.0,0
statsbomb,2,16,11,2017/2018,137,47,220,,93.56666666666666,0,0,0,0.0,0.0,0.0,0.0,0.0,0.0,0.0,0.0,0.0,0.0,0.0,0.0,0,0,0.0,0
statsbomb,2,16,11,2017/2018,137,47,220,19677,88.98333333333333,129,0,5,5.057126802772055,92.3076923076923,0.0,0.007751937984496124,6.068552163326466,2.022850721108822,0.0,1.011425360554411,2.022850721108822,0.820717093,0.0,0.830094081700693,16,3,0.0,1
statsbomb,2,16,11,2017/2018,137,47,220,4926,59.983333333333334,165,4,9,19.505418171714364,94.0,100.0,0.012121212121212121,10.502917477076965,6.001667129758266,0.0,0.0,9.002500694637398,0.229513955,0.0,0.34436658988607943,22,6,0.0,2
statsbomb,2,16,11,2017/2018,137,47,220,5201,89.98333333333333,207,4,36,40.00740877940359,91.76470588235294,0.0,0.0,11.002037414335987,6.001111316910539,0.0,0.0,4.000740877940359,0.0,0.0,0.0,10,6,0.0,6
statsbomb,2,16,11,2017/2018,137,47,220,5202,55.93333333333333,132,1,12,20.917759237187127,88.67924528301887,100.0,0.007575757575757576,4.827175208581645,1.6090584028605484,0.0,1.6090584028605484,1.6090584028605484,0.048763823,0.0,0.07846383915375447,14,3,0.0,0
statsbomb,2,16,11,2017/2018,137,47,220,5207,92.98333333333333,128,9,1,9.679153970245563,94.28571428571428,0.0,0.0546875,1.9358307940491126,8.711238573221006,0.9679153970245563,0.0,0.9679153970245563,0.467129876,0.0,0.45214219939057176,12,4,0.0,0
statsbomb,2,16,11,2017/2018,137,47,220,5463,92.98333333333333,219,3,10,12.582900161319232,93.05555555555556,60.0,0.0091324200913242,15.486646352392901,4.839576985122782,0.0,0.9679153970245563,3.8716615880982252,0.03428409,0.0,0.03318409858397563,18,6,0.0,3
statsbomb,2,16,11,2017/2018,137,47,220,5485,89.98333333333333,162,2,16,18.003333950731616,90.32258064516128,0.0,0.0,1.0001852194850898,5.000926097425449,0.0,1.0001852194850898,3.0005556584552693,0.0,0.0,0.0,4,3,0.0,0
statsbomb,2,16,11,2017/2018,137,47,220,5539,91.98333333333333,100,0,7,6.849066859938395,92.10526315789474,0.0,0.01,16.633448088421815,0.0,0.0,0.9784381228483421,2.9353143685450265,0.0,0.0,0.0,10,3,0.0,3
statsbomb,2,16,11,2017/2018,137,47,220,5552,91.98333333333333,227,4,29,32.28845805399529,85.71428571428571,50.0,0.004405286343612335,9.78438122848342,1.9568762456966842,0.0,0.9784381228483421,7.827504982786737,0.023375953,0.0,0.02287192357311107,44,20,0.0,1
statsbomb,2,16,11,2017/2018,137,47,220,5574,92.96666666666667,238,3,27,29.042667622803872,92.3913043478261,0.0,0.0,8.712800286841162,1.9361778415202582,0.0,0.0,5.808533524560774,0.0,0.0,0.0,30,10,0.0,1
statsbomb,2,16,11,2017/2018,137,47,220,5597,89.98333333333333,44,1,16,17.003148731246526,63.63636363636363,0.0,0.0,0.0,1.0001852194850898,0.0,0.0,3.0005556584552693,0.0,0.0,0.0,5,2,0.0,0
statsbomb,2,16,11,2017/2018,137,47,220,5719,3.6666666666666665,7,0,0,0.0,50.0,0.0,0.14285714285714285,49.09090909090909,24.545454545454547,0.0,0.0,0.0,0.0,0.0,0.0,1,0,0.0,0
statsbomb,2,16,11,2017/2018,137,47,220,5721,36.96666666666667,79,1,8,21.911632100991884,80.64516129032258,100.0,0.012658227848101266,12.17312894499549,4.869251577998196,0.0,4.869251577998196,0.0,0.0,0.0,0.0,11,3,0.0,1
statsbomb,2,16,11,2017/2018,137,47,220,6399,31.966666666666665,38,2,1,8.446298227320126,87.5,0.0,0.02631578947368421,8.446298227320126,5.630865484880084,2.815432742440042,0.0,2.815432742440042,0.0533344627,0.0,0.15015959258602712,1,2,0.0,0
statsbomb,2,16,11,2017/2018,137,50,24,,93.68333333333334,0,0,0,0.0,0.0,0.0,0.0,0.0,0.0,0.0,0.0,0.0,0.0,0.0,0.0,0,0,0.0,0
statsbomb,2,16,11,2017/2018,137,50,24,3471,92.98333333333333,89,1,18,18.39039254346657,78.78787878787878,0.0,0.0,4.839576985122782,1.9358307940491126,0.0,0.9679153970245563,2.903746191073669,0.04927483,0.0,0.047693866642767514,8,7,0.0,1
statsbomb,2,16,11,2017/2018,137,50,24,3473,82.98333333333333,85,0,6,6.507330789315123,71.42857142857143,0.0,0.0,22.775657762602933,1.0845551315525206,0.0,0.0,6.507330789315123,0.0437719,0.0,0.04747303876280378,18,2,0.0,2
statsbomb,2,16,11,2017/2018,137,50,24,3493,8.833333333333334,8,0,0,0.0,100.0,0.0,0.0,10.188679245283017,0.0,0.0,0.0,0.0,0.0,0.0,0.0,0,0,0.0,0
statsbomb,2,16,11,2017/2018,137,50,24,3531,29.966666666666665,45,0,3,9.010011123470523,90.9090909090909,0.0,0.0,15.016685205784206,3.003337041156841,0.0,0.0,6.006674082313682,0.09362820499999999,0.0,0.28119705617352614,6,1,0.0,1
statsbomb,2,16,11,2017/2018,137,50,24,3532,92.96666666666667,112,0,15,14.521333811401936,92.85714285714286,100.0,0.0,11.617067049121548,0.0,0.9680889207601291,0.0,3.8723556830405164,0.0,0.0,0.0,8,6,0.0,0
statsbomb,2,16,11,2017/2018,137,50,24,3535,92.93333333333334,96,0,6,5.810616929698709,72.41379310344827,0.0,0.020833333333333332,18.40028694404591,0.9684361549497847,0.9684361549497847,0.0,5.810616929698709,0.167735634,0.0,0.16244125243902438,11,2,0.0,4
statsbomb,2,16,11,2017/2018,137,50,24,3567,89.95,114,8,10,18.01000555864369,79.48717948717949,66.66666666666666,0.017543859649122806,10.00555864369094,7.003891050583658,0.0,0.0,6.003335186214564,0.03639871,0.0,0.03641894274596998,15,13,0.0,2
statsbomb,2,16,11,2017/2018,137,50,24,3629,92.98333333333333,90,6,3,8.711238573221006,70.58823529411765,50.0,0.05555555555555555,20.326223337515682,5.807492382147338,1.9358307940491126,0.0,5.807492382147338,0.689077944,0.0,0.6669691517476249,12,2,0.0,1
statsbomb,2,16,11,2017/2018,137,50,24,3630,80.98333333333333,49,1,18,21.115455855114224,78.57142857142857,0.0,0.0,0.0,2.222679563696234,0.0,0.0,4.445359127392468,0.0,0.0,0.0,3,3,0.0,0
statsbomb,2,16,11,2017/2018,137,50,24,3655,90.98333333333333,103,5,15,19.78384319472431,82.5,100.0,0.0,13.848690236307016,4.945960798681077,0.9891921597362154,0.9891921597362154,3.9567686389448617,0.0,0.0,0.0,17,13,0.0,3
statsbomb,2,16,11,2017/2018,137,50,24,3664,89.98333333333333,97,1,20,21.003889609186885,54.54545454545454,0.0,0.0,6.001111316910539,1.0001852194850898,1.0001852194850898,0.0,5.000926097425449,0.03727715,0.0,0.03728405445452861,19,9,0.0,0
statsbomb,2,16,11,2017/2018,137,50,24,3669,89.98333333333333,66,0,10,10.001852194850898,68.96551724137932,0.0,0.0,5.000926097425449,0.0,0.0,0.0,3.0005556584552693,0.24867696,0.0,0.24872301981848488,3,3,0.0,0
statsbomb,2,16,11,2017/2018,137,50,24,4090,61.983333333333334,35,0,1,1.452003226673837,70.0,100.0,0.02857142857142857,21.780048400107553,0.0,0.0,1.452003226673837,5.808012906695348,0.061225574,0.0,0.08889973100295778,1,0,0.0,2
statsbomb,2,16,12,2018/2019,138,50,24,,95.98333333333333,0,0,0,0.0,0.0,0.0,0.0,0.0,0.0,0.0,0.0,0.0,0.0,0.0,0.0,0,0,0.0,0
statsbomb,2,16,12,2018/2019,138,50,24,3247,94.95,52,0,11,10.42654028436019,65.21739130434783,0.0,0.0,27.488151658767773,0.0,0.0,0.0,2.843601895734597,0.020487793,0.0,0.019419709004739338,5,3,0.0,4
statsbomb,2,16,12,2018/2019,138,50,24,3473,30.966666666666665,22,1,3,11.625403659849301,57.14285714285714,0.0,0.0,31.96986006458558,2.9063509149623252,0.0,0.0,2.9063509149623252,0.044091757,0.0,0.12814611829924652,3,1,0.0,0
statsbomb,2,16,12,2018/2019,138,50,24,3495,2.8833333333333333,2,0,1,31.213872832369944,0.0,0.0,0.0,62.42774566473989,0.0,0.0,0.0,62.42774566473989,0.0,0.0,0.0,0,0,0.0,0
statsbomb,2,16,12,2018/2019,138,50,24,3502,94.96666666666667,54,2,15,16.11091611091611,70.37037037037037,0.0,0.0,13.267813267813267,1.8954018954018954,0.0,2.843102843102843,4.738504738504739,0.0,0.0,0.0,9,6,0.0,2
statsbomb,2,16,12,2018/2019,138,50,24,3531,93.98333333333333,94,1,2,2.8728497960631314,41.17647058823529,0.0,0.031914893617021274,32.55896435538216,0.9576165986877105,0.0,0.0,3.830466394750842,0.937532585,0.0,0.8977967652065969,14,1,0.0,2
statsbomb,2,16,12,2018/2019,138,50,24,3532,93.98333333333333,73,4,9,12.449015782940236,61.53846153846154,0.0,0.0136986301369863,27.770881361943605,1.915233197375421,0.0,3.830466394750842,5.745699592126263,0.045744296000000004,0.0,0.04380549714488385,13,11,0.0,3
statsbomb,2,16,12,2018/2019,138,50,24,3535,57.96666666666667,49,0,0,0.0,72.72727272727273,0.0,0.04081632653061224,46.57849338700402,1.5526164462334675,0.0,1.5526164462334675,4.6578493387004025,0.0,0.0,0.0,8,0,0.0,3
statsbomb,2,16,12,2018/2019,138,50,24,3567,61.983333333333334,38,1,1,2.904006453347674,100.0,0.0,0.02631578947368421,30.492067760150576,1.452003226673837,0.0,0.0,4.356009680021511,0.0,0.0,0.0,6,1,0.0,0
statsbomb,2,16,12,2018/2019,138,50,24,3629,88.98333333333333,101,3,6,9.102828244989698,79.16666666666666,50.0,0.0594059405940594,24.274208653305863,5.057126802772055,0.0,0.0,1.011425360554411,0.0,0.0,0.0,11,6,0.0,3
statsbomb,2,16,12,2018/2019,138,50,24,3655,83.98333333333333,116,7,31,40.722365548719985,62.96296296296296,0.0,0.008620689655172414,12.85969438380631,6.429847191903155,1.0716411986505259,2.1432823973010517,2.1432823973010517,0.0091631785,0.0,0.009819639591188728,20,13,0.0,0
statsbomb,2,16,12,2018/2019,138,50,24,3664,91.98333333333333,83,4,28,31.310019931146947,36.17021276595745,0.0,0.0,17.611886211270157,2.9353143685450265,0.9784381228483421,0.0,4.89219061424171,0.0062032556,0.0,0.006069501764812466,30,15,0.0,2
statsbomb,2,16,12,2018/2019,138,50,24,3669,93.96666666666667,72,1,15,15.324583185526782,78.125,0.0,0.0,5.746718694572543,0.0,0.0,0.9577864490954239,0.9577864490954239,0.061952036,0.0,0.05933682057467187,4,3,0.0,0
statsbomb,2,16,12,2018/2019,138,50,24,4747,36.96666666666667,42,1,5,14.60775473399459,55.55555555555556,0.0,0.023809523809523808,48.69251577998196,2.434625788999098,0.0,0.0,0.0,0.077972755,0.0,0.1898344801623084,6,3,0.0,2
statsbomb,2,16,12,2018/2019,138,50,24,5547,86.96666666666667,67,0,27,27.941740130318127,72.22222222222221,0.0,0.0,0.0,1.0348792640858566,0.0,0.0,5.174396320429283,0.0,0.0,0.0,8,4,0.0,0
statsbomb,2,16,12,2018/2019,138,51,38,,95.7,0,0,0,0.0,0.0,0.0,0.0,0.0,0.0,0.0,0.0,0.0,0.0,0.0,0.0,0,0,0.0,0
statsbomb,2,16,12,2018/2019,138,51,38,10955,94.98333333333333,76,4,4,7.580277241621337,66.66666666666666,0.0,0.0,5.685207931216002,2.842603965608001,0.0,0.0,5.685207931216002,0.05069226,0.0,0.04803267310054395,12,6,0.0,0
statsbomb,2,16,12,2018/2019,138,51,38,10956,20.833333333333332,30,2,3,21.6,70.0,0.0,0.0,0.0,12.96,0.0,0.0,0.0,0.0,0.0,0.0,3,2,0.0,0
statsbomb,2,16,12,2018/2019,138,51,38,20005,94.98333333333333,196,0,29,27.478505000877345,80.26315789473685,0.0,0.0,2.842603965608001,2.842603965608001,0.0,0.9475346552026671,2.842603965608001,0.0,0.0,0.0,16,12,0.0,2
statsbomb,2,16,12,2018/2019,138,51,38,3043,90.98333333333333,142,3,15,17.80545887525188,77.77777777777779,0.0,0.007042253521126761,2.9675764792086463,3.9567686389448617,0.0,0.0,5.935152958417293,0.07639250299999999,0.0,0.0755668650302253,20,8,0.0,0
statsbomb,2,16,12,2018/2019,138,51,38,3077,92.98333333333333,206,2,17,18.39039254346657,85.8974358974359,0.0,0.0,4.839576985122782,3.8716615880982252,0.0,0.9679153970245563,3.8716615880982252,0.057148643,0.0,0.05531505147875963,6,6,0.0,0
statsbomb,2,16,12,2018/2019,138,51,38,3082,65.98333333333333,130,4,10,19.095731245263956,79.59183673469387,0.0,0.007692307692307693,9.547865622631978,9.547865622631978,0.0,0.0,4.091942409699419,0.0,0.0,0.0,10,9,0.0,1
statsbomb,2,16,12,2018/2019,138,51,38,3083,90.98333333333333,111,6,4,9.891921597362154,69.23076923076923,25.0,0.04504504504504504,9.891921597362154,7.9135372778897235,0.0,0.0,2.9675764792086463,0.12390858299999999,0.0,0.1225693988276241,12,6,0.0,4
statsbomb,2,16,12,2018/2019,138,51,38,3091,73.98333333333333,98,4,6,12.16490200495607,85.29411764705883,0.0,0.01020408163265306,7.2989412029736425,3.6494706014868212,0.0,1.216490200495607,8.51543140346925,0.026188651,0.0,0.031858237305699484,6,5,0.0,2
statsbomb,2,16,12,2018/2019,138,51,38,3094,79.95,124,3,11,15.75984990619137,77.77777777777779,0.0,0.008064516129032258,13.50844277673546,2.25140712945591,0.0,0.0,6.75422138836773,0.33853526,0.0,0.38109034896810506,20,5,0.0,1
statsbomb,2,16,12,2018/2019,138,51,38,3099,93.98333333333333,142,0,32,30.643731158006737,80.0,0.0,0.0,0.0,0.0,0.0,0.0,5.745699592126263,0.0,0.0,0.0,4,4,0.0,0
statsbomb,2,16,12,2018/2019,138,51,38,3308,93.98333333333333,160,1,22,22.025181769817344,75.32467532467533,0.0,0.0,3.830466394750842,0.0,0.9576165986877105,0.0,6.703316190813974,0.0,0.0,0.0,27,9,0.0,0
statsbomb,2,16,12,2018/2019,138,51,38,3486,13.733333333333333,15,0,0,0.0,50.0,0.0,0.06666666666666667,6.553398058252427,0.0,0.0,0.0,0.0,0.0,0.0,0.0,2,0,0.0,0
statsbomb,2,16,12,2018/2019,138,51,38,3594,91.98333333333333,127,8,19,26.417829316905237,89.79591836734694,66.66666666666666,0.031496062992125984,3.9137524913933683,4.89219061424171,0.0,0.9784381228483421,6.849066859938395,0.047833169,0.0,0.04680179608624751,12,8,0.0,1
statsbomb,2,16,12,2018/2019,138,51,38,3745,28.85,28,0,2,6.239168110918544,80.0,100.0,0.07142857142857142,9.358752166377815,6.239168110918544,0.0,0.0,3.119584055459272,0.20356458,0.0,0.6350368180242634,0,0,0.0,0
statsbomb,2,16,13,2008/2009,139,43,217,,93.45,0,0,0,0.0,0.0,0.0,0.0,0.0,0.0,0.0,0.0,0.0,0.0,0.0,0.0,0,0,0.0,0
statsbomb,2,16,13,2008/2009,139,43,217,15516,69.95,63,2,1,3.8598999285203717,86.66666666666667,33.33333333333333,0.031746031746031744,2.573266619013581,2.573266619013581,0.0,1.2866333095067906,2.573266619013581,0.16074362599999997,0.0,0.20681810350250174,10,1,0.0,0
statsbomb,2,16,13,2008/2009,139,43,217,19298,91.98333333333333,81,1,3,3.9137524913933683,75.0,100.0,0.04938271604938271,13.69813371987679,0.9784381228483421,0.0,0.0,4.89219061424171,0.10226101,0.0,0.10005607066497554,15,2,0.0,2
statsbomb,2,16,13,2008/2009,139,43,217,20125,89.98333333333333,119,3,22,25.004630487127244,71.69811320754717,0.0,0.01680672268907563,14.002593072791257,2.0003704389701795,1.0001852194850898,2.0003704389701795,4.000740877940359,0.5130466499999999,0.0,0.51314167623634,19,11,0.0,0
statsbomb,2,16,13,2008/2009,139,43,217,20131,92.98333333333333,227,6,21,26.13371571966302,94.04761904761905,100.0,0.0,17.422477146442013,4.839576985122782,0.0,0.0,4.839576985122782,0.10016939849999999,0.0,0.09695550311883849,33,15,0.0,1
statsbomb,2,16,13,2008/2009,139,43,217,20169,18.816666666666666,31,1,3,19.131975199291407,92.3076923076923,0.0,0.0,9.565987599645704,4.782993799822852,0.0,0.0,4.782993799822852,0.0,0.0,0.0,4,3,0.0,0
statsbomb,2,16,13,2008/2009,139,43,217,20176,90.96666666666667,51,2,22,23.744961524367902,53.333333333333336,0.0,0.0,0.0,3.95749358739465,0.0,0.0,4.946866984243313,0.0,0.0,0.0,11,8,0.0,0
statsbomb,2,16,13,2008/2009,139,43,217,25854,89.98333333333333,142,9,16,25.004630487127244,81.66666666666667,0.0,0.007042253521126761,6.001111316910539,4.000740877940359,1.0001852194850898,2.0003704389701795,3.0005556584552693,0.0,0.0,0.0,20,13,0.0,3
statsbomb,2,16,13,2008/2009,139,43,217,3087,88.96666666666667,81,2,17,19.220681903334583,81.81818181818183,0.0,0.0,10.116148370176097,3.034844511052829,0.0,1.0116148370176097,3.034844511052829,0.0,0.0,0.0,3,3,0.0,2
statsbomb,2,16,13,2008/2009,139,43,217,5203,91.96666666666667,116,3,9,11.743385284523377,88.37209302325581,0.0,0.008620689655172414,25.444001449800652,1.9572308807538963,0.0,0.9786154403769481,0.0,0.0,0.0,0.0,7,3,0.0,5
statsbomb,2,16,13,2008/2009,139,43,217,5213,88.95,96,3,21,24.283305227655987,82.85714285714286,0.0,0.0,6.070826306913997,4.0472175379426645,0.0,1.0118043844856661,0.0,0.0,0.0,0.0,4,3,0.0,1
statsbomb,2,16,13,2008/2009,139,43,217,5216,92.98333333333333,214,9,13,21.29413873454024,92.95774647887323,50.0,0.014018691588785047,15.486646352392901,7.7433231761964505,0.0,0.9679153970245563,6.7754077791718945,0.079452524,0.0,0.07690332131206308,27,14,0.0,6
statsbomb,2,16,13,2008/2009,139,43,217,5503,93.98333333333333,206,11,7,17.23709877637879,91.22807017543859,100.0,0.024271844660194174,22.025181769817344,13.406632381627947,0.0,0.9576165986877105,4.788082993438553,0.243071227,0.0,0.2327690416385884,26,10,0.0,4
statsbomb,2,16,13,2008/2009,139,44,39,,93.58333333333333,0,0,0,0.0,0.0,0.0,0.0,0.0,0.0,0.0,0.0,0.0,0.0,0.0,0.0,0,0,0.0,0
statsbomb,2,16,13,2008/2009,139,44,39,15036,88.96666666666667,86,3,34,37.429748969651556,69.23076923076923,0.0,0.0,1.0116148370176097,3.034844511052829,0.0,0.0,7.081303859123268,0.0,0.0,0.0,10,8,0.0,0
statsbomb,2,16,13,2008/2009,139,44,39,15666,16.933333333333334,32,0,4,21.25984251968504,100.0,0.0,0.0,10.62992125984252,0.0,0.0,0.0,0.0,0.0,0.0,0.0,2,1,0.0,0
statsbomb,2,16,13,2008/2009,139,44,39,16890,91.98333333333333,122,3,16,18.5903243341185,94.23076923076923,100.0,0.00819672131147541,9.78438122848342,0.9784381228483421,0.9784381228483421,0.0,1.9568762456966842,0.0,0.0,0.0,16,9,0.0,0
statsbomb,2,16,13,2008/2009,139,44,39,19892,17.833333333333332,34,1,4,25.233644859813083,91.66666666666666,0.0,0.0,10.093457943925234,5.046728971962617,0.0,5.046728971962617,0.0,0.14614495,0.0,0.737553953271028,6,3,0.0,0
statsbomb,2,16,13,2008/2009,139,44,39,20008,91.96666666666667,95,6,9,14.679231605654222,85.36585365853658,50.0,0.010526315789473684,4.893077201884741,4.893077201884741,0.9786154403769481,0.0,3.9144617615077926,0.0,0.0,0.0,14,6,0.0,1
statsbomb,2,16,13,2008/2009,139,44,39,20171,90.96666666666667,134,2,20,21.766214730670576,90.9090909090909,0.0,0.0,7.9149871747893,3.95749358739465,0.9893733968486625,0.9893733968486625,2.9681201905459877,0.0,0.0,0.0,6,4,0.0,0
statsbomb,2,16,13,2008/2009,139,44,39,20172,92.98333333333333,144,1,31,30.973292704785802,84.61538461538461,0.0,0.0,4.839576985122782,0.9679153970245563,0.0,0.9679153970245563,4.839576985122782,0.0,0.0,0.0,4,3,0.0,0
statsbomb,2,16,13,2008/2009,139,44,39,20173,64.98333333333333,66,0,3,4.154911515773275,66.66666666666666,0.0,0.07575757575757576,16.6196460630931,1.3849705052577583,1.3849705052577583,0.0,2.7699410105155167,0.24934603,0.0,0.34533689715311616,5,3,0.0,3
statsbomb,2,16,13,2008/2009,139,44,39,20175,74.9,66,2,5,8.411214953271028,77.77777777777779,0.0,0.0,4.806408544726302,2.403204272363151,0.0,0.0,2.403204272363151,0.22557407000000002,0.0,0.2710502843791722,11,3,0.0,0
statsbomb,2,16,13,2008/2009,139,44,39,20666,46.983333333333334,57,1,2,5.746718694572543,86.66666666666667,0.0,0.05263157894736842,26.81802057467187,1.9155728981908478,0.0,0.0,3.8311457963816955,0.0,0.0,0.0,7,3,0.0,1
statsbomb,2,16,13,2008/2009,139,44,39,3538,91.98333333333333,143,2,12,13.69813371987679,62.22222222222222,40.0,0.04195804195804196,5.870628737090053,5.870628737090053,0.0,0.0,3.9137524913933683,0.016718948,0.0,0.016358456097119042,21,6,0.0,0
statsbomb,2,16,13,2008/2009,139,44,39,38411,45.96666666666667,43,1,3,7.8317621464829585,92.85714285714286,0.0,0.023255813953488372,11.747643219724438,0.0,0.0,1.9579405366207396,5.873821609862219,0.0,0.0,0.0,4,2,0.0,0
statsbomb,2,16,13,2008/2009,139,44,39,4751,90.98333333333333,168,2,22,23.74061183366917,75.40983606557377,100.0,0.011904761904761904,14.83788239604323,0.9891921597362154,0.9891921597362154,1.9783843194724309,0.9891921597362154,0.0,0.0,0.0,19,15,0.0,2
statsbomb,2,16,13,2008/2009,139,44,39,5207,88.96666666666667,93,8,4,12.139378044211316,84.61538461538461,66.66666666666666,0.03225806451612903,4.046459348070439,8.092918696140877,0.0,0.0,4.046459348070439,0.511445564,0.0,0.5173859208692394,14,9,0.0,1
