source,competition_id,competition_source_id,season_id,season_name,match_id,team_id,team_source_id,is_home,possessions,ppda,ppda_final_third,high_press_pct,press_regain_time_sec,press_triggers_per_match,build_up_pass_share,gk_short_build_rate,cb_split_width,pivot_involvement_pct,vertical_compactness,line_height_def,line_height_att,transition_speed_sec,width_utilization_pct,cross_rate,central_overload_rate,through_ball_rate,set_piece_xg_share,passing_network_centralization,passing_clustering_coeff,passing_asymmetry,match_outcome
statsbomb,1,43,1,2022,1,1,776,True,54,1.564102564102564,1.1627906976744187,33.94495412844037,71.29508196721312,17,2.476780185758514,33.33333333333333,75.5,16.81367144432194,17.228216053829527,32.71383647798742,49.94205253181695,86.18518518518519,36.22291021671827,0.2222222222222222,3.314814814814815,0.0,0.0,0.5087108013937283,0.398169395112392,-0.05108359133126935,D
statsbomb,1,43,1,2022,1,2,777,False,63,6.622222222222222,7.0476190476190474,14.615384615384617,93.82882882882883,16,6.235011990407674,47.05882352941176,75.42500000000001,11.23499142367067,17.946517560317307,23.087179487179487,41.033697047496794,70.0,36.21103117505996,0.047619047619047616,1.7936507936507937,0.031746031746031744,0.0,0.5421383647798742,0.3811739616604407,-0.02158273381294964,D
statsbomb,1,43,1,2022,2,4,772,False,65,1.2063492063492063,1.3548387096774193,32.58426966292135,75.94017094017094,7,0.4574565416285453,36.84210526315789,73.31250000000001,17.551150895140665,13.47595397058025,40.72222222222223,54.19817619280248,33.01538461538462,27.538883806038427,0.2,5.061538461538461,0.09230769230769231,0.0,0.7229559748427673,0.44360331109236606,0.03385178408051235,L
statsbomb,1,43,1,2022,2,3,778,True,37,8.5875,7.552631578947368,16.157205240174672,125.71084337349397,27,8.300395256916996,30.0,68.375,9.785932721712538,20.252945550217348,20.84811827956989,41.101063829787236,169.51351351351352,27.66798418972332,0.13513513513513514,2.3783783783783785,0.0,0.0,0.5981481481481481,0.4397588633074596,-0.023715415019762844,W
statsbomb,1,43,1,2022,3,6,773,False,58,4.8125,4.4,24.096385542168676,88.18181818181819,2,6.067415730337078,64.70588235294117,75.25,9.803921568627452,18.97877191866955,28.53360215053764,47.51237406920719,57.24528301886792,36.17977528089887,0.1896551724137931,1.9137931034482758,0.06896551724137931,0.0,0.5420673076923077,0.3911404555790614,-0.1146067415730337,W
statsbomb,1,43,1,2022,3,5,786,True,57,2.8615384615384616,2.5,29.78723404255319,107.03252032520325,4,5.3742802303262955,15.384615384615385,69.75,9.18149466192171,10.93325660825662,36.23423423423423,47.16749084249085,54.535714285714285,29.942418426103647,0.2631578947368421,2.1052631578947367,0.03508771929824561,0.0,0.6580392156862745,0.4124285397776848,0.09788867562380038,L
statsbomb,1,43,1,2022,4,1,776,False,61,2.8,2.1904761904761907,32.67326732673268,86.57042253521126,7,2.6573426573426575,37.5,75.5625,11.403073872087258,17.280539627696513,32.15300546448088,49.43354509217739,37.65573770491803,33.98601398601399,0.3114754098360656,2.8524590163934427,0.01639344262295082,0.0,0.6727272727272727,0.3999517810612092,-0.10909090909090909,L
statsbomb,1,43,1,2022,4,7,792,True,50,5.338709677419355,6.035714285714286,22.772277227722775,83.84415584415585,5,10.857142857142858,25.0,74.24999999999997,5.187637969094923,20.5766942298805,28.535539215686274,49.11223344556677,63.22,38.0,0.12,1.68,0.02,0.0,0.47619047619047616,0.36889465376738473,0.022857142857142857,W
statsbomb,1,43,1,2022,5,8,781,True,64,2.6769230769230767,2.0526315789473686,33.33333333333333,115.70192307692308,11,1.132686084142395,58.82352941176471,75.625,11.988795518207283,21.018951371421714,33.219202898550726,54.23815426997244,33.5625,33.17152103559871,0.25,2.15625,0.046875,0.02966236682525797,0.6088888888888889,0.3941383415956605,0.05339805825242718,W
statsbomb,1,43,1,2022,5,5,786,False,47,5.698412698412699,5.393939393939394,19.047619047619047,99.61261261261261,21,5.829596412556054,47.05882352941176,73.43750000000001,13.647851727042964,15.972511323731485,27.960884353741495,43.93339567747298,121.7872340425532,32.511210762331835,0.1702127659574468,2.723404255319149,0.0,0.0,0.472,0.4046705519541419,0.03811659192825112,L
statsbomb,1,43,1,2022,6,9,2722,True,71,4.771929824561403,4.375,24.576271186440678,66.89682539682539,11,8.60759493670886,42.10526315789473,70.5375,8.863198458574182,22.842893934876937,24.942528735632184,47.78542267050912,56.289855072463766,37.9746835443038,0.18309859154929578,1.5774647887323943,0.014084507042253521,0.0033861257035823957,0.6736318407960199,0.39967339490399456,-0.23037974683544304,D
statsbomb,1,43,1,2022,6,5,786,False,59,2.2535211267605635,2.823529411764706,24.369747899159663,90.21186440677967,13,3.544776119402985,28.57142857142857,77.225,12.458800263678313,18.76824199119812,31.65025252525253,50.41849451645065,29.35593220338983,32.276119402985074,0.3220338983050847,2.6610169491525424,0.05084745762711865,0.0,0.5703703703703704,0.42141685667706674,0.011194029850746268,D
statsbomb,1,43,1,2022,7,11,794,False,79,1.9861111111111112,1.9024390243902438,20.863309352517987,63.71875,30,3.8934426229508197,56.25,65.825,10.772833723653395,15.114631884666515,34.50151515151516,49.61614703618167,37.40506329113924,34.83606557377049,0.20253164556962025,1.9113924050632911,0.0379746835443038,0.048093205110253875,0.5511727078891258,0.4011030204068671,0.014344262295081968,W
statsbomb,1,43,1,2022,7,10,799,True,72,4.173076923076923,6.055555555555555,12.4031007751938,57.33793103448276,11,13.664596273291925,20.0,81.67500000000001,9.541511771995044,26.6301925675098,21.76712328767123,48.39731585518103,64.61111111111111,40.37267080745342,0.08333333333333333,1.2361111111111112,0.027777777777777776,0.06823567950753548,0.5487012987012987,0.3749468244501495,-0.12111801242236025,L
statsbomb,1,43,1,2022,8,13,768,False,44,1.6666666666666667,1.5161290322580645,35.13513513513514,97.57777777777778,3,1.1111111111111112,66.66666666666666,65.07500000000002,12.990602542841348,12.849690860215048,36.23655913978495,49.08625,71.79545454545455,29.841269841269842,0.18181818181818182,3.7954545454545454,0.09090909090909091,0.01982797600716316,0.5839080459770115,0.41337590833608895,0.011111111111111112,W
statsbomb,1,43,1,2022,8,12,907,True,29,3.9452054794520546,4.741935483870968,20.588235294117645,165.68235294117648,11,6.267806267806268,0.0,60.75,13.107822410147993,11.924067982456137,29.520833333333336,41.44490131578947,112.96428571428571,31.339031339031337,0.13793103448275862,3.9655172413793105,0.0,0.1506127715379612,0.6251572327044025,0.4128421918974494,0.08547008547008547,L
statsbomb,1,43,1,2022,9,15,780,False,49,2.8846153846153846,3.0,31.32530120481928,85.62105263157895,11,3.877221324717286,42.857142857142854,68.875,12.03223949337939,23.161516853932582,27.541666666666664,50.70318352059925,48.204081632653065,32.794830371567045,0.30612244897959184,3.489795918367347,0.10204081632653061,0.0,0.6131868131868132,0.405771785359082,0.04038772213247173,L
statsbomb,1,43,1,2022,9,14,791,True,54,4.734375,5.285714285714286,21.62162162162162,74.33707865168539,6,7.989690721649484,38.88888888888889,82.9375,6.653809064609451,18.763836888283798,26.43429487179487,45.19813176007867,70.70370370370371,43.29896907216495,0.12962962962962962,1.6851851851851851,0.018518518518518517,0.016958097360696457,0.5439560439560439,0.35971941629982607,0.12886597938144329,W
statsbomb,1,43,1,2022,10,16,770,False,64,1.8211382113821137,1.3043478260869565,38.607594936708864,79.09782608695652,21,2.964959568733154,53.333333333333336,83.75,10.789980732177264,4.625808301354155,39.277272727272724,43.90308102862688,78.96875,34.50134770889488,0.125,1.515625,0.09375,0.046700629747485845,0.5513888888888889,0.3795090084237879,-0.029649595687331536,D
statsbomb,1,43,1,2022,10,4,772,True,50,1.8533333333333333,1.813953488372093,31.451612903225808,77.05504587155963,19,0.7541478129713424,70.27027027027027,76.25,8.306188925081432,11.514058382582437,29.70348837209303,41.21754675467547,74.78,37.254901960784316,0.16,3.66,0.08,0.0,0.6204081632653061,0.38486233381238366,0.12518853695324283,D
statsbomb,1,43,1,2022,11,18,779,False,60,1.5833333333333333,1.16,23.863636363636363,62.05813953488372,9,0.33003300330033003,71.42857142857143,69.62500000000003,15.265401007361486,17.162609051857764,39.15705128205128,56.31966033390904,45.38333333333333,25.962596259625965,0.31666666666666665,3.9833333333333334,0.016666666666666666,0.25471780328995036,0.6705882352941176,0.4466123376577602,-0.10561056105610561,W
statsbomb,1,43,1,2022,11,17,789,True,34,18.6,23.333333333333332,10.476190476190476,197.34177215189874,9,7.71513353115727,35.714285714285715,52.062500000000014,13.101903695408733,17.483948328625235,22.577683615819208,40.06163194444444,201.02941176470588,28.486646884272997,0.08823529411764706,3.5,0.0,0.0,0.5441860465116279,0.4434432881718209,0.0712166172106825,L
statsbomb,1,43,1,2022,12,17,789,False,57,4.56140350877193,5.08,14.814814814814813,108.20338983050847,14,9.94475138121547,15.384615384615385,64.32499999999999,8.615384615384615,25.64582705445048,21.29365079365079,46.93947784810127,53.49122807017544,34.530386740331494,0.05263157894736842,1.8070175438596492,0.017543859649122806,0.688533211311129,0.4967948717948718,0.3975664246768996,0.08839779005524862,D
statsbomb,1,43,1,2022,12,11,794,True,57,3.017543859649123,2.7333333333333334,26.041666666666668,77.18348623853211,8,1.1029411764705883,72.72727272727273,71.42500000000001,12.032085561497325,21.153737310527045,28.46276595744681,49.616503267973854,39.19298245614035,33.455882352941174,0.3684210526315789,2.210526315789474,0.0,0.0,0.5666041275797373,0.39002294523045855,0.016544117647058824,D
statsbomb,1,43,1,2022,13,19,771,True,53,7.256410256410256,9.2,11.009174311926607,88.54444444444445,11,3.5185185185185186,47.368421052631575,79.375,10.986267166042447,20.48925608037515,27.978758169934636,48.468014250309785,54.36538461538461,35.74074074074074,0.33962264150943394,2.5849056603773586,0.03773584905660377,0.0,0.5357142857142857,0.3814930310733188,0.009259259259259259,W
statsbomb,1,43,1,2022,13,1,776,False,47,3.6363636363636362,2.5238095238095237,31.746031746031743,116.08823529411765,9,1.2345679012345678,66.66666666666666,68.3625,14.455569461827283,28.758716782593197,22.742063492063487,51.500780274656684,70.5,34.39153439153439,0.19148936170212766,3.723404255319149,0.0425531914893617,0.0,0.5385338345864662,0.4039470269144477,-0.037037037037037035,L
statsbomb,1,43,1,2022,14,20,3565,True,50,2.9245283018867925,2.870967741935484,16.8141592920354,90.22950819672131,9,6.236559139784946,36.84210526315789,71.43749999999999,10.819411296738265,17.22650940414098,28.45029239766082,45.6768018018018,76.12,32.68817204301075,0.18,2.4,0.0,0.021580070938584245,0.6712564543889845,0.39546299138442054,0.047311827956989246,L
statsbomb,1,43,1,2022,14,21,787,False,65,3.103448275862069,3.9545454545454546,15.873015873015872,86.15929203539822,14,9.003215434083602,33.33333333333333,68.65,6.085918854415275,26.94548428041398,25.897222222222226,52.842706502636204,56.3125,38.90675241157556,0.18461538461538463,1.0307692307692307,0.046153846153846156,0.45886746321099653,0.4943181818181818,0.3644379300192172,-0.022508038585209004,W
statsbomb,1,43,1,2022,15,23,1833,False,62,1.7567567567567568,1.1111111111111112,32.142857142857146,119.61538461538461,9,2.9166666666666665,41.66666666666667,66.77499999999999,7.541696881798404,12.304195804195793,39.5897435897436,51.89393939393939,34.66129032258065,33.75,0.25806451612903225,1.8709677419354838,0.0,0.3077119645217208,0.5818181818181818,0.39249901918459806,0.027083333333333334,L
statsbomb,1,43,1,2022,15,22,782,True,48,7.774193548387097,9.76923076923077,13.253012048192772,88.19791666666667,7,3.7453183520599254,27.77777777777778,75.6875,10.113864701942397,14.525782860979245,22.40238095238095,36.92816381336019,89.89583333333333,29.026217228464418,0.10416666666666667,3.375,0.20833333333333334,0.0,0.5628571428571428,0.4264286412420948,-0.033707865168539325,W
statsbomb,1,43,1,2022,16,6,773,False,49,9.054054054054054,9.473684210526315,14.285714285714285,114.91752577319588,6,1.949317738791423,60.0,75.8,12.112676056338028,24.29925418083901,16.83503401360544,41.13428819444445,117.40425531914893,30.994152046783626,0.10204081632653061,3.061224489795918,0.0,0.0,0.6045045045045045,0.419697583568687,-0.015594541910331383,L
statsbomb,1,43,1,2022,16,8,781,True,69,1.9878048780487805,1.619047619047619,38.46153846153847,69.87378640776699,6,1.340033500837521,62.5,74.94999999999999,14.878892733564014,17.752496821295274,35.95436507936508,53.70686190066036,48.984848484848484,30.82077051926298,0.2608695652173913,2.260869565217391,0.0,0.0,0.6520833333333333,0.4220386207575716,0.17420435510887772,W
statsbomb,1,43,1,2022,17,15,780,True,55,4.690476190476191,5.315789473684211,19.767441860465116,126.1140350877193,7,3.6741214057507987,21.428571428571427,70.90000000000002,13.429394812680115,15.898347701149419,32.8875,48.78584770114942,59.24074074074074,29.233226837060705,0.16363636363636364,3.018181818181818,0.05454545454545454,0.667572844018205,0.4246153846153846,0.423504219900229,0.019169329073482427,W
statsbomb,1,43,1,2022,17,24,783,False,46,3.5569620253164556,4.026315789473684,27.200000000000003,104.15573770491804,6,4.5662100456621,44.44444444444444,61.95,10.521415270018622,17.30270087621177,30.862847222222225,48.165548098433995,119.56521739130434,28.31050228310502,0.2608695652173913,2.891304347826087,0.0,0.0,0.5879781420765028,0.4343383202547134,-0.14383561643835616,L
statsbomb,1,43,1,2022,18,13,768,True,52,1.380281690140845,1.069767441860465,36.633663366336634,93.24074074074075,14,1.6548463356973995,47.368421052631575,70.7625,15.2991452991453,9.086341930520021,39.61217948717948,48.6985214176995,50.84615384615385,28.959810874704488,0.25,4.423076923076923,0.0,0.021571713724216696,0.5927170868347339,0.43120335051627057,0.054373522458628844,W
statsbomb,1,43,1,2022,18,25,797,False,59,5.315068493150685,4.5588235294117645,19.858156028368796,93.17021276595744,16,8.906882591093117,46.666666666666664,81.22499999999998,8.579881656804734,19.157439414213503,24.86723163841808,44.02467105263158,143.3050847457627,39.67611336032389,0.15254237288135594,1.2203389830508475,0.01694915254237288,0.5382443388166138,0.5111607142857143,0.38083960311121745,0.044534412955465584,L
statsbomb,1,43,1,2022,19,26,1839,False,42,3.646153846153846,5.0,12.738853503184714,84.4320987654321,26,4.166666666666666,10.0,67.04999999999998,9.382329945269742,18.676707490482094,26.56007751937984,45.23678500986193,74.88095238095238,32.89473684210527,0.19047619047619047,3.0,0.0,0.0,0.6061224489795919,0.39950135189692026,-0.05482456140350877,D
statsbomb,1,43,1,2022,19,13,768,True,36,2.873015873015873,2.96875,28.155339805825243,105.21348314606742,9,2.9209621993127146,11.11111111111111,57.650000000000006,11.786600496277917,19.340198863636367,28.194444444444443,47.53464330808081,70.61111111111111,34.192439862542955,0.2777777777777778,4.611111111111111,0.0,0.0,0.5794871794871795,0.39294340088813906,-0.012027491408934709,D
statsbomb,1,43,1,2022,20,25,797,False,72,3.6142857142857143,3.3076923076923075,22.36024844720497,103.21232876712328,17,7.988980716253444,23.52941176470588,79.8,9.976798143851507,21.135362917096664,26.602941176470587,47.73830409356725,50.833333333333336,35.26170798898072,0.2638888888888889,1.5555555555555556,0.05555555555555555,0.0,0.5517730496453901,0.3887149233881452,-0.02203856749311295,W
statsbomb,1,43,1,2022,20,12,907,True,73,2.208955223880597,2.3333333333333335,40.0,61.52054794520548,0,3.3989266547406083,35.294117647058826,65.3,12.344057780695996,23.447359507747887,24.550469483568076,47.99782899131596,66.46478873239437,32.91592128801431,0.1780821917808219,2.1780821917808217,0.0684931506849315,0.0,0.5595238095238095,0.4005185956645655,0.014311270125223614,L
statsbomb,1,43,1,2022,21,20,3565,False,71,2.074468085106383,1.588235294117647,26.47058823529412,61.86178861788618,29,6.047516198704104,44.44444444444444,71.13749999999999,13.646877409406322,13.110768759616967,33.98899371069182,47.09976247030879,78.98571428571428,35.42116630669546,0.16901408450704225,1.9014084507042253,0.0,0.0,0.5204326923076923,0.3978365218114682,0.09071274298056156,D
statsbomb,1,43,1,2022,21,27,941,True,40,2.364864864864865,2.9285714285714284,17.037037037037038,144.33018867924528,18,3.260869565217391,45.83333333333333,71.86250000000001,10.480054090601758,14.226273350138975,27.853395061728392,42.07966841186737,89.7,35.14492753623188,0.075,3.65,0.025,0.0,0.5905923344947736,0.39499345759378535,0.05434782608695652,D
statsbomb,1,43,1,2022,22,19,771,False,70,3.6458333333333335,3.0,25.53191489361702,59.6551724137931,7,2.26928895612708,76.92307692307693,65.1375,14.860515021459229,21.10044408326766,30.251736111111114,51.352180194378775,72.68571428571428,30.10590015128593,0.21428571428571427,2.6714285714285713,0.0,0.1345250303206964,0.6028070175438597,0.42169117221854147,0.007564296520423601,L
statsbomb,1,43,1,2022,22,2,777,True,67,6.921568627450981,5.607142857142857,21.818181818181817,90.93693693693693,5,3.8781163434903045,10.0,79.5,10.259067357512954,24.603504080017156,25.301932367149764,49.90543644716692,111.51515151515152,44.04432132963989,0.22388059701492538,1.1940298507462686,0.029850746268656716,0.0,0.6216897856242118,0.3398003430285269,-0.0664819944598338,W
statsbomb,1,43,1,2022,23,23,1833,True,62,0.8952380952380953,0.828125,40.0,76.88785046728972,18,2.3131672597864767,60.0,72.6,17.133757961783438,9.125308136626188,40.03809523809524,49.163403374721426,44.75806451612903,29.181494661921707,0.14516129032258066,2.774193548387097,0.016129032258064516,0.0,0.654945054945055,0.4260717749849995,0.06583629893238434,L
statsbomb,1,43,1,2022,23,28,788,False,54,4.046875,3.15625,16.233766233766232,85.6421052631579,23,6.106870229007633,38.46153846153847,80.78750000000001,8.187672493100276,13.135354411670196,24.797619047619047,37.932973459289244,139.12962962962962,40.458015267175576,0.09259259259259259,1.7222222222222223,0.037037037037037035,0.051758799302515646,0.6149425287356322,0.3669155338110276,-0.2010178117048346,W
statsbomb,1,43,1,2022,24,29,785,False,55,2.1323529411764706,1.8571428571428572,27.102803738317753,79.83898305084746,7,1.8950437317784257,84.61538461538461,74.825,17.14135021097046,15.670031670625495,30.527777777777782,46.19780944840328,68.63636363636364,34.25655976676385,0.18181818181818182,3.036363636363636,0.03636363636363636,0.0,0.6453416149068323,0.39793162406824634,0.15160349854227406,D
statsbomb,1,43,1,2022,24,28,788,True,70,2.8777777777777778,3.0,17.857142857142858,56.08163265306123,20,5.46875,12.5,77.55000000000003,10.036832412523019,14.8756906077348,29.916666666666668,44.79235727440147,106.1029411764706,34.11458333333333,0.04285714285714286,1.2142857142857142,0.0,0.18270002505191277,0.5336134453781513,0.39558380936540305,-0.0859375,D
statsbomb,1,43,1,2022,25,26,1839,False,68,3.323529411764706,2.473684210526316,25.0,79.27049180327869,27,3.2882011605415857,53.333333333333336,65.95,10.951403148528405,25.19788521157949,26.568627450980394,51.76651266255988,47.470588235294116,35.39651837524178,0.16176470588235295,1.7794117647058822,0.04411764705882353,0.06873639784878681,0.5671497584541063,0.3850691414400881,-0.059961315280464215,W
statsbomb,1,43,1,2022,25,25,797,True,56,3.970149253731343,4.057142857142857,20.0,95.68656716417911,21,5.436893203883495,57.89473684210527,79.75,10.812826249067859,25.168845760980595,20.897727272727273,46.06657303370787,58.017857142857146,36.116504854368934,0.25,2.3035714285714284,0.05357142857142857,0.0,0.5898148148148148,0.3874692827877604,0.021359223300970873,L
statsbomb,1,43,1,2022,26,19,771,True,55,3.1956521739130435,2.0714285714285716,31.32530120481928,89.65384615384616,5,1.1795543905635648,28.57142857142857,73.85000000000001,17.29394949976179,21.098847153804037,33.261904761904766,54.3607519157088,47.763636363636365,28.964613368283093,0.45454545454545453,3.890909090909091,0.10909090909090909,0.0,0.6095641646489104,0.4177549089139698,-0.04062909567496723,W
statsbomb,1,43,1,2022,26,7,792,False,57,9.020408163265307,6.857142857142857,22.857142857142858,95.31521739130434,4,4.0,11.76470588235294,67.27500000000002,10.078740157480315,22.89474486791183,18.540178571428573,41.4349234393404,84.73684210526316,33.05263157894737,0.10526315789473684,2.3333333333333335,0.0,0.0,0.5940298507462687,0.39907588616859857,-0.008421052631578947,L
statsbomb,1,43,1,2022,27,9,2722,True,51,3.6133333333333333,4.297297297297297,24.285714285714285,87.4,12,10.51051051051051,10.526315789473683,61.625,12.017640573318634,22.721881790525867,24.259615384615383,46.98149717514125,79.3921568627451,31.23123123123123,0.11764705882352941,1.9215686274509804,0.0196078431372549,0.0,0.554160125588697,0.411652334187146,0.06306306306306306,W
statsbomb,1,43,1,2022,27,8,781,False,61,2.0555555555555554,1.7297297297297298,23.484848484848484,69.31182795698925,20,2.360876897133221,64.28571428571429,73.3,11.522388059701493,21.5702639226818,27.7962962962963,49.3665602189781,66.08196721311475,31.871838111298484,0.29508196721311475,2.80327868852459,0.0,0.05467048132875293,0.5725,0.4132056492353786,-0.12310286677908938,L
statsbomb,1,43,1,2022,28,23,1833,False,67,3.1481481481481484,4.2727272727272725,22.55639097744361,69.82142857142857,14,4.158790170132325,30.76923076923077,73.07500000000002,8.996088657105608,22.19905930400942,25.42241379310345,47.62147309711287,47.850746268656714,32.136105860113425,0.1791044776119403,2.029850746268657,0.05970149253731343,0.04177707923202517,0.5323232323232323,0.40159888383163656,0.015122873345935728,L
statsbomb,1,43,1,2022,28,29,785,True,57,2.5531914893617023,2.087719298245614,29.518072289156628,82.59649122807018,25,3.5502958579881656,50.0,71.60000000000001,6.978367062107467,22.478701230580228,28.227124183006538,50.705825413586766,48.75438596491228,39.447731755424066,0.3684210526315789,1.9649122807017543,0.05263157894736842,0.0,0.5301587301587302,0.36351447746407484,0.14595660749506903,W
statsbomb,1,43,1,2022,29,26,1839,True,58,1.6,1.4705882352941178,32.846715328467155,82.77570093457943,15,2.622950819672131,60.0,65.82499999999999,16.249271986022134,15.78941724836973,33.55028735632184,49.33970460469157,75.71428571428571,29.016393442622952,0.3103448275862069,2.7758620689655173,0.034482758620689655,0.0,0.5882352941176471,0.4216071318027632,-0.02459016393442623,D
statsbomb,1,43,1,2022,29,12,907,False,63,4.60655737704918,5.6,14.84375,86.05785123966942,9,5.643340857787811,26.666666666666668,70.5625,11.202635914332784,21.001488394882738,22.305107526881716,43.306595921764455,62.904761904761905,30.248306997742663,0.1746031746031746,2.3333333333333335,0.0,0.561513494428466,0.5351089588377724,0.42249301525966043,-0.12641083521444696,D
statsbomb,1,43,1,2022,30,22,782,True,43,1.8448275862068966,2.3333333333333335,21.49532710280374,117.66371681415929,12,0.8534850640113799,43.47826086956522,63.0625,20.37411526794742,17.709529052829577,28.29545454545455,46.00498359828413,52.38095238095238,28.165007112375534,0.18604651162790697,5.255813953488372,0.023255813953488372,0.011476745001504652,0.6160256410256411,0.44727815439439855,0.1337126600284495,L
statsbomb,1,43,1,2022,30,28,788,False,43,2.955056179775281,3.054054054054054,21.73913043478261,114.26388888888889,19,5.475504322766571,37.5,72.82499999999999,8.704453441295547,14.47014735772358,28.177083333333332,42.64723069105691,89.16666666666667,33.429394812680115,0.20930232558139536,2.2093023255813953,0.06976744186046512,0.0,0.5158730158730159,0.39979328409783443,-0.04610951008645533,W
statsbomb,1,43,1,2022,31,16,770,True,59,1.515625,1.1666666666666667,53.48837209302325,63.0,8,1.0895883777239708,76.47058823529412,72.14999999999999,11.989342806394317,14.000716874427503,36.69607843137255,50.69679530580005,61.40677966101695,30.508474576271187,0.3220338983050847,4.203389830508475,0.03389830508474576,0.2830543723992173,0.6039215686274509,0.4125878738853591,0.0387409200968523,L
statsbomb,1,43,1,2022,31,3,778,False,36,4.588888888888889,5.666666666666667,20.652173913043477,123.0,30,7.142857142857142,52.94117647058824,71.55,7.537012113055182,15.039677364360916,25.43776371308017,40.477441077441085,108.33333333333333,31.63265306122449,0.1388888888888889,3.0833333333333335,0.08333333333333333,0.0,0.5766666666666667,0.43089150904912443,-0.15306122448979592,W
statsbomb,1,43,1,2022,32,21,787,True,58,4.708333333333333,6.15,14.285714285714285,90.83870967741936,7,4.186046511627907,73.33333333333333,80.72500000000001,7.166947723440136,32.63760864242869,20.648809523809526,53.286418166238214,58.62068965517241,40.46511627906977,0.20689655172413793,1.7758620689655173,0.017241379310344827,0.0,0.6326530612244898,0.3675431912796485,-0.1744186046511628,L
statsbomb,1,43,1,2022,32,27,941,False,42,4.107142857142857,3.8461538461538463,28.846153846153843,110.5137614678899,5,2.0366598778004072,56.25,67.8,11.913912375096078,21.966087553985076,27.763888888888893,49.72997644287397,44.58536585365854,35.234215885947044,0.40476190476190477,2.642857142857143,0.09523809523809523,0.0,0.5479744136460555,0.38373429547380344,-0.04480651731160896,W
statsbomb,1,43,1,2022,33,20,3565,False,42,1.702127659574468,1.1304347826086956,29.1044776119403,98.27,10,4.046242774566474,0.0,72.55000000000001,10.594130279169649,-1.4997239273766638,45.23989898989899,43.740175062522326,85.29268292682927,35.26011560693642,0.16666666666666666,3.1666666666666665,0.07142857142857142,0.6789361604052733,0.5650887573964497,0.3941762472892473,0.046242774566473986,W
statsbomb,1,43,1,2022,33,30,3566,True,38,3.2745098039215685,5.666666666666667,15.151515151515152,108.64583333333333,6,2.564102564102564,37.5,71.84999999999998,14.976958525345621,19.988127825147618,21.60810810810811,41.59623593325573,105.6842105263158,30.555555555555557,0.10526315789473684,3.710526315789474,0.05263157894736842,0.0,0.5701754385964912,0.42537746637135754,0.06623931623931624,L
statsbomb,1,43,1,2022,34,24,783,True,54,6.625,5.84,15.686274509803921,64.35185185185185,7,2.1052631578947367,46.15384615384615,74.625,17.410714285714285,21.699212744148966,27.227941176470587,48.92715392061955,63.77777777777778,27.368421052631582,0.24074074074074073,3.0555555555555554,0.0,0.0,0.5687830687830688,0.43599152206704506,0.01929824561403509,D
statsbomb,1,43,1,2022,34,14,791,False,55,4.095238095238095,2.6744186046511627,36.89320388349515,74.97692307692307,4,6.047516198704104,21.428571428571427,65.2875,11.39937106918239,19.189057632398764,33.70833333333333,52.89739096573209,68.85454545454546,35.20518358531318,0.12727272727272726,1.981818181818182,0.01818181818181818,0.0,0.5115995115995116,0.3943823876521524,-0.18142548596112312,D
statsbomb,1,43,1,2022,35,2,777,True,81,3.43859649122807,3.027027027027027,23.96694214876033,55.48051948051948,16,5.109489051094891,35.714285714285715,83.01250000000002,12.796208530805686,23.368537414965992,25.64404761904762,49.01258503401361,57.39506172839506,35.03649635036496,0.19753086419753085,1.7901234567901234,0.037037037037037035,0.0,0.5821428571428572,0.3884857082546963,0.01824817518248175,L
statsbomb,1,43,1,2022,35,7,792,False,56,3.9692307692307693,3.757575757575758,22.04724409448819,76.09027777777777,13,9.900990099009901,25.0,70.425,9.57345971563981,22.220923316251827,27.494791666666664,49.71571498291849,57.517857142857146,34.900990099009896,0.26785714285714285,1.9285714285714286,0.0,0.0,0.538562091503268,0.3831049311124799,-0.09158415841584158,W
statsbomb,1,43,1,2022,36,18,779,True,39,3.1785714285714284,2.8,22.93577981651376,128.98130841121494,17,3.527336860670194,40.0,66.73750000000001,11.987381703470032,21.047291235334715,27.55753968253968,48.604830917874395,94.05128205128206,34.74426807760141,0.28205128205128205,4.230769230769231,0.0,0.2070323434598107,0.6166666666666667,0.42046652119441286,-0.16049382716049382,W
statsbomb,1,43,1,2022,36,11,794,False,50,3.533333333333333,4.6923076923076925,14.965986394557824,91.56603773584905,19,5.955334987593052,26.666666666666668,69.25,13.681368136813681,21.835005017872636,25.95325203252033,47.788257050392964,65.73469387755102,38.46153846153847,0.22,1.88,0.0,0.2882009980057735,0.5751231527093597,0.3760305879705502,-0.1513647642679901,L
statsbomb,1,43,1,2022,37,9,2722,False,67,3.164705882352941,3.4054054054054053,24.137931034482758,68.55882352941177,20,4.50281425891182,42.857142857142854,70.0,9.936575052854122,23.94826415724939,21.818027210884352,45.76629136813374,59.08955223880597,35.647279549718576,0.208955223880597,2.373134328358209,0.014925373134328358,0.0,0.4369047619047619,0.39650541762743285,-0.03564727954971857,L
statsbomb,1,43,1,2022,37,6,773,True,41,2.8313253012048194,2.2641509433962264,33.56643356643357,114.5050505050505,26,2.3679417122040074,33.33333333333333,79.4625,10.87248322147651,24.656417343917344,24.009469696969692,48.665887040887036,63.925,36.42987249544626,0.3170731707317073,3.6097560975609757,0.1951219512195122,0.0,0.5362318840579711,0.3815522170493335,-0.03278688524590164,W
statsbomb,1,43,1,2022,38,4,772,True,52,1.3559322033898304,0.8108108108108109,40.0,91.85148514851485,5,0.3669724770642202,66.66666666666666,69.275,15.485312899106003,-1.6678774928774942,52.68269230769231,51.01481481481481,39.05769230769231,28.532110091743117,0.25,5.923076923076923,0.057692307692307696,0.286792585581534,0.5854304635761589,0.44156608935480346,0.1798165137614679,W
statsbomb,1,43,1,2022,38,31,795,False,38,9.758620689655173,10.304347826086957,13.422818791946309,114.1951219512195,7,8.4,26.666666666666668,74.625,10.819672131147541,12.342033096926713,27.840000000000003,40.182033096926716,150.10526315789474,32.0,0.13157894736842105,2.1842105263157894,0.05263157894736842,0.0,0.44938271604938274,0.4128199252693918,-0.012,L
statsbomb,1,43,1,2022,39,16,770,False,68,1.0272727272727273,0.8870967741935484,39.285714285714285,65.96428571428571,28,0.6527415143603132,28.57142857142857,65.57499999999999,12.03183520599251,16.129148118170782,43.42857142857143,59.55771954674221,27.602941176470587,22.715404699738905,0.29411764705882354,3.676470588235294,0.11764705882352941,0.0,0.688395061728395,0.46303859260658664,-0.006527415143603133,W
statsbomb,1,43,1,2022,39,31,795,True,63,18.75862068965517,19.4,8.799999999999999,80.61,13,6.951871657754011,29.166666666666668,70.8625,12.091179385530229,24.03095461690791,18.367579908675797,42.398534525583706,96.37096774193549,30.213903743315505,0.15873015873015872,2.015873015873016,0.0,0.0,0.6945273631840796,0.4301028375752566,0.09358288770053476,L
statsbomb,1,43,1,2022,40,32,4885,True,67,2.9859154929577465,2.6136363636363638,26.027397260273972,69.13385826771653,20,4.462474645030426,58.333333333333336,74.0625,9.280575539568344,14.748233562938445,37.146198830409354,51.8944323933478,57.0,34.48275862068966,0.11940298507462686,2.0597014925373136,0.029850746268656716,0.5625786573909338,0.61996336996337,0.38681926450360915,0.018255578093306288,L
statsbomb,1,43,1,2022,40,24,783,False,59,4.543859649122807,4.0606060606060606,19.047619047619047,93.5126050420168,21,5.11727078891258,33.33333333333333,70.25000000000003,9.777424483306836,22.57257808604197,26.39814814814815,48.97072623419012,60.47457627118644,35.18123667377399,0.1864406779661017,2.2033898305084745,0.05084745762711865,0.026228332990039554,0.6552631578947369,0.3875747460696677,-0.031982942430703626,W
statsbomb,1,43,1,2022,41,30,3566,False,60,15.885714285714286,15.2,8.661417322834646,71.85567010309278,14,4.11522633744856,68.75,65.875,12.593144560357675,25.88207215836526,21.141203703703702,47.023275862068964,104.01666666666667,34.77366255144033,0.21666666666666667,2.4166666666666665,0.016666666666666666,0.0,0.6666666666666666,0.3995966289639038,0.012345679012345678,L
statsbomb,1,43,1,2022,41,27,941,True,37,2.5180722891566263,1.8,34.306569343065696,138.56179775280899,19,0.4807692307692308,40.0,67.625,13.980333475844379,17.752939012554386,37.74404761904763,55.49698663160201,52.666666666666664,32.69230769230769,0.1891891891891892,5.945945945945946,0.16216216216216217,0.0,0.5843478260869566,0.4107800209215102,0.13221153846153846,W
statsbomb,1,43,1,2022,42,3,778,True,55,1.045045045045045,0.5483870967741935,35.61643835616438,88.02678571428571,21,1.7770597738287561,88.88888888888889,59.0625,21.626199887069454,16.756203625434395,37.29444444444445,54.05064806987885,46.870370370370374,29.079159935379646,0.18181818181818182,3.581818181818182,0.0,0.2402823939770055,0.7139601139601139,0.4448497055237627,0.11631663974151858,L
statsbomb,1,43,1,2022,42,31,795,False,68,10.0,10.642857142857142,6.832298136645963,67.93877551020408,20,6.808510638297872,27.77777777777778,74.87500000000007,11.547525530243519,18.11831218116213,19.871345029239766,37.989657210401894,98.13235294117646,35.74468085106383,0.04411764705882353,1.911764705882353,0.014705882352941176,0.0,0.5948717948717949,0.41051789084233714,0.13617021276595745,W
statsbomb,1,43,1,2022,43,22,782,False,49,4.027777777777778,6.6923076923076925,18.487394957983195,87.79775280898876,7,3.015873015873016,55.00000000000001,71.82499999999999,13.417431192660551,17.869318591407158,28.30859375,46.17791234140716,54.10204081632653,26.825396825396826,0.3469387755102041,4.0,0.08163265306122448,0.0,0.6101449275362318,0.44286033329005636,0.0380952380952381,D
statsbomb,1,43,1,2022,43,29,785,True,61,2.5686274509803924,2.404255319148936,26.82926829268293,97.80188679245283,25,2.4630541871921183,56.52173913043478,75.1875,8.441558441558442,26.006984622956256,24.095911949685533,50.10289657264179,53.32786885245902,38.587848932676515,0.36065573770491804,2.4098360655737703,0.0,0.0,0.5384615384615384,0.388383779992884,0.1412151067323481,D
statsbomb,1,43,1,2022,44,17,789,True,44,6.326923076923077,7.37037037037037,21.35922330097087,118.625,12,11.275964391691394,34.78260869565217,61.5625,9.07003444316877,24.059517281995042,22.70977011494253,46.76928739693757,78.92857142857143,32.047477744807125,0.25,2.659090909090909,0.022727272727272728,0.0,0.3983739837398374,0.41187416655238307,-0.10979228486646884,W
statsbomb,1,43,1,2022,44,10,799,False,57,2.1470588235294117,2.128205128205128,26.82926829268293,95.48648648648648,16,1.5463917525773196,62.5,73.6625,10.419235511713934,23.402384800315186,30.55982905982906,53.962213860144246,58.14035087719298,39.34707903780069,0.24561403508771928,2.210526315789474,0.017543859649122806,0.43080919417292607,0.5816666666666667,0.3665221208607,0.020618556701030927,L
statsbomb,1,43,1,2022,45,32,4885,False,58,5.5,6.538461538461538,15.714285714285714,71.14772727272727,8,4.578313253012048,57.89473684210527,78.57500000000002,10.588235294117647,15.836988212427112,25.426829268292682,41.263817480719794,65.35714285714286,30.120481927710845,0.1206896551724138,1.7586206896551724,0.017241379310344827,0.0,0.5224867724867724,0.40625965157535515,-0.04578313253012048,L
statsbomb,1,43,1,2022,45,15,780,True,42,1.4623655913978495,0.94,41.81818181818181,143.0842105263158,10,1.954887218045113,37.5,58.45,13.196322336398053,15.706464479229375,34.70454545454546,50.411009933774835,48.285714285714285,28.721804511278194,0.30952380952380953,4.071428571428571,0.09523809523809523,0.3736515531245524,0.5260162601626016,0.43805823167371427,0.15639097744360902,W
statsbomb,1,43,1,2022,46,32,4885,False,51,8.414634146341463,15.0,9.523809523809524,88.74117647058823,13,6.470588235294119,63.63636363636363,69.45,9.533898305084746,28.87138914702486,18.227192982456142,47.098582129481,123.58823529411765,32.05882352941177,0.17647058823529413,2.0784313725490198,0.0196078431372549,0.0,0.575801749271137,0.42160077728019296,0.2235294117647059,W
statsbomb,1,43,1,2022,46,14,791,True,64,1.9350649350649352,2.025,27.77777777777778,60.26315789473684,19,1.6528925619834711,44.44444444444444,83.875,9.692956050571945,23.589714714714713,31.93918918918919,55.5289039039039,37.46875,44.46280991735537,0.4375,1.734375,0.0,0.02543871602366913,0.6067588325652842,0.3455477846590841,-0.14710743801652892,L
statsbomb,1,43,1,2022,47,18,779,True,55,3.4047619047619047,3.125,19.626168224299064,110.35922330097087,21,1.393188854489164,58.333333333333336,70.67500000000001,13.388429752066116,15.927344978721436,30.842013888888886,46.76935886761032,83.8,27.86377708978328,0.36363636363636365,3.2363636363636363,0.21818181818181817,0.3372439908241623,0.5529695024077047,0.43061797842493477,-0.10526315789473684,L
statsbomb,1,43,1,2022,47,10,799,False,70,2.7613636363636362,3.909090909090909,17.02127659574468,66.53982300884955,25,8.741258741258742,18.181818181818183,64.32499999999999,10.240202275600506,28.17803336023674,23.433862433862437,51.611895794099176,112.11764705882354,35.66433566433567,0.07142857142857142,1.1857142857142857,0.0,0.0,0.5649122807017544,0.40690876432137957,-0.1888111888111888,W
statsbomb,1,43,1,2022,48,30,3566,True,51,4.557377049180328,4.194444444444445,22.14765100671141,135.5,15,5.0884955752212395,66.66666666666666,69.19999999999999,16.05723370429253,17.739589867310006,25.55333333333333,43.29292320064334,76.90196078431373,32.07964601769911,0.2549019607843137,2.6862745098039214,0.0196078431372549,0.0,0.5669642857142857,0.4066849254853855,-0.09070796460176991,L
statsbomb,1,43,1,2022,48,21,787,False,56,1.7906976744186047,1.375,32.846715328467155,73.12,9,4.387568555758683,46.666666666666664,77.7,10.076530612244898,20.230298070723602,30.160256410256405,50.39055448098001,46.357142857142854,39.30530164533821,0.21428571428571427,2.125,0.0,0.0,0.6050632911392405,0.36627287147583265,0.04753199268738574,W
statsbomb,1,43,1,2022,49,26,1839,False,82,2.3492063492063493,2.34375,30.097087378640776,74.64335664335664,10,2.103559870550162,44.44444444444444,63.625,15.278575531303847,16.26355428677529,36.18604651162791,52.449600798403196,34.19753086419753,28.964401294498384,0.21951219512195122,2.524390243902439,0.024390243902439025,0.0,0.5875968992248062,0.437179585738126,0.061488673139158574,L
statsbomb,1,43,1,2022,49,27,941,True,43,6.1923076923076925,6.777777777777778,15.942028985507244,99.6694214876033,9,5.0113895216400905,42.10526315789473,70.1125,9.281961471103326,20.335611957229826,22.224780701754387,42.56039265898421,90.62790697674419,32.80182232346242,0.20930232558139536,2.953488372093023,0.046511627906976744,0.0,0.4181547619047619,0.4259049152072204,-0.15945330296127563,W
statsbomb,1,43,1,2022,50,13,768,True,52,2.1884057971014492,2.433333333333333,24.210526315789473,139.31428571428572,6,3.993610223642172,33.33333333333333,74.05000000000001,11.87953151143335,16.42810281566562,29.009920634920643,45.438023450586265,55.48,37.85942492012779,0.23076923076923078,3.1538461538461537,0.0,0.0,0.597752808988764,0.37690706151969156,-0.020766773162939296,W
statsbomb,1,43,1,2022,50,21,787,False,45,3.0384615384615383,3.3142857142857145,22.62773722627737,90.95652173913044,17,4.166666666666666,46.666666666666664,77.5,11.786372007366483,15.025563380281689,29.235,44.26056338028169,92.27272727272727,35.53921568627451,0.17777777777777778,2.2222222222222223,0.0,0.05567613881105986,0.5534591194968553,0.38323491447388747,0.041666666666666664,L
statsbomb,1,43,1,2022,51,18,779,True,63,1.4651162790697674,1.1636363636363636,39.37007874015748,82.70873786407768,16,1.9230769230769231,71.42857142857143,82.52500000000002,14.514608859566447,15.626753200164494,31.354938271604944,46.98169147176944,52.44444444444444,29.67032967032967,0.07936507936507936,3.365079365079365,0.1111111111111111,0.0,0.5813333333333334,0.4228177546305345,-0.013736263736263736,W
statsbomb,1,43,1,2022,51,7,792,False,51,2.6842105263157894,2.3684210526315788,23.14814814814815,116.48672566371681,40,3.765690376569038,48.0,74.76249999999999,7.199367088607595,3.9702652378781025,33.56976744186046,37.540032679738566,144.86274509803923,35.146443514644346,0.1568627450980392,2.549019607843137,0.0,0.0,0.6178403755868545,0.3842505697587062,-0.01882845188284519,L
statsbomb,1,43,1,2022,52,19,771,True,53,3.732142857142857,3.1,20.51282051282051,96.42857142857143,12,3.541315345699832,44.44444444444444,75.50000000000001,8.677184466019417,27.940994419076603,25.2462962962963,53.1872907153729,49.15686274509804,36.76222596964587,0.2830188679245283,2.2830188679245285,0.018867924528301886,0.007770444958042919,0.48313492063492064,0.36505768718293197,0.05733558178752108,W
statsbomb,1,43,1,2022,52,17,789,False,53,4.865671641791045,4.605263157894737,30.833333333333336,78.18085106382979,13,4.098360655737705,27.27272727272727,58.525000000000006,17.691154422788603,24.00343217680837,24.15398550724638,48.15741768405475,84.05660377358491,28.688524590163933,0.2830188679245283,2.811320754716981,0.0,0.518436398450661,0.6270270270270271,0.428457973658918,0.010245901639344262,L
statsbomb,1,43,1,2022,53,3,778,True,91,6.230769230769231,4.921052631578948,22.55639097744361,68.81935483870967,11,6.357388316151202,28.57142857142857,72.6,10.1749837977965,24.50603374462946,24.293604651162784,48.79963839579224,61.417582417582416,36.25429553264605,0.1978021978021978,1.9230769230769231,0.0,0.7456619854176944,0.5493333333333333,0.395480775152111,-0.1013745704467354,D
statsbomb,1,43,1,2022,53,29,785,False,72,3.3625,2.6,31.333333333333336,78.31410256410257,13,2.763819095477387,29.411764705882355,61.375,15.37731371618415,21.702777846342865,28.677203065134105,50.37998091147697,60.666666666666664,30.778894472361806,0.3333333333333333,3.263888888888889,0.027777777777777776,0.7857792497576593,0.6827290076335878,0.41541859712469875,-0.00628140703517588,D
statsbomb,1,43,1,2022,54,4,772,False,59,0.8771929824561403,0.647887323943662,44.73684210526316,122.76258992805755,21,0.18726591760299627,64.70588235294117,69.5625,20.11397921555481,15.572350889702477,39.55630630630631,55.12865719600879,55.25423728813559,25.842696629213485,0.3559322033898305,5.576271186440678,0.1016949152542373,0.8260437709093904,0.759090909090909,0.44914136356623824,0.013108614232209739,D
statsbomb,1,43,1,2022,54,28,788,True,69,14.5625,9.481481481481481,13.559322033898304,112.40458015267176,13,9.863013698630137,20.0,77.025,8.901098901098901,22.06514423597135,18.207762557077626,40.272906793048975,78.95652173913044,36.43835616438356,0.10144927536231885,1.434782608695652,0.028985507246376812,0.8573535008732321,0.6160493827160494,0.38924505733275216,-0.14246575342465753,D
statsbomb,1,43,1,2022,55,8,781,True,50,5.12962962962963,4.870967741935484,24.271844660194176,95.23333333333333,16,1.5600624024960998,75.0,73.975,11.379879054425508,12.952661064425769,34.52696078431373,47.4796218487395,73.66,28.861154446177846,0.22,3.3,0.04,0.25348382345014603,0.5697674418604651,0.42361555693246955,0.09828393135725429,W
statsbomb,1,43,1,2022,55,14,791,False,60,2.893617021276596,2.843137254901961,26.285714285714285,76.42528735632185,38,1.981981981981982,54.54545454545454,66.25,10.624597553122987,19.991894382997174,30.214080459770116,50.20597484276729,78.83050847457628,31.71171171171171,0.15,2.45,0.016666666666666666,0.0,0.46153846153846156,0.4149888329410847,-0.1063063063063063,L
statsbomb,1,43,1,2022,56,6,773,False,38,2.371794871794872,2.175,30.18867924528302,100.86170212765957,8,2.840909090909091,57.14285714285714,72.67500000000001,10.382513661202186,22.919948348027425,24.021929824561404,46.94187817258883,67.47222222222223,38.446969696969695,0.15789473684210525,4.342105263157895,0.05263157894736842,0.018784175653702734,0.5844748858447488,0.3866342411445688,0.015151515151515152,L
statsbomb,1,43,1,2022,56,15,780,True,43,2.27,2.1346153846153846,28.488372093023255,89.41935483870968,25,4.713114754098361,35.294117647058826,73.625,10.820895522388058,22.622068880753606,21.78100775193798,44.40307663269159,67.79069767441861,30.327868852459016,0.20930232558139536,3.1627906976744184,0.18604651162790697,0.012604069988430175,0.5152542372881356,0.4195855291647309,-0.08196721311475409,W
statsbomb,1,43,1,2022,57,18,779,False,58,2.8842105263157896,3.081081081081081,18.421052631578945,114.84210526315789,22,4.84375,35.294117647058826,60.8,18.056322473771395,22.77801804941675,27.051886792452834,49.829904841869585,63.0,30.9375,0.10344827586206896,3.8275862068965516,0.034482758620689655,0.8156616268774577,0.6027298850574713,0.4463337101427822,-0.234375,D
statsbomb,1,43,1,2022,57,27,941,True,73,2.5478260869565217,2.7169811320754715,18.98148148148148,72.15748031496064,42,3.039073806078148,29.166666666666668,65.925,16.94736842105263,17.073153211311112,28.497354497354497,45.57050770866561,74.79452054794521,29.81186685962373,0.1917808219178082,3.136986301369863,0.0410958904109589,0.890937583798533,0.5765957446808511,0.4303660158034135,0.056439942112879886,D
statsbomb,1,43,1,2022,58,13,768,True,51,3.375,3.323529411764706,26.785714285714285,86.85263157894737,14,1.8050541516245486,50.0,71.9375,14.37908496732026,17.545769303737433,31.675595238095237,49.22136454183267,58.666666666666664,35.018050541516246,0.27450980392156865,3.2549019607843137,0.0,0.7235208524195876,0.6283400809716599,0.3991991529651433,0.0776173285198556,L
statsbomb,1,43,1,2022,58,19,771,False,41,4.673076923076923,6.25,15.254237288135593,99.65591397849462,13,5.582524271844661,0.0,82.08750000000002,12.51125112511251,34.906165018169574,15.879385964912279,50.785550983081855,53.775,35.43689320388349,0.21951219512195122,2.731707317073171,0.0,0.0,0.25918367346938775,0.39270388147794544,-0.03640776699029126,W
statsbomb,1,43,1,2022,59,8,781,False,65,2.955357142857143,2.283333333333333,29.268292682926827,81.83471074380165,20,1.7402945113788488,64.70588235294117,69.2375,13.298872180451127,22.19188540180694,29.82166666666667,52.01355206847361,51.43076923076923,25.83668005354752,0.23076923076923078,3.246153846153846,0.06153846153846154,0.6400174752936255,0.6097859327217126,0.44439983744934675,0.01740294511378849,D
statsbomb,1,43,1,2022,59,29,785,True,62,7.0,5.9411764705882355,15.2317880794702,100.83653846153847,9,2.1709633649932156,69.6969696969697,75.125,12.932259592610137,29.68272971160295,17.25952380952381,46.94225352112676,71.37096774193549,34.05698778833107,0.24193548387096775,2.8548387096774195,0.016129032258064516,0.8319863322410935,0.6214896214896215,0.4052418643504594,-0.13975576662143827,D
statsbomb,1,43,1,2022,60,15,780,False,49,0.647887323943662,0.5106382978723404,51.89873417721519,95.57462686567165,6,0.5471956224350205,66.66666666666666,65.6875,21.831683168316832,6.239584350089466,47.22777777777778,53.46736212786725,33.673469387755105,26.67578659370725,0.40816326530612246,4.775510204081633,0.0,0.0,0.5980769230769231,0.43792203652954376,0.06566347469220246,L
statsbomb,1,43,1,2022,60,28,788,True,65,9.159090909090908,9.444444444444445,9.202453987730062,54.13186813186813,27,11.646586345381527,35.714285714285715,83.18749999999999,6.18705035971223,11.570056980056975,22.326666666666668,33.89672364672364,187.3125,37.34939759036144,0.06153846153846154,1.0307692307692307,0.015384615384615385,0.0,0.5483193277310925,0.3887712682371781,-0.20481927710843373,W
statsbomb,1,43,1,2022,61,18,779,True,48,3.689655172413793,3.2954545454545454,19.791666666666664,84.98809523809524,36,5.787037037037037,42.857142857142854,78.8375,15.867768595041323,26.188988095238095,22.666666666666664,48.85565476190476,57.291666666666664,32.407407407407405,0.08333333333333333,2.7083333333333335,0.10416666666666667,0.42025071603105474,0.45390070921985815,0.41131513501567607,-0.041666666666666664,W
statsbomb,1,43,1,2022,61,29,785,False,62,5.394736842105263,4.666666666666667,16.3265306122449,67.87378640776699,9,1.6975308641975309,50.0,72.19999999999999,11.437733832175308,3.8816460291046724,44.815104166666664,48.69675019577134,47.693548387096776,33.33333333333333,0.1935483870967742,2.7096774193548385,0.016129032258064516,0.01834216122591959,0.5812734082397004,0.4069468306224835,0.09259259259259259,L
statsbomb,1,43,1,2022,62,19,771,True,62,3.25,3.4571428571428573,16.315789473684212,59.75903614457831,29,5.426356589147287,7.142857142857142,86.9375,14.863593603010347,23.43254731928246,22.4590395480226,45.89158686730506,75.01612903225806,28.42377260981912,0.04838709677419355,1.403225806451613,0.0,0.0,0.5074404761904762,0.4099915031187529,-0.05426356589147287,W
statsbomb,1,43,1,2022,62,28,788,False,57,2.318840579710145,1.7857142857142858,21.1864406779661,84.02752293577981,13,0.8130081300813009,54.54545454545454,59.80000000000001,13.475997686524002,12.038815376964827,36.0216049382716,48.06042031523643,55.160714285714285,29.756097560975608,0.2631578947368421,2.8421052631578947,0.05263157894736842,0.0,0.6350877192982456,0.4188679544222379,-0.13008130081300814,L
statsbomb,1,43,1,2022,63,29,785,True,48,3.014925373134328,2.7027027027027026,30.08849557522124,86.05050505050505,11,4.166666666666666,45.0,63.74999999999999,13.717421124828533,15.404079861111104,29.98541666666667,45.38949652777777,71.57446808510639,28.78787878787879,0.25,2.8125,0.020833333333333332,0.0,0.5280665280665281,0.4236367412419223,0.09659090909090909,W
statsbomb,1,43,1,2022,63,28,788,False,60,2.392405063291139,2.375,22.916666666666664,89.85416666666667,14,2.1484375,58.333333333333336,71.65,7.814661134163209,13.178672851896462,31.20567375886525,44.38434661076171,92.73333333333333,37.109375,0.21666666666666667,1.8833333333333333,0.0,0.0,0.5990867579908675,0.3839322982337784,-0.134765625,L
statsbomb,1,43,1,2022,64,19,771,False,71,2.6486486486486487,3.1346153846153846,23.195876288659793,97.125,30,5.263157894736842,23.809523809523807,73.1,15.459882583170254,22.561621966794384,26.785919540229884,49.34754150702427,61.15492957746479,34.91228070175438,0.1267605633802817,2.183098591549296,0.0,0.8694899555219152,0.5461956521739131,0.39948061097203014,0.11228070175438597,D
statsbomb,1,43,1,2022,64,18,779,True,72,2.8850574712643677,2.6315789473684212,18.562874251497004,95.04,26,4.184704184704184,42.857142857142854,66.175,11.620469083155651,17.806255508413773,31.502564102564104,49.30881961097788,69.34722222222223,30.303030303030305,0.2361111111111111,2.6944444444444446,0.06944444444444445,0.6648500687504866,0.6017287234042553,0.4139351477769486,-0.015873015873015872,D
statsbomb,1,43,2,2018,65,33,796,True,56,2.2110091743119265,1.9791666666666667,24.489795918367346,66.39516129032258,16,7.989690721649484,0.0,62.25,10.176125244618394,18.21801215058649,36.12068965517241,54.3387018057589,35.964285714285715,42.78350515463917,0.14285714285714285,1.7321428571428572,0.0,0.05809491672486615,0.46781789638932497,0.35814335127627184,-0.05412371134020619,W
statsbomb,1,43,2,2018,65,10,799,False,56,3.759259259259259,5.55,15.702479338842975,76.72519083969466,18,5.244755244755245,21.428571428571427,75.12500000000003,11.311053984575835,23.146528452650895,22.685185185185187,45.83171363783608,64.96363636363637,44.230769230769226,0.10714285714285714,2.3392857142857144,0.0,0.0,0.5269230769230769,0.3343791251821342,-0.006993006993006993,L
statsbomb,1,43,2,2018,66,34,775,False,53,2.759493670886076,3.5,17.763157894736842,99.25217391304348,28,6.11764705882353,22.22222222222222,60.0,17.540842648323302,21.636081606898735,25.65315315315315,47.28923476005188,55.735849056603776,22.58823529411765,0.18867924528301888,2.641509433962264,0.0,0.0,0.5625,0.4699471656389277,-0.17176470588235293,L
statsbomb,1,43,2,2018,66,29,785,True,48,1.613861386138614,1.5116279069767442,23.75,106.05982905982906,32,4.970178926441352,35.714285714285715,74.75,13.00639658848614,23.715330444203683,24.41666666666666,48.131997110870344,43.083333333333336,34.1948310139165,0.3333333333333333,2.9375,0.020833333333333332,0.46238738744028873,0.5161649944258639,0.40868287791678204,0.015904572564612324,W
statsbomb,1,43,2,2018,67,19,771,True,57,1.4421052631578948,1.1764705882352942,32.35294117647059,89.09482758620689,14,1.2750455373406193,14.285714285714285,74.5,11.45966709346991,24.61054929266136,28.53448275862069,53.14503205128205,42.75438596491228,42.62295081967213,0.17543859649122806,2.0350877192982457,0.017543859649122806,0.540158472236273,0.49841938883034775,0.3459369152191303,0.04371584699453552,W
statsbomb,1,43,2,2018,67,7,792,False,63,5.88,5.1923076923076925,15.929203539823009,75.33636363636364,7,5.63063063063063,9.090909090909092,69.25,11.614497528830313,20.355173133083014,20.450000000000003,40.80517313308302,113.11111111111111,36.93693693693694,0.12698412698412698,1.9682539682539681,0.0,0.7994644561582274,0.6275303643724697,0.3888087072517148,0.11261261261261261,L
statsbomb,1,43,2,2018,68,18,779,True,57,2.1739130434782608,1.457142857142857,33.33333333333333,79.58928571428571,14,1.256281407035176,55.55555555555556,57.25,14.223385689354275,31.989181388986204,26.987179487179482,58.976360876165685,23.719298245614034,21.105527638190953,0.2982456140350877,4.859649122807017,0.0,0.404894289163944,0.6517094017094017,0.48177691505883624,0.06658291457286432,D
statsbomb,1,43,2,2018,68,35,793,False,61,14.88888888888889,17.58823529411765,5.681818181818182,77.96875,14,14.285714285714285,16.666666666666664,53.875,10.1010101010101,27.56785484464055,19.66216216216216,47.23001700680271,77.11475409836065,26.785714285714285,0.09836065573770492,1.360655737704918,0.01639344262295082,0.0,0.4827586206896552,0.4633725218661676,0.20535714285714285,D
statsbomb,1,43,2,2018,69,1,776,False,45,2.8117647058823527,3.65,19.411764705882355,96.33333333333333,26,8.208955223880597,10.0,62.25,15.724381625441698,18.85624624100266,32.89855072463767,51.75479696564033,43.86666666666667,29.601990049751244,0.2,3.022222222222222,0.0,0.06781232573331436,0.47058823529411764,0.42936618659435066,-0.08208955223880597,W
statsbomb,1,43,2,2018,69,36,784,True,52,3.5849056603773586,5.409090909090909,14.87603305785124,91.54,15,5.517241379310345,16.666666666666664,84.25000000000009,7.648494711147275,32.85285636349466,22.092198581560282,54.94505494505494,62.76923076923077,39.08045977011494,0.28846153846153844,2.1153846153846154,0.0,0.40672179702499456,0.6307692307692307,0.37157304793620216,0.1310344827586207,L
statsbomb,1,43,2,2018,70,6,773,False,53,2.2636363636363637,2.7142857142857144,17.669172932330827,82.71028037383178,65,3.9301310043668125,23.52941176470588,65.625,14.017991004497752,29.202797977428514,20.330459770114945,49.53325774754346,62.056603773584904,29.475982532751093,0.1509433962264151,2.9245283018867925,0.0,0.0,0.5301932367149759,0.41992475990809774,-0.017467248908296942,D
statsbomb,1,43,2,2018,70,8,781,True,76,2.0,1.9215686274509804,19.65811965811966,55.09803921568628,74,1.2612612612612613,35.714285714285715,76.25,11.269276393831554,21.366462346760073,28.08333333333333,49.4497956800934,58.067567567567565,31.71171171171171,0.14473684210526316,1.7763157894736843,0.013157894736842105,0.021417539346343592,0.5862068965517241,0.4087613783057866,0.17297297297297298,D
statsbomb,1,43,2,2018,71,16,770,True,56,1.6363636363636365,1.6521739130434783,25.454545454545453,62.31683168316832,33,1.4539579967689822,50.0,60.875,7.881498043599776,25.343275441211404,36.570512820512825,61.91378826172423,50.285714285714285,33.60258481421648,0.48214285714285715,2.5535714285714284,0.0,0.027617829989909252,0.5419187554019015,0.4184645660830071,-0.32794830371567046,L
statsbomb,1,43,2,2018,71,11,794,False,53,6.857142857142857,8.90625,7.4074074074074066,80.84269662921348,113,9.5679012345679,15.384615384615385,74.00000000000003,11.618257261410788,31.67173586296863,15.671296296296296,47.34303215926493,50.45283018867924,34.876543209876544,0.07547169811320754,1.8679245283018868,0.05660377358490566,0.08564330215565602,0.5784615384615385,0.4179391910322756,0.2191358024691358,W
statsbomb,1,43,2,2018,72,5,786,False,47,4.921568627450981,5.571428571428571,12.698412698412698,106.8141592920354,8,4.555808656036446,0.0,64.75,11.794439764111205,32.773631840796014,19.305555555555557,52.07918739635157,56.851063829787236,34.39635535307517,0.2978723404255319,2.595744680851064,0.0,0.004757539628976382,0.5233291298865069,0.4048198933277315,-0.15261958997722094,W
statsbomb,1,43,2,2018,72,31,795,True,58,4.54,3.88,18.556701030927837,72.54545454545455,7,5.197505197505198,30.0,71.25,13.36405529953917,22.44207501512402,29.276315789473685,51.7183908045977,67.12068965517241,32.432432432432435,0.1896551724137931,2.7586206896551726,0.0,0.0,0.4498044328552803,0.4132370197415889,0.06860706860706861,L
statsbomb,1,43,2,2018,73,22,782,True,50,1.8282828282828283,1.5357142857142858,22.916666666666664,82.875,64,1.9672131147540985,40.0,58.75,16.199551569506728,13.531938710240155,37.959770114942536,51.49170882518269,36.38775510204081,26.885245901639344,0.32,4.32,0.12,0.1347847095291633,0.63003663003663,0.4455459505829019,-0.18688524590163935,W
statsbomb,1,43,2,2018,73,37,798,False,56,4.0625,3.9722222222222223,13.924050632911392,71.72,64,9.065934065934066,21.428571428571427,76.875,9.702209414024976,24.357598562978108,24.78723404255319,49.1448326055313,90.17857142857143,39.010989010989015,0.16071428571428573,1.8214285714285714,0.017857142857142856,0.014878890066566673,0.4935897435897436,0.37707042673001834,-0.04395604395604396,L
statsbomb,1,43,2,2018,74,13,768,False,50,0.803030303030303,0.4158415841584158,50.53191489361703,103.59803921568627,64,2.280701754385965,18.181818181818183,73.125,10.599636583888552,12.870879120879124,40.357142857142854,53.22802197802198,38.375,35.96491228070175,0.28,2.92,0.0,0.044123985323008715,0.4895833333333333,0.38653142290816056,0.04736842105263158,W
statsbomb,1,43,2,2018,74,2,777,True,47,2.7941176470588234,4.222222222222222,12.452830188679245,110.54838709677419,79,7.336956521739131,39.285714285714285,88.0,6.546489563567362,10.683635305454583,28.02721088435374,38.71084618980832,172.82608695652175,43.75,0.06382978723404255,1.872340425531915,0.02127659574468085,0.8285278261181436,0.40185185185185185,0.3407472153297445,-0.13043478260869565,L
statsbomb,1,43,2,2018,75,38,790,True,48,3.3684210526315788,3.28125,21.73913043478261,79.0,8,2.0964360587002098,40.0,77.0,22.005988023952096,30.74215663031453,21.97368421052631,52.71584084084084,52.520833333333336,29.769392033542978,0.2708333333333333,3.0416666666666665,0.0,0.3888097321568113,0.6003996003996004,0.4190311289629749,0.016771488469601678,W
statsbomb,1,43,2,2018,75,14,791,False,48,4.048387096774194,4.62962962962963,11.486486486486488,90.96190476190476,19,6.020942408376963,18.181818181818183,78.5,10.600375234521577,32.215550490883594,17.8125,50.028050490883594,75.55319148936171,38.481675392670155,0.2708333333333333,2.0208333333333335,0.0,0.0,0.46474358974358976,0.37996355041933927,-0.11518324607329843,L
statsbomb,1,43,2,2018,76,21,787,False,63,2.6145833333333335,2.3043478260869565,16.7420814479638,92.99090909090908,56,7.853403141361256,16.666666666666664,89.625,10.377358490566039,21.703717026378897,28.483333333333334,50.18705035971223,42.306451612903224,42.40837696335078,0.19047619047619047,1.492063492063492,0.0,0.00679918678459667,0.5007541478129713,0.34889760541436443,0.0968586387434555,W
statsbomb,1,43,2,2018,76,17,789,True,45,2.4805194805194803,2.4634146341463414,25.0,82.39166666666667,25,1.7094017094017095,20.0,63.875,17.575015309246787,22.571365167745977,25.18817204301075,47.759537210756726,64.61363636363636,27.00854700854701,0.17777777777777778,3.7333333333333334,0.1111111111111111,0.06783334336093143,0.6442307692307693,0.4313492817579335,0.10427350427350428,L
statsbomb,1,43,2,2018,77,39,774,False,65,3.453333333333333,4.694444444444445,20.73170731707317,99.5034965034965,21,4.958677685950414,14.285714285714285,81.625,12.055641421947449,24.727095516569197,27.86549707602339,52.59259259259259,42.25,35.9504132231405,0.2153846153846154,2.0923076923076924,0.0,0.46155615623886903,0.5525460455037919,0.38776830155196185,0.0371900826446281,L
statsbomb,1,43,2,2018,77,33,796,True,58,3.8550724637681157,3.611111111111111,16.847826086956523,69.11920529801324,35,6.423982869379015,0.0,74.00000000000001,9.450726978998384,33.83700080552717,21.383647798742135,55.2206486042693,59.96551724137931,41.97002141327623,0.4482758620689655,1.6379310344827587,0.0,0.0,0.4975186104218362,0.3471004447714532,-0.03640256959314775,W
statsbomb,1,43,2,2018,78,40,769,True,55,5.950819672131147,6.826086956521739,8.870967741935484,96.4375,59,6.6350710900473935,33.33333333333333,82.5,10.375816993464053,25.017932155028934,22.44623655913978,47.464168714168714,65.7090909090909,38.15165876777251,0.14545454545454545,1.9272727272727272,0.0,0.013201856007454429,0.6064659977703456,0.37414105358291583,0.06872037914691943,L
statsbomb,1,43,2,2018,78,3,778,False,49,1.9361702127659575,2.5277777777777777,19.767441860465116,86.38235294117646,32,2.380952380952381,42.857142857142854,65.625,21.787093215664644,21.448300438596483,32.53333333333333,53.981633771929815,47.91836734693877,30.0,0.24489795918367346,4.408163265306122,0.0,0.33761743937524086,0.5558312655086849,0.428142221253194,-0.05873015873015873,W
statsbomb,1,43,2,2018,79,15,780,True,56,4.575757575757576,5.419354838709677,21.311475409836063,84.99173553719008,15,6.045340050377834,25.0,70.25,16.135265700483092,21.972494773569924,24.70149253731343,46.673987310883355,75.25,36.02015113350126,0.10714285714285714,2.1964285714285716,0.0,0.20787637486473334,0.4407051282051282,0.3879236387407903,-0.03526448362720403,W
statsbomb,1,43,2,2018,79,28,788,False,75,1.9610389610389611,2.689655172413793,17.5,62.88513513513514,18,3.6608863198458574,28.57142857142857,87.75,9.655172413793103,24.051128439203758,31.628787878787875,55.67991631799163,44.38356164383562,43.15992292870906,0.32,1.5466666666666666,0.0,0.029256435936795642,0.4432234432234432,0.34384823219893246,-0.0674373795761079,L
statsbomb,1,43,2,2018,80,4,772,False,56,0.9680851063829787,0.7777777777777778,39.568345323741006,74.17647058823529,32,0.857843137254902,62.5,73.0,10.864933958244567,27.136735572782076,31.541666666666668,58.678402239448744,59.388888888888886,31.985294117647058,0.375,3.9285714285714284,0.05357142857142857,0.05985371475511112,0.5214431586113002,0.409771698660261,0.0428921568627451,W
statsbomb,1,43,2,2018,80,25,797,True,61,9.719298245614034,15.19047619047619,7.450980392156863,79.00925925925925,59,12.213740458015266,31.57894736842105,84.625,9.370424597364568,22.873196602751914,18.870056497175145,41.74325309992706,98.63934426229508,38.54961832061068,0.16393442622950818,1.2622950819672132,0.0,0.0,0.44711538461538464,0.37095117556910984,0.011450381679389313,L
statsbomb,1,43,2,2018,81,24,783,True,54,3.212121212121212,3.2444444444444445,15.416666666666668,80.75257731958763,70,2.152641878669276,50.0,55.0,22.793606671299514,19.439778751487612,31.410256410256405,50.85003516174402,56.283018867924525,31.702544031311152,0.2222222222222222,3.1481481481481484,0.0,0.01323927281356142,0.5729783037475346,0.41921117980911193,0.025440313111545987,W
statsbomb,1,43,2,2018,81,10,799,False,63,4.0,3.6538461538461537,12.716763005780345,72.56880733944953,38,2.73972602739726,15.384615384615385,86.25,13.11377245508982,16.931862175764614,34.48412698412699,51.4159891598916,79.96774193548387,37.32876712328767,0.20634920634920634,2.634920634920635,0.031746031746031744,0.2028512758172592,0.5664335664335665,0.3827198748883961,-0.039383561643835614,L
statsbomb,1,43,2,2018,82,18,779,True,59,1.1037037037037036,0.8484848484848485,26.27118644067797,64.54961832061069,71,3.7383177570093453,0.0,63.75,16.049382716049383,12.425153542540578,38.22072072072072,50.6458742632613,43.578947368421055,30.2803738317757,0.2542372881355932,2.610169491525424,0.0847457627118644,0.0,0.575046904315197,0.41873795726643437,0.059813084112149535,L
statsbomb,1,43,2,2018,82,29,785,False,53,3.2023809523809526,3.081081081081081,15.979381443298967,81.28070175438596,30,6.282722513089005,8.333333333333332,77.25,12.462908011869436,22.269388561533187,24.302325581395348,46.571714142928535,54.35849056603774,39.52879581151832,0.16981132075471697,1.8867924528301887,0.0,0.021570430842402778,0.5788787483702738,0.3667886363341496,-0.08115183246073299,W
statsbomb,1,43,2,2018,83,19,771,True,74,2.2170542635658914,2.09375,18.237082066869302,77.2016806722689,126,4.3678160919540225,9.090909090909092,71.625,8.188976377952756,20.94999923958999,31.362179487179485,52.312178726769474,65.85135135135135,40.229885057471265,0.08108108108108109,1.2567567567567568,0.02702702702702703,0.0,0.4791666666666667,0.35237708366620746,-0.08505747126436781,W
statsbomb,1,43,2,2018,83,36,784,False,68,3.292307692307692,4.148148148148148,13.664596273291925,78.34146341463415,29,4.37956204379562,52.63157894736842,84.74999999999999,10.784313725490197,34.36073331742623,16.262626262626263,50.623359580052494,72.04615384615384,41.24087591240876,0.14705882352941177,1.9852941176470589,0.0,0.04606542194620117,0.5364891518737672,0.3559094032202357,0.10583941605839416,L
statsbomb,1,43,2,2018,84,1,776,True,47,3.5441176470588234,3.025,24.342105263157894,96.0990099009901,15,3.3472803347280333,30.0,75.0,20.190197512801756,23.98066013602985,28.10763888888889,52.08829902491874,68.97872340425532,29.707112970711297,0.1702127659574468,3.0851063829787235,0.0,0.0,0.5060386473429952,0.43340187282647036,-0.07531380753138076,D
statsbomb,1,43,2,2018,84,7,792,False,42,4.857142857142857,4.818181818181818,13.095238095238097,107.39795918367346,31,4.315196998123827,25.0,72.5,9.726848767488342,18.637960148598438,29.66666666666667,48.30462681526511,60.54761904761905,35.45966228893058,0.42857142857142855,2.9285714285714284,0.0,0.5548112866199711,0.6213675213675214,0.39184531642178366,0.08818011257035648,D
statsbomb,1,43,2,2018,85,8,781,True,66,1.681159420289855,1.6451612903225807,23.809523809523807,66.28,6,0.26666666666666666,42.857142857142854,74.375,14.499999999999998,16.489670429208473,38.93229166666667,55.421962095875145,31.0,30.266666666666666,0.36363636363636365,3.0606060606060606,0.0,0.0,0.5752508361204013,0.4230879963576807,0.07466666666666667,W
statsbomb,1,43,2,2018,85,31,795,False,58,8.72549019607843,9.954545454545455,13.513513513513514,72.63829787234043,13,12.244897959183673,25.0,66.75,14.973958333333334,24.286450494077616,20.734463276836156,45.02091377091377,84.91228070175438,33.33333333333333,0.08620689655172414,1.8275862068965518,0.0,0.0,0.44871794871794873,0.40993024912842657,-0.1598639455782313,L
statsbomb,1,43,2,2018,86,34,775,True,63,4.162790697674419,5.684210526315789,12.878787878787879,101.78625954198473,25,5.103969754253308,0.0,78.25000000000006,18.321678321678323,33.673693809677076,18.397435897435898,52.07112970711297,58.12698412698413,33.2703213610586,0.20634920634920634,2.2063492063492065,0.0,0.0,0.5806754221388368,0.40153902065340863,-0.08506616257088846,W
statsbomb,1,43,2,2018,86,35,793,False,53,2.0625,2.4468085106382977,14.736842105263156,105.32,108,8.55457227138643,0.0,60.5,8.807733619763695,31.75830610021786,22.062499999999996,53.82080610021786,49.32692307692308,41.5929203539823,0.3584905660377358,1.8113207547169812,0.0,0.5398240292019731,0.5447409733124019,0.37116409890051705,-0.10324483775811209,L
statsbomb,1,43,2,2018,87,6,773,False,61,2.2222222222222223,2.5405405405405403,23.12925170068027,70.62037037037037,24,3.429602888086643,50.0,76.375,12.796504369538079,21.901776658622744,25.586419753086417,47.48819641170916,52.442622950819676,30.505415162454874,0.21311475409836064,2.8360655737704916,0.0,0.03365470208531833,0.5703703703703704,0.4143781748303652,0.023465703971119134,W
statsbomb,1,43,2,2018,87,5,786,True,52,1.471698113207547,1.263157894736842,22.972972972972975,95.54285714285714,78,9.510086455331413,12.5,77.375,6.41925777331996,24.4394962253194,25.071428571428573,49.51092479674797,48.32692307692308,35.158501440922194,0.28846153846153844,1.8846153846153846,0.0,0.0,0.44074074074074077,0.39131252735387057,0.07204610951008646,L
statsbomb,1,43,2,2018,88,16,770,True,47,1.2941176470588236,0.9655172413793104,30.17751479289941,81.43434343434343,73,0.2785515320334262,42.857142857142854,67.875,10.956271023546373,20.66112746810387,38.53448275862069,59.19561022672456,41.170212765957444,30.919220055710305,0.851063829787234,3.872340425531915,0.0,0.0,0.6242118537200504,0.41157335861203814,0.020891364902506964,W
statsbomb,1,43,2,2018,88,38,790,False,34,7.758064516129032,10.366666666666667,12.371134020618557,124.27848101265823,21,11.538461538461538,0.0,71.25,12.046204620462046,32.83552349341823,15.900900900900902,48.73642439431913,69.3529411764706,38.46153846153847,0.4117647058823529,2.0,0.029411764705882353,0.0,0.49627791563275436,0.3810935138332504,-0.2264957264957265,L
statsbomb,1,43,2,2018,89,2,777,False,46,1.3061224489795917,1.3194444444444444,25.0,82.48979591836735,83,2.569593147751606,36.36363636363637,69.75,8.426966292134832,23.973294723294718,26.28571428571429,50.259009009009006,60.95652173913044,32.76231263383298,0.34782608695652173,2.5217391304347827,0.0,0.0,0.5637362637362637,0.3952311296901513,-0.029978586723768737,L
statsbomb,1,43,2,2018,89,22,782,True,66,2.7294117647058824,2.7916666666666665,24.375,65.07058823529412,29,3.578947368421052,41.66666666666667,70.75,16.533720087019578,21.56089030206677,25.882352941176475,47.443243243243245,47.84848484848485,30.526315789473685,0.15151515151515152,2.4545454545454546,0.13636363636363635,0.1468212165195426,0.47793190416141235,0.4345066849924464,-0.061052631578947365,W
statsbomb,1,43,2,2018,90,14,791,True,43,3.0,2.638888888888889,13.656387665198238,129.0842105263158,56,4.444444444444445,0.0,82.25,10.263653483992467,23.744570416019812,28.362068965517246,52.10663938153706,43.829268292682926,46.666666666666664,0.2558139534883721,1.8604651162790697,0.0,0.03281541433046618,0.46153846153846156,0.3420168003243542,-0.019444444444444445,L
statsbomb,1,43,2,2018,90,11,794,False,51,2.8095238095238093,3.5714285714285716,20.909090909090907,86.2289156626506,13,2.6262626262626263,0.0,69.375,13.082811412665274,21.131561008861617,29.861111111111114,50.99267211997273,88.15686274509804,32.72727272727273,0.13725490196078433,2.627450980392157,0.0,0.4172407321340967,0.532967032967033,0.4046869649501691,-0.10303030303030303,W
statsbomb,1,43,2,2018,91,13,768,True,35,3.393939393939394,3.4642857142857144,12.209302325581394,154.11666666666667,51,0.9884678747940692,33.33333333333333,70.5,23.342776203966007,22.719304675893355,27.787356321839077,50.50666099773243,71.70588235294117,23.72322899505766,0.11428571428571428,5.8,0.2,0.49458371947410146,0.6524475524475525,0.4630335614460249,-0.10873146622734761,W
statsbomb,1,43,2,2018,91,37,798,False,37,7.5,4.0,10.059171597633137,121.61428571428571,31,4.926108374384237,10.0,76.25000000000001,11.965065502183405,21.982643524699604,29.999999999999993,51.9826435246996,84.4054054054054,44.33497536945813,0.2972972972972973,2.675675675675676,0.0,0.0,0.5964497041420118,0.36282588943915184,0.20935960591133004,L
statsbomb,1,43,2,2018,92,40,769,False,89,2.2777777777777777,3.310344827586207,12.272727272727273,45.05925925925926,64,4.37956204379562,14.285714285714285,81.0,10.986964618249534,27.95506912442396,22.916666666666668,50.87173579109063,44.42696629213483,37.95620437956204,0.23595505617977527,1.4943820224719102,0.0,0.0044121743797940665,0.4994731296101159,0.38924628864981803,-0.1678832116788321,W
statsbomb,1,43,2,2018,92,17,789,True,64,2.482142857142857,2.5,23.26732673267327,75.192,39,2.9017857142857144,12.5,57.999999999999986,19.338422391857506,24.517448806646115,26.088709677419352,50.60615848406547,46.34920634920635,30.13392857142857,0.234375,2.453125,0.0,0.0,0.49282920469361147,0.4212899614618234,-0.13616071428571427,L
statsbomb,1,43,2,2018,93,3,778,True,52,2.9682539682539684,3.896551724137931,19.17808219178082,74.86666666666666,14,4.411764705882353,12.5,59.875,19.006982156710627,25.362683568425194,22.149122807017545,47.51180637544274,51.32692307692308,28.361344537815125,0.17307692307692307,2.9615384615384617,0.0,0.0,0.5462653288740246,0.4392980331769004,0.029411764705882353,D
statsbomb,1,43,2,2018,93,21,787,False,55,3.2131147540983607,2.8214285714285716,16.546762589928058,71.6890756302521,27,9.693877551020408,0.0,67.75,12.064090480678605,24.101322835762677,27.884615384615383,51.98593822037806,54.70909090909091,35.45918367346938,0.38181818181818183,2.036363636363636,0.03636363636363636,0.0,0.5286713286713287,0.39671920607830824,-0.22959183673469388,D
statsbomb,1,43,2,2018,94,15,780,False,56,1.537313432835821,1.5675675675675675,21.472392638036812,66.53333333333333,62,1.746031746031746,14.285714285714285,67.25000000000001,12.02804746494067,27.794664389067528,26.015625,53.81028938906753,73.73214285714286,33.96825396825397,0.30357142857142855,2.9642857142857144,0.0,0.5413029981491846,0.5476190476190477,0.40074492537852824,0.08412698412698413,D
statsbomb,1,43,2,2018,94,25,797,True,56,5.303030303030303,6.2592592592592595,15.602836879432624,72.64285714285714,19,11.715481171548117,8.333333333333332,65.12500000000001,10.828025477707007,13.993783696447096,33.26241134751774,47.25619504396484,98.19642857142857,28.870292887029287,0.14285714285714285,1.4821428571428572,0.0,0.5028218476682826,0.5024038461538461,0.4225848825241356,-0.08786610878661087,D
statsbomb,1,43,2,2018,95,24,783,True,43,3.4915254237288136,3.59375,17.80821917808219,110.7864077669903,17,3.6121673003802277,8.333333333333332,67.5,16.6446499339498,21.076404137998328,29.475308641975314,50.55171277997364,52.093023255813954,34.4106463878327,0.20930232558139536,3.511627906976744,0.0,0.07469484590576428,0.49052396878483834,0.39978777932324694,-0.0779467680608365,W
statsbomb,1,43,2,2018,95,33,796,False,38,3.046511627906977,2.6153846153846154,13.302752293577983,125.27956989247312,56,6.315789473684211,0.0,75.0,9.758551307847082,28.959686609686607,23.685185185185183,52.64487179487179,53.76315789473684,34.73684210526316,0.21052631578947367,2.5526315789473686,0.0,0.0,0.42735042735042733,0.39623041140198423,-0.04736842105263158,L
statsbomb,1,43,2,2018,96,39,774,False,48,6.6461538461538465,10.565217391304348,9.550561797752808,88.32967032967034,21,5.013192612137203,21.428571428571427,80.875,11.875589066918002,28.232819004162664,16.99652777777778,45.22934678194044,97.04255319148936,35.09234828496042,0.1875,2.2083333333333335,0.0,0.0,0.5162721893491125,0.3967706401889616,-0.07387862796833773,L
statsbomb,1,43,2,2018,96,10,799,True,59,1.3333333333333333,1.3653846153846154,23.232323232323232,64.61467889908256,54,1.0385756676557862,14.285714285714285,67.0,11.088810837932765,22.63232299498747,34.713541666666664,57.34586466165413,35.74576271186441,31.454005934718097,0.2542372881355932,2.6610169491525424,0.0,0.6533547681206728,0.5949275362318841,0.40510810336849623,-0.037091988130563795,W
statsbomb,1,43,2,2018,97,4,772,True,42,0.845360824742268,0.6206896551724138,37.142857142857146,95.4186046511628,31,0.5312084993359893,28.57142857142857,65.5,15.527950310559005,15.367736445416988,42.222222222222214,57.5899586676392,25.88095238095238,30.810092961487385,0.5476190476190477,4.857142857142857,0.0,0.0,0.5145631067961165,0.41367702493797265,0.13678618857901725,D
statsbomb,1,43,2,2018,97,28,788,False,47,9.471698113207546,11.0,6.741573033707865,98.51351351351352,49,6.374501992031872,5.263157894736842,64.75000000000001,8.948863636363637,20.717054263565892,20.65891472868217,41.37596899224806,154.17021276595744,33.86454183266932,0.06382978723404255,1.297872340425532,0.0,0.0,0.41114058355437666,0.39079818402302724,-0.1394422310756972,D
statsbomb,1,43,2,2018,98,29,785,False,44,2.3461538461538463,2.5,15.277777777777779,78.22448979591837,75,2.6168224299065423,20.0,83.875,14.502849905003167,33.30270804589463,17.89308176100629,51.195789806900926,73.88372093023256,35.88785046728972,0.22727272727272727,3.4545454545454546,0.0,0.07087237288659738,0.5688509021842355,0.3992496553617222,0.17943925233644858,W
statsbomb,1,43,2,2018,98,35,793,True,59,2.194915254237288,2.2884615384615383,21.120689655172413,90.77678571428571,58,6.042296072507553,25.0,69.5,14.861751152073733,31.08227401129944,23.020833333333336,54.103107344632775,71.63793103448276,31.1178247734139,0.2033898305084746,2.1186440677966103,0.0,0.3709754453143295,0.3887733887733888,0.41923350541682314,-0.13595166163141995,L
statsbomb,1,43,2,2018,99,36,784,False,53,4.483333333333333,8.647058823529411,6.5,70.95327102803738,36,6.0324825986078885,7.142857142857142,80.0,13.790186125211507,26.52295403977193,18.784722222222225,45.30767626199415,61.471698113207545,41.067285382830626,0.09433962264150944,1.8113207547169812,0.0,0.0,0.5893665158371041,0.3695487499694494,0.21809744779582366,W
statsbomb,1,43,2,2018,99,7,792,True,50,1.4051724137931034,1.0483870967741935,23.36065573770492,95.70408163265306,88,0.8695652173913043,75.0,60.75,11.153119092627598,14.599999999999994,36.48809523809524,51.088095238095235,48.16,33.91304347826087,0.32,2.58,0.0,0.043487670377063664,0.5503663003663004,0.38956640524127517,-0.09739130434782609,L
statsbomb,1,43,2,2018,100,19,771,False,59,3.1555555555555554,2.6923076923076925,23.076923076923077,60.89655172413793,13,1.7167381974248928,50.0,78.625,12.852822580645162,27.12282338308457,28.854166666666668,55.97699004975124,34.83050847457627,40.486409155937054,0.2542372881355932,2.711864406779661,0.0,0.0,0.5337995337995338,0.3482612268600994,-0.05293276108726753,D
statsbomb,1,43,2,2018,100,1,776,True,59,7.75,9.869565217391305,10.416666666666668,78.53846153846153,36,11.403508771929824,21.428571428571427,67.0,11.871657754010695,21.85781308063916,24.130434782608695,45.98824786324786,74.05084745762711,34.21052631578947,0.03389830508474576,1.8305084745762712,0.0,0.06126218573213956,0.42054263565891475,0.40702824482508615,-0.2134502923976608,D
statsbomb,1,43,2,2018,101,34,775,True,73,3.1714285714285713,3.7222222222222223,10.596026490066226,72.60330578512396,96,7.453416149068323,18.181818181818183,87.00000000000001,14.37980241492865,19.76114010437576,27.295597484276723,47.05673758865248,70.83561643835617,37.88819875776397,0.0821917808219178,1.2054794520547945,0.0273972602739726,0.6356382404264609,0.5008944543828264,0.37767794255373777,-0.021739130434782608,L
statsbomb,1,43,2,2018,101,18,779,False,65,1.5384615384615385,1.325,26.865671641791046,59.902255639097746,20,3.697478991596639,18.181818181818183,75.25,12.410501193317423,24.85969989552792,27.93981481481482,52.79951471034274,60.421875,34.11764705882353,0.15384615384615385,2.723076923076923,0.0,0.10797873309937142,0.5384615384615384,0.3923322882046658,0.02689075630252101,W
statsbomb,1,43,2,2018,102,8,781,False,55,5.215686274509804,10.0625,14.423076923076922,69.15833333333333,11,1.8376722817764166,42.857142857142854,70.37500000000001,16.424340333871836,29.413886394202194,21.161202185792355,50.57508857999455,49.236363636363635,28.94333843797856,0.21818181818181817,3.981818181818182,0.0,0.0,0.47893772893772896,0.438415281257053,0.11638591117917305,W
statsbomb,1,43,2,2018,102,5,786,True,68,1.6978021978021978,2.0923076923076924,16.847826086956523,63.72357723577236,149,4.921700223713646,0.0,56.25,15.137254901960784,32.50477877101254,23.63945578231293,56.14423455332547,60.470588235294116,27.516778523489933,0.3088235294117647,2.014705882352941,0.0,0.0,0.39351851851851855,0.4398056052546634,0.06263982102908278,L
statsbomb,1,43,2,2018,103,38,790,False,44,3.808219178082192,7.1,9.89010989010989,97.4,23,12.598425196850393,21.428571428571427,68.12500000000001,14.328808446455504,28.971667360244137,19.36728395061728,48.33895131086142,51.38636363636363,33.46456692913386,0.18181818181818182,2.2045454545454546,0.0,0.28359590690271724,0.40318302387267907,0.41846011660883997,-0.011811023622047244,W
statsbomb,1,43,2,2018,103,11,794,True,60,1.6935483870967742,1.3888888888888888,32.58426966292135,71.70247933884298,8,4.133858267716536,0.0,64.75000000000003,15.10840108401084,18.121179842248097,37.11538461538461,55.23656445763271,58.25423728813559,27.95275590551181,0.3333333333333333,2.6333333333333333,0.0,0.02460609871302264,0.5694305694305695,0.4259454515381019,-0.011811023622047244,L
statsbomb,1,43,2,2018,104,16,770,False,57,1.5081967213114753,1.4054054054054055,28.947368421052634,91.49549549549549,23,1.3623978201634876,57.14285714285714,71.625,9.541804440245631,21.949890822321763,36.4247311827957,58.374622005117466,34.1578947368421,32.42506811989101,0.45614035087719296,3.9649122807017543,0.0,0.0,0.5984354628422425,0.415847556632994,-0.01634877384196185,L
statsbomb,1,43,2,2018,104,14,791,True,52,4.875,7.7894736842105265,10.616438356164384,86.50602409638554,65,11.196911196911197,13.636363636363635,66.625,12.0617110799439,30.883023491719147,14.033816425120772,44.91683991683992,83.71153846153847,28.185328185328185,0.07692307692307693,1.6538461538461537,0.0,0.010712615012167363,0.5235042735042735,0.4293580954197307,-0.0888030888030888,W
statsbomb,1,43,2,2018,105,6,773,True,43,2.1690140845070425,1.975609756097561,22.093023255813954,128.2,37,2.689075630252101,42.10526315789473,60.750000000000014,17.79252110977081,16.55891685776758,27.034313725490197,43.59323058325778,62.116279069767444,27.39495798319328,0.3953488372093023,4.6976744186046515,0.0,0.0,0.6282051282051282,0.43760826932378516,-0.011764705882352941,D
statsbomb,1,43,2,2018,105,31,795,False,55,2.4615384615384617,2.870967741935484,21.1864406779661,80.78021978021978,6,4.972375690607735,16.666666666666664,74.25,12.851405622489958,26.56545729402872,23.48639455782313,50.05185185185185,56.09090909090909,35.635359116022094,0.14545454545454545,1.6545454545454545,0.0,0.4970775882316922,0.47157190635451507,0.38647614713350475,-0.016574585635359115,D
statsbomb,1,43,2,2018,106,2,777,False,43,1.3522727272727273,1.1794871794871795,23.12925170068027,103.16101694915254,29,1.8518518518518516,50.0,68.25000000000001,18.064516129032256,13.001986552567239,36.354166666666664,49.3561532192339,43.7906976744186,25.617283950617285,0.27906976744186046,4.348837209302325,0.06976744186046512,0.0,0.553921568627451,0.43818718392538925,-0.021604938271604937,W
statsbomb,1,43,2,2018,106,37,798,True,55,3.765432098765432,2.8666666666666667,21.176470588235293,90.46315789473684,24,8.934707903780069,16.666666666666664,83.125,13.659147869674184,26.590909090909086,20.833333333333336,47.42424242424242,70.05454545454545,35.39518900343643,0.07272727272727272,1.4,0.0,0.07553428108070288,0.5439560439560439,0.38011068076592425,-0.13058419243986255,L
statsbomb,1,43,2,2018,107,13,768,True,55,2.0776699029126213,1.471698113207547,30.87248322147651,73.5111111111111,15,3.11284046692607,27.27272727272727,69.25000000000003,10.77127659574468,17.461978996626403,29.652777777777782,47.114756774404185,47.654545454545456,37.35408560311284,0.2545454545454545,2.381818181818182,0.01818181818181818,0.06651869467508245,0.5045045045045045,0.3800745847143078,-0.16536964980544747,L
statsbomb,1,43,2,2018,107,22,782,False,52,1.6470588235294117,1.4375,23.228346456692915,120.816091954023,78,4.21792618629174,22.22222222222222,65.375,18.09015421115065,22.34518551236749,22.312500000000004,44.65768551236749,62.76923076923077,26.889279437609844,0.15384615384615385,3.673076923076923,0.0,0.0,0.4154929577464789,0.44367690583963193,-0.01757469244288225,W
statsbomb,1,43,2,2018,108,40,769,False,44,2.673469387755102,2.761904761904762,18.75,92.832,5,4.721030042918455,26.666666666666668,68.25,12.165450121654501,10.80260552496862,31.88725490196078,42.6898604269294,60.54545454545455,37.98283261802575,0.20454545454545456,2.6818181818181817,0.0,0.16915976153635445,0.5254437869822485,0.38994603846307685,-0.15665236051502146,W
statsbomb,1,43,2,2018,108,21,787,True,56,1.3391304347826087,1.7428571428571429,13.82488479262673,110.42056074766356,54,8.231707317073171,33.33333333333333,67.5,9.237875288683602,15.027594219737125,32.4468085106383,47.474402730375424,41.57142857142857,32.01219512195122,0.07142857142857142,1.375,0.017857142857142856,0.1310105074778084,0.5620094191522763,0.39069766000065365,-0.03353658536585366,L
statsbomb,1,43,2,2018,109,3,778,True,31,2.4936708860759493,3.8333333333333335,11.931818181818182,144.11428571428573,26,3.577512776831346,30.0,71.0,21.59090909090909,24.420563900429677,23.98148148148148,48.40204538191116,59.61290322580645,30.83475298126065,0.3548387096774194,4.258064516129032,0.0,0.0,0.5579133510167993,0.4104980294075977,0.12947189097103917,L
statsbomb,1,43,2,2018,109,17,789,False,42,3.4615384615384617,3.7142857142857144,10.526315789473683,88.14953271028037,24,3.2064128256513023,33.33333333333333,67.5,11.024734982332156,21.628707627118644,26.354166666666664,47.98287429378531,45.23809523809524,39.879759519038075,0.35714285714285715,2.5476190476190474,0.0,0.0,0.5288888888888889,0.35632920834367154,-0.05811623246492986,W
statsbomb,1,43,2,2018,110,4,772,False,35,1.7523809523809524,1.509090909090909,24.651162790697676,134.01282051282053,70,0.8974358974358974,0.0,67.5,14.361938639395285,18.62162162162162,34.375,52.99662162162162,62.885714285714286,35.51282051282051,0.3142857142857143,5.142857142857143,0.02857142857142857,0.034614549052735526,0.5596816976127321,0.3811339488856397,0.13205128205128205,D
statsbomb,1,43,2,2018,110,15,780,True,38,5.070588235294117,6.555555555555555,8.614232209737828,131.4470588235294,82,5.670103092783505,26.666666666666668,75.875,13.996316758747698,30.55327606103346,19.54545454545455,50.09873060648801,81.13513513513513,35.56701030927835,0.21052631578947367,2.9210526315789473,0.0,0.6129192123259466,0.5794871794871795,0.3938348275139757,0.21649484536082475,D
statsbomb,1,43,2,2018,111,28,788,True,46,1.1797752808988764,0.8103448275862069,30.201342281879196,88.4695652173913,31,3.048780487804878,25.0,64.375,19.21146953405018,15.40224126565591,34.83739837398374,50.23963963963965,65.84444444444445,29.065040650406505,0.2826086956521739,3.0869565217391304,0.021739130434782608,0.0,0.6610312764158918,0.42414488458513777,0.026422764227642278,L
statsbomb,1,43,2,2018,111,25,797,False,59,2.272727272727273,4.888888888888889,7.211538461538461,83.53488372093024,60,14.981273408239701,30.76923076923077,91.125,8.882521489971348,22.435786435786444,23.027777777777775,45.46356421356422,62.5,41.57303370786517,0.1016949152542373,1.152542372881356,0.01694915254237288,0.021561730294054695,0.5218295218295218,0.342129865853844,-0.033707865168539325,W
statsbomb,1,43,2,2018,112,39,774,True,57,4.7272727272727275,4.967741935483871,14.457831325301203,82.98529411764706,14,7.675906183368871,18.181818181818183,75.25000000000006,9.330143540669857,23.551781217532177,26.956521739130434,50.50830295666261,57.74545454545454,38.59275053304904,0.17543859649122806,2.263157894736842,0.0,0.0,0.5042735042735043,0.3919413790762527,0.14925373134328357,L
statsbomb,1,43,2,2018,112,24,783,False,82,3.323943661971831,4.193548387096774,23.52941176470588,50.5625,13,1.2841091492776886,60.0,62.125,20.0,16.403321678321674,35.483333333333334,51.88665501165501,45.951219512195124,27.287319422150887,0.15853658536585366,2.9390243902439024,0.0,0.019954825834667792,0.5384615384615384,0.4694090644608878,-0.13001605136436598,W
statsbomb,1,43,2,2018,113,15,780,False,63,2.23728813559322,2.2413793103448274,23.46938775510204,61.22608695652174,11,1.5177065767284992,55.55555555555556,76.25,10.047846889952153,32.113629563135845,28.958333333333332,61.071962896469174,26.38095238095238,38.785834738617204,0.5555555555555556,2.2222222222222223,0.0,0.06500423344549518,0.5402714932126697,0.3758391674589714,-0.021922428330522766,L
statsbomb,1,43,2,2018,113,24,783,True,57,5.45945945945946,8.4375,14.754098360655737,80.4298245614035,28,10.652920962199312,0.0,71.375,10.540184453227932,27.853346175799086,20.559895833333332,48.41324200913242,82.37037037037037,35.39518900343643,0.10526315789473684,1.8070175438596492,0.0,0.09223012941290407,0.5029585798816568,0.41161729927525403,-0.1718213058419244,W
statsbomb,1,43,2,2018,114,19,771,True,55,3.4166666666666665,4.387096774193548,8.896797153024911,73.6103896103896,99,4.285714285714286,40.0,57.5,15.451055662188098,24.029545811724034,21.388888888888886,45.41843470061292,93.16363636363636,23.714285714285715,0.10909090909090909,2.090909090909091,0.0,0.5739153210751164,0.5689404934687954,0.4695789937027304,-0.017142857142857144,W
statsbomb,1,43,2,2018,114,18,779,False,49,1.3762376237623761,1.0217391304347827,22.77777777777778,86.01980198019803,42,1.6822429906542056,40.0,57.5,13.997477931904163,10.432520964360592,43.09027777777778,53.52279874213837,42.93877551020408,35.32710280373832,0.2857142857142857,3.122448979591837,0.0,0.020895825652162085,0.5625,0.42379360583751136,-0.2261682242990654,L
statsbomb,1,43,2,2018,115,1,776,False,68,2.9555555555555557,6.7,11.042944785276074,110.52866242038216,18,8.950086058519794,27.77777777777778,76.25,17.073170731707318,22.6609778597786,26.374999999999996,49.0359778597786,52.529411764705884,29.43201376936317,0.27941176470588236,2.823529411764706,0.014705882352941176,0.8490473457419438,0.5324675324675324,0.43491928946480873,-0.21858864027538727,D
statsbomb,1,43,2,2018,115,29,785,True,69,3.0952380952380953,2.4634146341463414,20.108695652173914,80.43949044585987,25,4.2105263157894735,18.181818181818183,61.0,16.740331491712706,25.490487861811385,24.107142857142858,49.59763071895424,65.0,34.58646616541353,0.34782608695652173,2.9130434782608696,0.014492753623188406,0.7825653041773252,0.5494505494505495,0.3990022228936423,0.1699248120300752,D
statsbomb,1,43,2,2018,116,4,772,True,63,2.392857142857143,2.696969696969697,26.01626016260163,143.34265734265733,14,1.382886776145203,23.076923076923077,64.5,15.818516247700797,31.74600234387107,25.026041666666664,56.77204401053773,38.84126984126984,31.028522039757995,0.38095238095238093,5.555555555555555,0.0,0.7310673859242088,0.6123015873015873,0.4441315210230975,0.22039757994814174,D
statsbomb,1,43,2,2018,116,33,796,False,53,11.985507246376812,10.8,8.664259927797833,115.11382113821138,36,10.122699386503067,16.666666666666664,68.5,7.5829383886255926,29.3073585573932,20.253164556962027,49.56052311435523,99.71698113207547,50.920245398773,0.18867924528301888,1.2641509433962264,0.0,0.862804349633995,0.7018140589569161,0.3843932193737656,-0.4447852760736196,D
statsbomb,1,43,2,2018,117,8,781,True,44,2.1354166666666665,2.5,15.953307392996107,131.6021505376344,66,3.902439024390244,33.33333333333333,60.5,12.469635627530366,25.416472335941688,24.67391304347826,50.09038537941995,63.63636363636363,29.268292682926827,0.36363636363636365,3.340909090909091,0.045454545454545456,0.00540320656686024,0.4461538461538462,0.4276568822783283,-0.06829268292682927,W
statsbomb,1,43,2,2018,117,11,794,False,59,2.1538461538461537,3.2333333333333334,16.33986928104575,84.03191489361703,14,2.797202797202797,27.27272727272727,70.5,14.035087719298245,26.653688524590166,25.375,52.028688524590166,48.779661016949156,31.46853146853147,0.2711864406779661,1.9152542372881356,0.0,0.0,0.5612980769230769,0.4143094959318848,0.1585081585081585,L
statsbomb,1,43,2,2018,118,3,778,False,52,4.014084507042254,5.6,16.766467065868262,92.27368421052631,16,5.470459518599562,0.0,69.875,15.657788539144471,27.501401274687623,21.731770833333336,49.23317210802096,102.36538461538461,34.79212253829322,0.25,2.519230769230769,0.019230769230769232,0.008761773786268764,0.4267241379310345,0.39895106752036946,0.024070021881838075,L
statsbomb,1,43,2,2018,118,22,782,True,46,2.8684210526315788,2.097560975609756,26.42857142857143,100.99009900990099,17,3.3980582524271843,38.46153846153847,71.25,12.200684150513112,23.151400447178233,28.68279569892473,51.83419614610296,50.130434782608695,33.00970873786408,0.5652173913043478,4.0,0.0,0.0,0.46285140562248994,0.4078582851419337,0.07119741100323625,W
statsbomb,1,43,2,2018,119,13,768,False,54,3.141025641025641,2.119047619047619,22.36842105263158,146.05714285714285,11,4.628099173553719,20.0,69.75,15.346534653465346,17.207936507936516,29.444444444444443,46.65238095238096,42.111111111111114,26.28099173553719,0.24074074074074073,4.111111111111111,0.0,0.7790135696623973,0.5747126436781609,0.45083332194823145,0.09421487603305785,D
statsbomb,1,43,2,2018,119,40,769,True,71,2.8452380952380953,3.3076923076923075,17.894736842105264,88.63265306122449,30,5.755395683453238,0.0,74.875,14.490861618798956,26.110686114511086,22.2953216374269,48.406007751937985,66.71830985915493,34.172661870503596,0.16901408450704225,2.0704225352112675,0.0,0.8249712701965173,0.47867803837953093,0.3870640396210234,-0.039568345323741004,D
statsbomb,1,43,2,2018,120,6,773,False,57,2.0441176470588234,2.027027027027027,28.09917355371901,86.91379310344827,25,2.2764227642276422,33.33333333333333,70.0,10.607798165137615,27.496515372061225,24.267676767676768,51.76419213973799,35.69642857142857,32.35772357723577,0.5087719298245614,2.754385964912281,0.0,0.0,0.543859649122807,0.39465989370513255,0.06016260162601626,L
statsbomb,1,43,2,2018,120,38,790,True,53,3.2916666666666665,3.8095238095238093,13.47517730496454,76.67272727272727,83,7.894736842105263,15.384615384615385,67.75,6.8920676202860855,26.690689569330356,21.14102564102564,47.831715210355995,67.77358490566037,32.89473684210527,0.07547169811320754,1.4339622641509433,0.0,0.15890394624568122,0.44490644490644493,0.4035729285185965,-0.14144736842105263,W
statsbomb,1,43,2,2018,121,19,771,False,55,2.8115942028985508,3.4838709677419355,15.204678362573098,56.15833333333333,47,4.409171075837742,21.428571428571427,60.50000000000003,11.27633209417596,31.597776058405742,21.155913978494624,52.753690036900366,65.72727272727273,38.62433862433862,0.23636363636363636,2.690909090909091,0.0,0.060401687794513555,0.5576923076923077,0.38264365803763245,-0.11992945326278659,W
statsbomb,1,43,2,2018,121,24,783,True,75,3.9871794871794872,4.470588235294118,16.483516483516482,60.31506849315068,26,5.681818181818182,12.5,75.25000000000001,10.74561403508772,26.07319528329019,28.09210526315789,54.16530054644808,50.32432432432432,34.94318181818182,0.25333333333333335,1.36,0.0,0.0,0.5562130177514792,0.4085649442199242,-0.29829545454545453,L
statsbomb,1,43,2,2018,122,8,781,True,50,1.6526315789473685,1.608695652173913,23.809523809523807,105.1978021978022,30,0.37593984962406013,33.33333333333333,67.75000000000001,18.96774193548387,28.889064000960616,28.567708333333336,57.45677233429395,45.520833333333336,21.2406015037594,0.4,3.96,0.06,0.0,0.5653846153846154,0.4835059441307764,0.12781954887218044,L
statsbomb,1,43,2,2018,122,22,782,False,46,3.404494382022472,6.03030303030303,8.484848484848486,80.04938271604938,115,6.233766233766234,5.88235294117647,57.75,12.476370510396976,31.624970990949173,13.575268817204302,45.200239808153476,86.3913043478261,27.27272727272727,0.043478260869565216,3.1956521739130435,0.0,0.033577396841024496,0.40070921985815605,0.4452137857638373,0.06493506493506493,W
statsbomb,1,43,2,2018,123,13,768,False,56,2.1159420289855073,2.125,29.807692307692307,84.97222222222223,12,6.571936056838366,26.666666666666668,67.5,13.180327868852459,25.790865384615383,26.474358974358974,52.26522435897436,36.07142857142857,34.63587921847247,0.3392857142857143,2.9642857142857144,0.03571428571428571,0.0,0.5216962524654832,0.39111895172209155,-0.0674955595026643,W
statsbomb,1,43,2,2018,123,38,790,True,41,2.5925925925925926,3.8444444444444446,15.748031496062993,114.79661016949153,79,5.5,20.0,85.37500000000001,11.186770428015565,25.20657639930035,19.557291666666668,44.76386806596702,70.46341463414635,38.75,0.24390243902439024,2.8292682926829267,0.0,0.09802829028528712,0.5071225071225072,0.37246379561551735,-0.0675,L
statsbomb,1,43,2,2018,124,29,785,False,71,2.652173913043478,2.914285714285714,23.577235772357724,92.10989010989012,15,4.020752269779507,15.0,75.0,15.074411905904944,30.27487658414381,20.496794871794876,50.77167145593869,39.436619718309856,36.70557717250324,0.4225352112676056,3.3380281690140845,0.0,0.7120852467411147,0.5707792207792208,0.383864675056948,0.04409857328145266,D
statsbomb,1,43,2,2018,124,33,796,True,59,3.843137254901961,3.9574468085106385,19.900497512437813,136.09638554216866,26,9.112709832134293,7.142857142857142,72.75,9.56439393939394,26.61392242486514,22.676470588235293,49.290393013100434,42.389830508474574,37.410071942446045,0.23728813559322035,1.9830508474576272,0.0,0.785315788003316,0.5298701298701298,0.3843982944763201,-0.050359712230215826,D
statsbomb,1,43,2,2018,125,19,771,True,43,8.622222222222222,7.571428571428571,12.080536912751679,93.24358974358974,12,4.632152588555858,10.0,57.5,13.486513486513488,34.31921539230385,17.25,51.56921539230385,87.74418604651163,35.694822888283376,0.18604651162790697,2.2790697674418605,0.0,0.017178793113222124,0.4951923076923077,0.3862838937335591,-0.04087193460490463,W
statsbomb,1,43,2,2018,125,22,782,False,38,3.1785714285714284,3.3214285714285716,21.649484536082475,97.48863636363636,7,1.1235955056179776,55.55555555555556,61.25,19.572748267898383,29.587675325332924,24.913793103448278,54.5014684287812,61.078947368421055,27.929373996789725,0.42105263157894735,5.7105263157894735,0.0,0.0,0.6279239766081871,0.4564501540585798,-0.17335473515248795,L
statsbomb,1,43,2,2018,126,13,768,False,61,2.7401574803149606,3.245614035087719,15.644171779141105,99.70833333333333,107,8.379888268156424,21.73913043478261,66.25,12.553802008608322,25.66356421356421,21.341991341991342,47.00555555555555,52.950819672131146,30.726256983240223,0.19672131147540983,2.6721311475409837,0.0,0.1602466048163763,0.46258503401360546,0.41529791460137444,-0.05772811918063315,L
statsbomb,1,43,2,2018,126,29,785,True,61,1.9152542372881356,1.901639344262295,28.24858757062147,118.47619047619048,23,4.420731707317073,33.33333333333333,82.00000000000003,9.845449341728678,31.80327666913033,20.79268292682927,52.5959595959596,49.440677966101696,43.292682926829265,0.4426229508196721,2.2950819672131146,0.0,0.0,0.4832579185520362,0.3459838913912191,0.054878048780487805,W
statsbomb,1,43,2,2018,127,13,768,False,47,1.984732824427481,2.2666666666666666,21.16788321167883,84.26582278481013,109,0.8759124087591241,50.0,57.875,15.444770283479961,25.18078170815397,29.465811965811962,54.64659367396593,48.91304347826087,29.489051094890513,0.425531914893617,4.340425531914893,0.0,0.0,0.5446775446775447,0.433139849081257,-0.08321167883211679,L
statsbomb,1,43,2,2018,127,22,782,True,48,5.1125,6.205882352941177,12.355212355212355,98.56410256410257,73,3.807615230460922,50.0,62.0,11.440107671601615,31.048333333333336,19.791666666666668,50.84,59.770833333333336,31.863727454909817,0.1875,3.0416666666666665,0.0,0.0,0.47716346153846156,0.41601002802280884,-0.03206412825651302,W
statsbomb,1,43,2,2018,128,19,771,True,54,3.8333333333333335,4.724137931034483,17.197452229299362,86.58653846153847,21,10.616438356164384,21.428571428571427,85.0,13.989637305699482,20.371374260771603,24.32389937106919,44.69527363184079,70.16981132075472,40.75342465753425,0.07407407407407407,1.6296296296296295,0.0,0.7135937787839686,0.416289592760181,0.3738817199713177,-0.003424657534246575,W
statsbomb,1,43,2,2018,128,29,785,False,51,1.7272727272727273,1.025,38.144329896907216,110.869918699187,8,1.263537906137184,50.0,81.25,14.439220953660175,22.944334175387947,29.632352941176467,52.576687116564415,43.05882352941177,35.37906137184115,0.49019607843137253,2.843137254901961,0.0,0.0,0.617003367003367,0.399375057531682,-0.16787003610108303,L
statsbomb,2,16,3,2009/2010,129,41,169,True,55,1.7702702702702702,2.0,21.91780821917808,89.10169491525424,27,2.5196850393700787,30.0,67.625,15.258855585831062,34.81018947585213,19.83974358974359,54.64993306559572,29.036363636363635,29.92125984251969,0.2,3.8363636363636364,0.0,0.0,0.6150442477876106,0.42705605799988444,-0.07401574803149606,L
statsbomb,2,16,3,2009/2010,129,42,238,False,64,5.2388059701492535,7.863636363636363,9.523809523809524,85.66990291262135,40,13.087248322147651,19.047619047619047,60.250000000000014,11.868686868686869,29.498831883257374,19.278846153846153,48.77767803710353,46.70967741935484,29.194630872483224,0.078125,1.375,0.015625,0.0,0.4465811965811966,0.42676742721397876,0.24161073825503357,W
statsbomb,2,16,4,2010/2011,130,43,217,True,56,2.734375,3.074074074074074,17.482517482517483,73.35576923076923,26,2.2974607013301087,26.666666666666668,76.25,17.24137931034483,27.41565647777584,25.873015873015873,53.288672350791714,72.80357142857143,25.39298669891173,0.10714285714285714,5.928571428571429,0.0,0.0,0.6556291390728477,0.46652488255322244,-0.02781136638452237,W
statsbomb,2,16,4,2010/2011,130,44,39,False,55,3.8135593220338984,5.5,13.008130081300814,78.59223300970874,39,8.60759493670886,25.0,53.125,13.435527502254283,15.82517006802722,32.099999999999994,47.925170068027214,63.77777777777778,29.11392405063291,0.10909090909090909,2.4,0.0,0.0,0.41156462585034015,0.4347575776569912,-0.017721518987341773,L
statsbomb,2,16,5,2011/2012,131,41,169,True,75,2.121212121212121,1.9777777777777779,20.652173913043477,80.63265306122449,29,3.2577903682719547,21.428571428571427,73.125,10.039177277179236,28.425171273328612,29.730392156862745,58.15556343019136,34.53333333333333,33.711048158640224,0.22666666666666666,2.28,0.05333333333333334,0.0,0.48299319727891155,0.4079770104637549,-0.09490084985835694,D
statsbomb,2,16,5,2011/2012,131,45,33,False,56,5.929577464788732,7.285714285714286,13.756613756613756,108.29545454545455,15,8.586762075134168,0.0,61.5,15.112736136502134,29.255833317970367,16.768707482993197,46.024540800963564,46.57142857142857,24.686940966010734,0.19642857142857142,3.607142857142857,0.0,0.0,0.4622222222222222,0.46888852954654636,0.0017889087656529517,D
statsbomb,2,16,6,2012/2013,132,41,169,False,63,3.3404255319148937,2.081081081081081,35.294117647058826,70.05357142857143,7,5.263157894736842,40.0,68.75,7.855763039278815,22.881376674480123,24.898989898989896,47.78036657347002,50.516129032258064,35.993208828522924,0.19047619047619047,2.4761904761904763,0.09523809523809523,0.0,0.45346320346320346,0.3839909368372755,0.05263157894736842,W
statsbomb,2,16,6,2012/2013,132,46,180,True,73,3.0875,3.2051282051282053,21.11111111111111,56.43624161073826,19,8.51581508515815,16.666666666666664,75.0,13.333333333333334,24.145698676515853,22.152777777777775,46.29847645429363,50.888888888888886,34.306569343065696,0.0547945205479452,1.7534246575342465,0.0684931506849315,0.0,0.46060606060606063,0.4168521387288152,-0.1435523114355231,L
statsbomb,2,16,7,2013/2014,133,48,212,False,85,7.767857142857143,6.9655172413793105,12.994350282485875,72.46808510638297,22,9.745762711864407,13.636363636363635,67.62500000000001,12.889637742207244,28.56484692933778,22.53676470588235,51.10161163522013,49.2,37.28813559322034,0.10588235294117647,1.611764705882353,0.03529411764705882,0.0,0.5655471289274107,0.38317163498602136,-0.09957627118644068,L
statsbomb,2,16,7,2013/2014,133,47,220,True,77,3.9047619047619047,4.84,16.19047619047619,84.29411764705883,9,2.4390243902439024,27.77777777777778,76.75,13.348946135831383,27.963636399826434,26.301169590643276,54.26480599046971,42.79220779220779,36.45699614890886,0.2727272727272727,2.8051948051948052,0.025974025974025976,0.0,0.5647600262984879,0.40440515245169517,0.16174582798459564,W
statsbomb,2,16,8,2014/2015,134,43,217,False,56,2.9491525423728815,2.6363636363636362,22.131147540983605,74.64220183486239,13,2.3333333333333335,35.0,70.5,12.56575102279369,29.999447391688772,24.935897435897434,54.935344827586206,62.160714285714285,35.833333333333336,0.17857142857142858,3.2857142857142856,0.07142857142857142,0.0,0.569737954353339,0.4096948164512352,-0.03,W
statsbomb,2,16,8,2014/2015,134,49,224,True,46,6.293103448275862,7.9,12.5,105.1747572815534,6,5.039787798408488,26.31578947368421,62.5,13.560975609756099,22.979779531138394,26.20689655172414,49.18667608286253,69.6304347826087,29.44297082228117,0.21739130434782608,2.9782608695652173,0.021739130434782608,0.0,0.5508474576271186,0.4463105031265069,-0.029177718832891247,L
statsbomb,2,16,9,2015/2016,135,48,212,False,67,5.147540983606557,5.28,15.503875968992247,85.08227848101266,12,2.9247910863509747,10.0,82.12500000000003,15.29051987767584,33.2285679374389,19.016666666666666,52.24523460410557,51.37313432835821,34.958217270194986,0.19402985074626866,3.2388059701492535,0.0,0.0,0.6088657105606258,0.3877021240407822,0.06824512534818941,D
statsbomb,2,16,9,2015/2016,135,47,220,True,68,5.594202898550725,6.555555555555555,12.865497076023392,93.5251798561151,13,4.6875,9.523809523809524,67.125,14.301369863013699,25.022015655577306,26.13095238095238,51.152968036529685,56.9264705882353,30.15625,0.27941176470588236,3.0441176470588234,0.0,0.0,0.41164241164241167,0.41742493663249824,-0.08125,D
statsbomb,2,16,10,2016/2017,136,47,220,False,54,4.551020408163265,3.7857142857142856,21.978021978021978,78.8433734939759,9,2.5044722719141324,0.0,77.5,13.325107958050586,15.157529547164792,34.552845528455286,49.71037507562008,42.96296296296296,33.98926654740608,0.25925925925925924,2.5925925925925926,0.0,0.0,0.45382882882882886,0.4046798563180508,0.14311270125223613,W
statsbomb,2,16,10,2016/2017,136,49,224,True,48,3.48,2.292682926829268,25.24271844660194,109.69072164948453,9,4.751131221719457,10.0,69.62500000000001,12.624584717607974,25.24369573700126,25.147058823529413,50.390754560530674,55.3125,35.06787330316742,0.3125,2.7708333333333335,0.0,0.0,0.4472934472934473,0.4126977159977616,-0.027149321266968326,L
statsbomb,2,16,11,2017/2018,137,47,220,True,50,4.3,4.470588235294118,15.217391304347828,76.93181818181819,12,2.2288261515601784,62.5,76.425,13.28,25.129593755664313,26.100694444444446,51.23028820010876,68.58,42.050520059435364,0.24,2.64,0.1,0.0,0.5142140468227425,0.3569931863579465,0.041604754829123326,W
statsbomb,2,16,11,2017/2018,137,50,24,False,56,4.050632911392405,5.576923076923077,16.417910447761194,86.09278350515464,13,6.111111111111111,22.22222222222222,73.25,12.032355915065724,23.89976325757576,26.049479166666668,49.94924242424243,50.74074074074074,38.88888888888889,0.21428571428571427,1.5,0.05357142857142857,0.0,0.4015151515151515,0.372710794042442,-0.030555555555555555,L
statsbomb,2,16,12,2018/2019,138,50,24,False,52,1.4244604316546763,1.53125,24.8,103.40151515151516,65,7.975460122699387,11.76470588235294,56.500000000000014,8.323699421965317,28.784319629014394,18.947674418604652,47.73199404761905,57.26923076923077,33.12883435582822,0.07692307692307693,2.0,0.19230769230769232,0.0,0.6125356125356125,0.3885668449720079,-0.006134969325153374,W
statsbomb,2,16,12,2018/2019,138,51,38,True,63,3.9411764705882355,5.333333333333333,21.875,70.95238095238095,6,4.432624113475177,60.60606060606061,66.2125,10.347003154574134,21.21420019157088,22.024305555555557,43.23850574712644,43.42857142857143,29.78723404255319,0.23809523809523808,2.857142857142857,0.15873015873015872,0.0,0.5207100591715976,0.4219130373198694,0.030141843971631204,L
statsbomb,2,16,13,2008/2009,139,43,217,True,50,3.0153846153846153,2.4166666666666665,21.897810218978105,90.94897959183673,15,6.563706563706563,11.76470588235294,79.17500000000001,15.416958654519972,20.999372205022368,32.391666666666666,53.391038871689034,34.59183673469388,30.694980694980696,0.18,3.18,0.0,0.0,0.5303030303030303,0.4184965897541678,0.03861003861003861,W
statsbomb,2,16,13,2008/2009,139,44,39,False,45,7.916666666666667,11.818181818181818,9.574468085106384,94.1,4,6.391752577319587,33.33333333333333,68.3125,14.10756040530008,20.45258256528417,26.452083333333338,46.90466589861751,57.13636363636363,38.55670103092784,0.17777777777777778,3.0,0.06666666666666667,0.0,0.5029585798816568,0.378053109392527,-0.05360824742268041,L
statsbomb,3,55,14,2020,140,52,909,True,66,4.170212765957447,6.771428571428571,14.479638009049776,78.95744680851064,43,8.461538461538462,24.0,64.975,14.821763602251407,14.999372788786197,23.78990610328639,38.78927889207259,131.93846153846152,26.666666666666668,0.07575757575757576,1.878787878787879,0.09090909090909091,0.0,0.5142857142857142,0.44475962460890983,-0.07692307692307693,L
statsbomb,3,55,14,2020,140,53,914,False,73,0.8403361344537815,0.5428571428571428,38.50931677018634,50.7319587628866,36,0.8968609865470852,54.54545454545454,62.85000000000001,11.576227390180877,19.77982771484772,35.9981884057971,55.77801612064482,31.84931506849315,33.18385650224215,0.2054794520547945,2.2739726027397262,0.1506849315068493,0.0,0.5357142857142857,0.39406261505963114,0.028400597907324365,W
statsbomb,3,55,14,2020,141,54,1835,False,50,7.728813559322034,12.666666666666666,7.203389830508475,94.57407407407408,56,10.423452768729643,44.44444444444444,69.8125,13.032886723507916,23.45038940809968,14.79166666666667,38.24205607476635,134.9,34.85342019543974,0.1,2.14,0.02,0.0,0.5614617940199336,0.39721345412950637,0.08143322475570032,W
statsbomb,3,55,14,2020,141,1,776,True,71,0.77,0.5454545454545454,49.152542372881356,67.98347107438016,13,1.1799410029498525,0.0,80.85000000000001,12.015086206896552,20.851449905756112,37.986842105263165,58.83829201101928,42.38028169014085,41.88790560471977,0.3380281690140845,1.8873239436619718,0.0,0.0,0.5958333333333333,0.3580648074021453,0.035398230088495575,L
statsbomb,3,55,14,2020,142,22,782,True,54,4.315789473684211,4.2105263157894735,17.346938775510203,85.94285714285714,13,1.1795543905635648,55.00000000000001,78.56250000000001,16.27689429373246,15.449721604794927,31.368217054263564,46.81793865905849,71.16981132075472,35.64875491480996,0.12962962962962962,3.5555555555555554,0.037037037037037035,0.0,0.575974025974026,0.39834583421562586,0.07863695937090433,W
statsbomb,3,55,14,2020,142,33,796,False,58,3.725,3.0,15.730337078651685,68.75961538461539,33,7.231920199501247,11.11111111111111,68.25,10.551330798479087,8.568931099314305,37.94128787878788,46.51021897810219,79.15517241379311,36.907730673316706,0.13793103448275862,1.7758620689655173,0.0,0.0,0.5622641509433962,0.382776381679647,-0.07481296758104738,L
statsbomb,3,55,14,2020,143,6,773,False,43,2.978723404255319,3.3181818181818183,22.22222222222222,101.46875,3,1.7761989342806392,53.333333333333336,61.97500000000001,13.624678663239074,22.88705423689944,26.355392156862745,49.24244639376219,52.095238095238095,29.129662522202487,0.3488372093023256,3.6744186046511627,0.046511627906976744,0.0,0.48945147679324896,0.4264632698465892,-0.04262877442273535,D
statsbomb,3,55,14,2020,143,12,907,True,37,4.75,3.8214285714285716,17.857142857142858,129.83783783783784,19,6.382978723404255,28.57142857142857,75.1375,9.695603156708005,28.128279272483443,17.626016260162604,45.75429553264605,62.945945945945944,33.130699088145896,0.3783783783783784,2.5405405405405403,0.0,0.0,0.3787878787878788,0.4137067277677865,0.08814589665653495,D
statsbomb,3,55,14,2020,144,13,768,True,63,2.1020408163265305,2.5945945945945947,16.842105263157894,63.36046511627907,39,5.531914893617021,33.33333333333333,66.9,11.884935654806965,14.285734130291559,32.33163265306123,46.617366783352786,82.57377049180327,38.72340425531915,0.047619047619047616,1.9523809523809523,0.12698412698412698,0.0,0.5883575883575883,0.4030866805293002,0.225531914893617,W
statsbomb,3,55,14,2020,144,29,785,False,50,2.0,1.5918367346938775,28.22085889570552,109.08510638297872,27,2.691511387163561,54.54545454545454,60.75,16.080777860882574,15.98709975762214,31.31944444444445,47.30654420206659,53.89795918367347,34.161490683229815,0.22,2.6,0.0,0.0,0.5785714285714286,0.4171472207235778,-0.14492753623188406,L
statsbomb,3,55,14,2020,145,55,911,False,39,9.41304347826087,12.555555555555555,9.090909090909092,174.77272727272728,27,2.6726057906458798,50.0,81.58750000000002,10.5,22.549848484848486,20.118333333333336,42.66818181818182,100.02702702702703,31.403118040089083,0.1282051282051282,3.0,0.02564102564102564,0.0,0.41517857142857145,0.4222568616946002,-0.08463251670378619,L
statsbomb,3,55,14,2020,145,27,941,True,62,1.3666666666666667,1.1948051948051948,41.52046783625731,59.76923076923077,26,0.851063829787234,35.714285714285715,58.78750000000001,10.863239573229874,13.376732865516082,42.04938271604939,55.42611558156547,49.354838709677416,32.62411347517731,0.22580645161290322,2.870967741935484,0.03225806451612903,0.0,0.591919191919192,0.4058437846520315,0.0524822695035461,W
statsbomb,3,55,14,2020,146,57,2358,False,62,3.738095238095238,3.627906976744186,23.417721518987342,72.41904761904762,14,6.552706552706552,10.0,71.4375,9.654471544715447,18.877623373508428,25.37581699346405,44.25344036697248,106.88524590163935,36.75213675213676,0.04838709677419355,1.435483870967742,0.08064516129032258,0.0,0.6467661691542289,0.3911214506060442,0.11965811965811966,L
statsbomb,3,55,14,2020,146,56,915,True,67,1.5333333333333334,1.0,25.766871165644172,85.03333333333333,35,2.1487603305785123,30.76923076923077,70.625,12.115839243498817,16.1532268170426,34.661904761904765,50.815131578947366,54.59701492537314,31.900826446280995,0.23880597014925373,2.4776119402985075,0.07462686567164178,0.0,0.6750809061488673,0.41294581388651663,0.1305785123966942,W
statsbomb,3,55,14,2020,147,59,912,False,77,2.814814814814815,3.2,16.431924882629108,88.62121212121212,43,8.549222797927461,27.27272727272727,89.67500000000003,7.262569832402235,23.2087542087542,27.97895622895623,51.18771043771043,67.84931506849315,52.331606217616574,0.18181818181818182,0.7922077922077922,0.05194805194805195,0.0,0.7189189189189189,0.31458118386575673,-0.17357512953367876,W
statsbomb,3,55,14,2020,147,58,942,True,97,2.045977011494253,2.272727272727273,23.214285714285715,50.22794117647059,24,6.560636182902585,40.0,71.6375,11.822660098522167,11.817626892187526,36.235159817351594,48.05278670953912,45.989583333333336,35.586481113320076,0.17525773195876287,1.4948453608247423,0.05154639175257732,0.0,0.6311688311688312,0.393503393457707,0.017892644135188866,L
statsbomb,3,55,14,2020,148,17,789,True,55,1.106060606060606,0.5348837209302325,42.5414364640884,69.82051282051282,35,0.6779661016949152,55.55555555555556,64.6,13.246268656716417,18.88529766359025,37.98026315789474,56.86556082148499,48.25454545454546,32.20338983050847,0.41818181818181815,2.709090909090909,0.0,0.0,0.5756302521008403,0.40279386485495494,-0.07966101694915254,L
statsbomb,3,55,14,2020,148,60,908,False,55,6.527272727272727,10.0,7.327586206896551,94.18518518518519,51,4.861111111111112,36.36363636363637,74.25,10.262934690415607,20.74241424802111,21.458333333333332,42.20074758135444,91.83636363636364,37.5,0.05454545454545454,2.090909090909091,0.01818181818181818,0.0,0.46638655462184875,0.387210736319507,0.04398148148148148,W
statsbomb,3,55,14,2020,149,4,772,True,62,1.0204081632653061,0.6285714285714286,46.875,67.70754716981132,6,0.10570824524312897,80.0,68.75,12.376987130961394,18.72895287673468,39.3875968992248,58.116549775959484,29.43548387096774,40.69767441860465,0.43548387096774194,2.903225806451613,0.06451612903225806,0.0,0.5852417302798982,0.3648862149965608,0.04756871035940803,D
statsbomb,3,55,14,2020,149,38,790,False,70,16.974358974358974,23.0,8.270676691729323,74.51764705882353,7,20.23121387283237,7.142857142857142,55.40000000000001,8.775981524249422,20.103804874671095,18.706827309236946,38.81063218390804,106.28985507246377,36.41618497109826,0.02857142857142857,0.9,0.0,0.0,0.6728110599078341,0.42451152124594793,-0.3063583815028902,D
statsbomb,3,55,14,2020,150,16,770,False,63,1.8854166666666667,1.263157894736842,35.294117647058826,81.31,15,0.8185538881309686,33.33333333333333,79.1,14.695695200395845,13.241668450087985,39.740310077519375,52.98197852760736,41.19047619047619,35.06139154160982,0.2857142857142857,3.492063492063492,0.14285714285714285,0.0,0.5997425997425997,0.4006894348104546,0.03274215552523874,L
statsbomb,3,55,14,2020,150,19,771,True,56,7.327586206896552,8.36,12.429378531073446,103.41237113402062,24,4.319654427645788,19.047619047619047,69.5,15.712074303405574,23.976731876693762,20.9609375,44.93766937669376,117.5,36.50107991360691,0.07142857142857142,2.642857142857143,0.10714285714285714,0.0,0.2732142857142857,0.39662159427087573,-0.0367170626349892,W
statsbomb,3,55,14,2020,151,15,780,False,60,0.794392523364486,0.5087719298245614,37.32394366197183,68.1980198019802,29,0.5610098176718092,60.0,72.85,13.336663336663337,15.389817305017154,40.713414634146346,56.1032319391635,40.666666666666664,37.86816269284712,0.26666666666666666,2.683333333333333,0.15,0.0,0.5178571428571429,0.38212582120992233,-0.10098176718092566,W
statsbomb,3,55,14,2020,151,61,916,True,60,7.366666666666666,7.884615384615385,12.105263157894736,67.57,41,4.938271604938271,63.63636363636363,82.75000000000001,8.258928571428571,14.207097865551763,22.989071038251364,37.19616890380313,136.03389830508473,39.50617283950617,0.08333333333333333,1.3333333333333333,0.06666666666666667,0.0,0.6666666666666666,0.3789951304426884,0.07407407407407407,L
statsbomb,3,55,14,2020,152,54,1835,True,53,5.338028169014085,6.928571428571429,12.16931216931217,66.36559139784946,26,6.382978723404255,37.5,75.55000000000001,9.805579036348266,23.871156302190787,24.989316239316235,48.86047254150702,94.65384615384616,36.64302600472813,0.32075471698113206,1.9245283018867925,0.05660377358490566,0.0,0.5761124121779859,0.3850768032436166,0.07328605200945626,L
statsbomb,3,55,14,2020,152,33,796,False,81,1.98,2.0555555555555554,29.518072289156628,51.21848739495798,21,2.4390243902439024,38.46153846153847,62.75,10.933940774487471,24.72448979591837,31.65646258503401,56.38095238095238,43.8125,41.300813008130085,0.25925925925925924,1.6049382716049383,0.06172839506172839,0.0,0.5546218487394958,0.36470443940937036,-0.04227642276422764,W
statsbomb,3,55,14,2020,153,6,773,False,52,2.3545454545454545,1.9076923076923078,31.521739130434785,73.59375,26,2.664298401420959,28.57142857142857,74.62500000000001,15.257469802924348,19.972594911548395,27.173076923076923,47.14567183462532,84.70588235294117,34.4582593250444,0.1346153846153846,3.3076923076923075,0.019230769230769232,0.0,0.6542124542124542,0.39783245213780005,-0.015985790408525755,L
statsbomb,3,55,14,2020,153,53,914,True,59,2.6774193548387095,2.6666666666666665,19.1358024691358,79.97647058823529,26,2.166064981949458,66.66666666666666,63.92500000000001,13.83399209486166,13.580692666012155,33.695578231292515,47.27627089730467,55.49152542372882,25.812274368231048,0.11864406779661017,3.4745762711864407,0.2711864406779661,0.0,0.5464788732394367,0.45277271358307647,-0.009025270758122744,W
statsbomb,3,55,14,2020,154,12,907,False,52,5.2075471698113205,4.857142857142857,15.822784810126583,97.05940594059406,32,8.430232558139535,15.384615384615385,68.625,11.158342189160468,30.545527052116846,21.567460317460316,52.11298736957716,49.09615384615385,35.174418604651166,0.23076923076923078,1.8461538461538463,0.057692307692307696,0.0,0.4318181818181818,0.39500106153984216,-0.011627906976744186,W
statsbomb,3,55,14,2020,154,52,909,True,46,1.7741935483870968,1.9772727272727273,20.625,96.2,35,2.3255813953488373,65.0,70.25,9.922680412371134,21.797981056829514,27.791666666666664,49.58964772349618,49.130434782608695,31.663685152057248,0.34782608695652173,3.0652173913043477,0.06521739130434782,0.0,0.5265700483091788,0.4091568818342818,0.012522361359570662,L
statsbomb,3,55,14,2020,155,56,915,False,57,2.397727272727273,1.6888888888888889,26.0,79.82352941176471,17,2.214022140221402,28.57142857142857,62.275000000000006,9.218950064020486,15.689059233449477,34.57142857142857,50.260487804878046,63.70175438596491,36.53136531365313,0.14035087719298245,2.2280701754385963,0.03508771929824561,0.0,0.5848888888888889,0.388603916087928,0.055350553505535055,L
statsbomb,3,55,14,2020,155,27,941,True,56,2.84375,4.225806451612903,11.926605504587156,73.72641509433963,55,6.2,23.809523809523807,70.13750000000002,10.594130279169649,20.457228316824658,25.036585365853657,45.493813682678315,63.18181818181818,33.800000000000004,0.03571428571428571,2.4285714285714284,0.07142857142857142,0.0,0.5538461538461539,0.4149443251404439,0.154,W
statsbomb,3,55,14,2020,156,1,776,True,72,2.5632183908045976,2.5483870967741935,20.168067226890756,56.40217391304348,10,3.275529865125241,0.0,68.82500000000002,14.488087572440438,12.80298538334253,39.68197278911565,52.48495817245818,76.15277777777777,32.177263969171484,0.25,2.013888888888889,0.041666666666666664,0.0,0.6447154471544716,0.4158016553177294,0.0038535645472061657,L
statsbomb,3,55,14,2020,156,22,782,False,39,4.181818181818182,4.615384615384615,17.26618705035971,126.3265306122449,12,4.152823920265781,44.44444444444444,79.7,15.442020665901262,24.634477501765197,20.131481481481487,44.76595898324668,82.66666666666667,36.04651162790697,0.1282051282051282,4.743589743589744,0.10256410256410256,0.0,0.49034749034749037,0.401423098346106,0.019933554817275746,W
statsbomb,3,55,14,2020,157,57,2358,False,53,3.426470588235294,3.8214285714285716,18.3206106870229,106.95876288659794,19,3.1818181818181817,26.31578947368421,70.71249999999999,13.380839271575615,16.13333182326115,30.56837606837607,46.70170789163722,88.46153846153847,37.95454545454545,0.09433962264150944,2.3962264150943398,0.03773584905660377,0.0,0.5387409200968523,0.38571374296703387,-0.09318181818181819,L
statsbomb,3,55,14,2020,157,55,911,True,60,1.9791666666666667,1.6458333333333333,24.404761904761905,76.9080459770115,30,2.88659793814433,33.33333333333333,67.45,16.110304789550074,17.247051298933393,33.44209039548022,50.689141694413614,52.49152542372882,28.659793814432987,0.03333333333333333,2.8,0.1,0.0,0.49399038461538464,0.4361058833661958,0.12371134020618557,W
statsbomb,3,55,14,2020,158,13,768,True,43,2.6527777777777777,2.358974358974359,28.333333333333332,79.11538461538461,21,2.413793103448276,44.44444444444444,74.075,10.19147621988882,21.823027474250427,28.487179487179485,50.31020696142991,64.13953488372093,40.51724137931034,0.20930232558139536,3.441860465116279,0.06976744186046512,0.0,0.5340909090909091,0.3689786256680633,-0.01896551724137931,D
statsbomb,3,55,14,2020,158,58,942,False,55,3.6623376623376624,3.675675675675676,17.75147928994083,83.92307692307692,20,7.5718015665796345,22.22222222222222,67.51249999999999,12.973484848484848,21.52157183505121,27.497175141242938,49.018746976294146,63.90909090909091,36.29242819843342,0.18181818181818182,1.8545454545454545,0.0,0.0,0.4184027777777778,0.3964071161186523,0.02349869451697128,D
statsbomb,3,55,14,2020,159,29,785,True,48,2.4130434782608696,2.7906976744186047,18.666666666666668,121.64948453608247,55,3.655913978494624,50.0,61.974999999999994,9.042145593869732,14.986200028453556,30.054292929292924,45.04049295774648,79.64583333333333,35.6989247311828,0.3125,2.6666666666666665,0.020833333333333332,0.0,0.5357142857142857,0.38090826955647394,0.03655913978494624,D
statsbomb,3,55,14,2020,159,59,912,False,57,2.6956521739130435,2.787878787878788,22.76422764227642,94.37735849056604,8,5.330490405117271,26.666666666666668,73.375,7.44920993227991,21.863129565551702,27.55392156862745,49.417051134179154,49.892857142857146,41.36460554371002,0.2807017543859649,2.0,0.03508771929824561,0.0,0.5703703703703704,0.355317129389614,-0.05543710021321962,D
statsbomb,3,55,14,2020,160,38,790,True,42,2.4941176470588236,2.3255813953488373,28.92561983471074,125.37234042553192,9,3.8793103448275863,15.384615384615385,56.22500000000001,18.053491827637444,23.134895306297196,30.446839080459768,53.58173438675696,71.26829268292683,27.586206896551722,0.2857142857142857,4.119047619047619,0.023809523809523808,0.0,0.6046277665995976,0.45155696815612467,0.08189655172413793,W
statsbomb,3,55,14,2020,160,60,908,False,41,3.923076923076923,3.78125,14.973262032085561,144.09411764705882,40,1.9017432646592711,60.0,71.77499999999999,10.114816839803172,22.291527170559416,21.87169312169313,44.16322029225255,108.21951219512195,31.061806656101425,0.2926829268292683,3.5365853658536586,0.0,0.0,0.6284722222222222,0.4084377408581382,-0.13946117274167988,L
statsbomb,3,55,14,2020,161,4,772,True,66,0.98989898989899,0.9019607843137255,27.7027027027027,64.10344827586206,32,0.5305039787798408,57.14285714285714,77.62499999999999,8.802980903586398,20.4741970991971,36.65185185185185,57.12604895104895,55.84848484848485,43.50132625994695,0.3181818181818182,2.015151515151515,0.015151515151515152,0.0,0.6071428571428571,0.3485595082220305,0.026525198938992044,D
statsbomb,3,55,14,2020,161,17,789,False,66,5.28125,5.076923076923077,17.073170731707318,59.699029126213595,50,12.8099173553719,15.384615384615385,65.88749999999999,10.284810126582279,22.473097611599957,23.65084388185654,46.1239414934565,78.86363636363636,37.60330578512397,0.09090909090909091,1.0151515151515151,0.0,0.0,0.53125,0.44054464897364976,-0.371900826446281,D
statsbomb,3,55,14,2020,162,19,771,False,41,1.064102564102564,0.6666666666666666,33.663366336633665,122.71134020618557,11,0.7342143906020557,87.5,79.26249999999999,13.97738951695786,10.367718303202167,47.481182795698935,57.8489010989011,35.75609756097561,36.41703377386197,0.36585365853658536,3.7804878048780486,0.024390243902439025,0.0,0.5750728862973761,0.3939837359254087,-0.08223201174743025,D
statsbomb,3,55,14,2020,162,61,916,True,56,12.86111111111111,16.615384615384617,5.072463768115942,90.56043956043956,12,5.149051490514905,73.68421052631578,73.18750000000001,8.382642998027613,13.573071326689838,20.955974842767294,34.52904616945713,105.71739130434783,34.146341463414636,0.07142857142857142,1.8928571428571428,0.017857142857142856,0.0,0.6038461538461538,0.3966706578445318,-0.02710027100271003,D
statsbomb,3,55,14,2020,163,16,770,False,47,2.780821917808219,2.838709677419355,17.36111111111111,123.66233766233766,22,0.8389261744966443,46.15384615384615,73.85000000000001,16.512166859791424,20.93642135268204,30.897058823529413,51.83348017621145,63.47826086956522,29.697986577181208,0.2553191489361702,3.234042553191489,0.0425531914893617,0.0,0.6202247191011236,0.4366215211754316,-0.12416107382550336,W
statsbomb,3,55,14,2020,163,15,780,True,32,6.222222222222222,5.416666666666667,14.583333333333334,129.1851851851852,23,3.167420814479638,44.44444444444444,71.17500000000001,11.566858080393766,29.934946834074243,18.532520325203254,48.4674671592775,97.90625,34.841628959276015,0.28125,3.5,0.03125,0.0,0.5175438596491229,0.3964761896983944,-0.11085972850678733,L
statsbomb,3,55,14,2020,164,6,773,True,62,2.9012345679012346,3.8666666666666667,14.367816091954023,61.56043956043956,31,2.5193798449612403,40.0,68.95,9.053213545266066,25.720852204106293,27.905797101449267,53.62664930555556,42.86440677966102,34.689922480620154,0.1935483870967742,1.903225806451613,0.08064516129032258,0.0,0.5213219616204691,0.391004927132411,0.031007751937984496,W
statsbomb,3,55,14,2020,164,52,909,False,64,2.96875,3.1818181818181817,20.5,79.26373626373626,35,3.7254901960784315,37.5,69.75,14.103425117528543,27.784794871794862,22.1073717948718,49.89216666666666,55.41269841269841,28.431372549019606,0.125,2.375,0.015625,0.0,0.4804597701149425,0.4340337784160976,0.041176470588235294,L
statsbomb,3,55,14,2020,165,12,907,False,44,6.0,4.5588235294117645,18.97810218978102,91.56521739130434,29,9.48905109489051,20.833333333333336,68.775,7.7027027027027035,18.13674321503131,23.333333333333336,41.470076548364645,97.22727272727273,34.67153284671533,0.11363636363636363,1.8181818181818181,0.022727272727272728,0.0,0.5975177304964538,0.40042005671234815,-0.11313868613138686,L
statsbomb,3,55,14,2020,165,53,914,True,39,1.6666666666666667,1.6,29.761904761904763,112.03076923076924,12,0.6359300476947536,80.0,71.05000000000001,14.576457645764576,22.136889436849557,30.789855072463766,52.92674450931332,39.51282051282051,34.97615262321145,0.3333333333333333,4.333333333333333,0.1282051282051282,0.0,0.7020289855072464,0.3920904815417239,0.05405405405405406,W
statsbomb,3,55,14,2020,166,55,911,True,69,3.15,4.310344827586207,14.285714285714285,70.73451327433628,31,3.406813627254509,61.904761904761905,78.575,13.87119603680113,15.221318982131447,30.85093896713615,46.072257949267595,99.25757575757575,33.06613226452906,0.21739130434782608,2.0,0.0,0.0,0.5582120582120582,0.4005661855800615,-0.02404809619238477,L
statsbomb,3,55,14,2020,166,56,915,False,63,1.9065420560747663,1.8,27.472527472527474,66.616,19,1.7751479289940828,40.0,71.07500000000002,10.902527075812273,26.08086368140717,25.63405797101449,51.71492165242166,41.23809523809524,36.09467455621302,0.15873015873015872,2.0,0.015873015873015872,0.0,0.5274122807017544,0.3849177964950131,0.005917159763313609,W
statsbomb,3,55,14,2020,167,54,1835,True,53,8.818181818181818,7.176470588235294,18.30065359477124,109.95833333333333,14,4.782608695652174,27.77777777777778,67.6875,12.155963302752294,25.980351631393297,17.370535714285715,43.35088734567901,72.33962264150944,28.47826086956522,0.11320754716981132,2.4150943396226414,0.09433962264150944,0.0,0.5639344262295082,0.4335475181674595,0.13478260869565217,L
statsbomb,3,55,14,2020,167,22,782,False,64,1.5434782608695652,1.2037037037037037,32.16783216783217,80.95744680851064,31,0.8403361344537815,72.72727272727273,62.625,11.035488575595528,29.430732075984857,28.462765957446813,57.89349803343167,41.921875,36.554621848739494,0.28125,2.4375,0.046875,0.0,0.5230414746543779,0.38098972210691795,-0.008403361344537815,W
statsbomb,3,55,14,2020,168,1,776,False,57,2.4150943396226414,2.5652173913043477,19.047619047619047,71.90243902439025,6,2.7675276752767526,16.666666666666664,78.375,12.460267005721551,26.945260814249362,24.48333333333333,51.42859414758269,62.175438596491226,39.11439114391143,0.3157894736842105,2.543859649122807,0.0,0.0,0.5107692307692308,0.37667757082884823,-0.04428044280442804,W
statsbomb,3,55,14,2020,168,33,796,True,60,5.488888888888889,6.421052631578948,12.727272727272727,90.7843137254902,6,8.996539792387544,0.0,75.075,11.953727506426736,19.525953532097773,27.904411764705877,47.43036529680365,81.9,38.75432525951557,0.1,1.3333333333333333,0.0,0.0,0.4263392857142857,0.3905004026275458,0.10034602076124567,L
statsbomb,3,55,14,2020,169,57,2358,True,78,7.7317073170731705,11.4,10.569105691056912,61.6764705882353,12,2.5056947608200453,42.857142857142854,79.13750000000002,10.382513661202186,18.667878065294826,27.324626865671643,45.99250493096647,60.08974358974359,31.662870159453306,0.1794871794871795,1.5769230769230769,0.05128205128205128,0.0,0.5946236559139785,0.42084901938382646,0.025056947608200455,L
statsbomb,3,55,14,2020,169,27,941,False,69,1.3858267716535433,1.411764705882353,32.417582417582416,64.34862385321101,32,1.7770597738287561,45.45454545454545,65.35,14.213197969543149,20.397067585117355,32.156976744186046,52.5540443293034,49.405797101449274,24.55573505654281,0.18840579710144928,2.753623188405797,0.07246376811594203,0.0,0.6660194174757281,0.47028919612445075,0.210016155088853,W
statsbomb,3,55,14,2020,170,29,785,True,55,2.2151898734177213,2.4242424242424243,19.607843137254903,68.3913043478261,31,1.0432190760059614,61.53846153846154,76.07499999999999,10.478128179043743,28.316266866566718,20.579710144927535,48.89597701149425,97.11111111111111,38.59910581222057,0.16363636363636364,2.890909090909091,0.09090909090909091,0.0,0.6234979973297731,0.37560200087005313,0.09090909090909091,W
statsbomb,3,55,14,2020,170,58,942,False,58,2.623931623931624,2.5714285714285716,23.25581395348837,78.59139784946237,38,7.0821529745042495,33.33333333333333,58.64999999999999,11.446409989594173,8.826638095238089,40.11309523809524,48.93973333333333,63.91379310344828,28.328611898016998,0.20689655172413793,2.086206896551724,0.017241379310344827,0.0,0.5671428571428572,0.4315172290407182,0.019830028328611898,L
statsbomb,3,55,14,2020,171,13,768,False,70,2.1758241758241756,1.8979591836734695,28.387096774193548,58.80392156862745,22,3.9711191335740073,28.57142857142857,66.2625,10.471204188481675,18.456024206380263,27.25769230769231,45.71371651407257,81.27142857142857,29.96389891696751,0.14285714285714285,2.3857142857142857,0.04285714285714286,0.0,0.5314009661835749,0.4198294917046427,0.04151624548736462,W
statsbomb,3,55,14,2020,171,59,912,True,64,2.1869158878504673,1.962962962962963,24.752475247524753,77.25,39,2.7906976744186047,14.285714285714285,72.9,11.650485436893204,18.150646143006,30.07923497267759,48.22988111568359,67.5,37.44186046511628,0.15625,1.703125,0.0,0.0,0.541871921182266,0.3866092083608199,-0.15348837209302327,L
statsbomb,3,55,14,2020,172,19,771,False,43,3.559322033898305,3.0869565217391304,17.857142857142858,93.91071428571429,13,0.48622366288492713,71.42857142857143,81.82500000000002,19.56769055745165,16.736084242724868,31.62857142857143,48.3646556712963,86.53488372093024,29.497568881685577,0.11627906976744186,3.7209302325581395,0.16279069767441862,0.0,0.6307142857142857,0.41363870427771765,0.019448946515397084,D
statsbomb,3,55,14,2020,172,15,780,True,38,5.938775510204081,3.5,18.26086956521739,97.7910447761194,9,0.8992805755395683,68.75,61.275,16.348600508905854,14.880696950911513,29.967261904761905,44.84795885567342,54.026315789473685,32.014388489208635,0.18421052631578946,3.5526315789473686,0.10526315789473684,0.0,0.6845360824742268,0.4129237474449474,0.1474820143884892,D
statsbomb,3,55,14,2020,173,16,770,True,64,0.9594594594594594,0.7,40.5940594059406,99.35051546391753,12,0.5108556832694764,83.33333333333334,80.39999999999998,13.272410791993035,16.993578924405263,40.86184210526314,57.855421029668406,35.07936507936508,37.29246487867178,0.328125,3.421875,0.09375,0.0,0.6422764227642277,0.38858180821852084,-0.13409961685823754,D
statsbomb,3,55,14,2020,173,61,916,False,49,23.0,14.588235294117647,12.5,116.04938271604938,9,9.411764705882353,52.38095238095239,81.175,6.136680613668061,15.855569770196638,22.20111111111111,38.05668088130775,149.81632653061226,39.21568627450981,0.061224489795918366,1.4489795918367347,0.061224489795918366,0.0,0.5022321428571429,0.37153755546186906,-0.08235294117647059,D
statsbomb,3,55,14,2020,174,4,772,False,48,1.1529411764705881,0.5,31.147540983606557,111.98924731182795,11,0.2849002849002849,77.77777777777779,77.02499999999999,18.55249745158002,-0.5208660387231774,53.580128205128204,53.05926216640503,53.854166666666664,34.75783475783476,0.25,4.125,0.16666666666666666,0.0,0.5634408602150538,0.4018485494755122,-0.05698005698005698,W
statsbomb,3,55,14,2020,174,60,908,True,39,5.5,5.3125,15.789473684210526,122.84883720930233,31,4.3478260869565215,37.5,69.4,16.683518705763397,17.402520576131685,20.0,37.402520576131685,190.82051282051282,35.05434782608695,0.0,3.2564102564102564,0.07692307692307693,0.0,0.5555555555555556,0.4113367939008352,-0.14945652173913043,L
statsbomb,3,55,14,2020,175,17,789,False,70,2.5,2.8518518518518516,22.54901960784314,64.76223776223776,14,3.231597845601436,22.22222222222222,74.92499999999998,14.061433447098976,25.979634676797705,27.381944444444446,53.36157912124215,55.77142857142857,36.80430879712747,0.45714285714285713,1.9714285714285715,0.02857142857142857,0.0,0.6243980738362761,0.37562606547473054,-0.10412926391382406,L
statsbomb,3,55,14,2020,175,38,790,True,50,3.4125,5.333333333333333,19.28571428571429,77.00847457627118,17,12.949640287769784,6.25,77.1875,5.927051671732523,29.471308310163728,21.519076305220885,50.99038461538461,66.44,43.16546762589928,0.16,1.6,0.0,0.0,0.5347490347490348,0.3505655383907318,-0.0683453237410072,W
statsbomb,3,55,14,2020,176,53,914,True,77,2.5403225806451615,1.9285714285714286,30.04484304932735,84.64462809917356,36,2.840909090909091,33.33333333333333,73.775,10.4997476022211,25.200098987770225,29.176940639269404,54.37703962703963,53.75,30.53977272727273,0.14285714285714285,2.2857142857142856,0.19480519480519481,0.0,0.636085626911315,0.41208904361125887,0.052556818181818184,W
statsbomb,3,55,14,2020,176,56,915,False,90,3.325,3.625,19.140625,73.10687022900764,52,3.0303030303030303,53.125,71.625,11.751538891997763,20.09897363258451,26.35699588477366,46.45596951735817,71.0,32.72727272727273,0.16666666666666666,2.1555555555555554,0.044444444444444446,0.0,0.5532407407407407,0.41588497188429796,0.05303030303030303,L
statsbomb,3,55,14,2020,177,4,772,False,61,1.6454545454545455,2.0,17.616580310880828,81.625,42,1.935483870967742,73.33333333333333,74.725,16.56274356975838,11.544017838568763,38.60326086956521,50.147278708133975,39.18032786885246,30.53763440860215,0.39344262295081966,4.508196721311475,0.09836065573770492,0.0,0.6254699248120301,0.42797842275971254,-0.05913978494623656,W
statsbomb,3,55,14,2020,177,29,785,True,56,4.473684210526316,3.423076923076923,19.183673469387756,95.4095238095238,41,4.771784232365145,25.0,74.25000000000001,13.09880239520958,20.193016346837243,24.04850746268657,44.24152380952381,116.47272727272727,30.49792531120332,0.125,2.857142857142857,0.125,0.0,0.5990384615384615,0.4324878539174618,0.10995850622406639,L
statsbomb,3,55,14,2020,178,15,780,False,77,4.0,4.176470588235294,15.463917525773196,49.13265306122449,7,1.746031746031746,83.33333333333334,69.75,13.440265486725664,17.765616362631285,35.26388888888889,53.02950525152018,56.85526315789474,37.93650793650794,0.2077922077922078,2.155844155844156,0.06493506493506493,0.0,0.5782945736434109,0.38513344770398794,0.09523809523809523,L
statsbomb,3,55,14,2020,178,22,782,True,45,6.653846153846154,7.52,17.92452830188679,93.74712643678161,6,4.033970276008493,36.36363636363637,79.13750000000002,12.835820895522387,20.04598296737123,25.918181818181814,45.964164785553045,83.32558139534883,34.394904458598724,0.08888888888888889,3.0,0.0,0.0,0.5144927536231884,0.4164701481328852,0.20382165605095542,W
statsbomb,3,55,14,2020,179,13,768,True,34,2.0208333333333335,1.9111111111111112,28.57142857142857,125.97727272727273,17,3.571428571428571,22.22222222222222,77.325,12.343864805290227,18.851307109897974,29.039855072463766,47.89116218236174,95.38235294117646,39.075630252100844,0.2647058823529412,3.5588235294117645,0.0,0.0,0.40404040404040403,0.3849333413506766,-0.025210084033613446,W
statsbomb,3,55,14,2020,179,16,770,False,44,5.021739130434782,4.476190476190476,15.0,121.6304347826087,13,2.3297491039426523,45.83333333333333,76.05000000000003,15.131136516476126,21.74087532800264,21.085784313725494,42.826659641728135,85.72727272727273,28.673835125448026,0.20454545454545456,3.8863636363636362,0.13636363636363635,0.0,0.5534709193245778,0.4371403268915556,-0.12365591397849462,L
statsbomb,3,55,14,2020,180,1,776,False,55,4.681818181818182,4.190476190476191,17.582417582417584,71.91304347826087,3,4.086021505376344,18.181818181818183,73.51250000000002,9.687261632341723,26.36952326592738,25.818452380952383,52.187975646879764,58.63636363636363,37.204301075268816,0.41818181818181815,2.1454545454545455,0.05454545454545454,0.0,0.5584699453551912,0.37733717310978343,-0.13763440860215054,W
statsbomb,3,55,14,2020,180,12,907,True,45,3.138888888888889,4.758620689655173,18.88111888111888,85.21176470588236,21,3.8095238095238098,41.17647058823529,70.7,15.20417028670721,31.1314593484723,20.11529680365297,51.24675615212527,83.22727272727273,37.61904761904762,0.3111111111111111,2.4,0.0,0.0,0.4945054945054945,0.38845339575062665,-0.10952380952380952,L
statsbomb,3,55,14,2020,181,59,912,False,53,3.9322033898305087,3.25,25.454545454545453,93.1304347826087,4,5.301204819277109,15.384615384615385,81.5625,9.067357512953368,25.656180383469742,25.359903381642514,51.016083765112256,61.698113207547166,48.91566265060241,0.16981132075471697,1.830188679245283,0.07547169811320754,0.0,0.6275132275132275,0.3489677476741442,-0.2385542168674699,W
statsbomb,3,55,14,2020,181,27,941,True,67,3.92,3.84,19.626168224299064,72.64227642276423,9,8.863636363636363,30.76923076923077,64.675,8.103727714748784,17.28780709101061,31.530555555555555,48.818362646566165,43.865671641791046,37.72727272727273,0.1791044776119403,1.8656716417910448,0.014925373134328358,0.0,0.572562358276644,0.39123068731221666,0.1431818181818182,L
statsbomb,3,55,14,2020,182,19,771,True,70,3.2790697674418605,3.0,16.666666666666664,75.17948717948718,42,1.7699115044247788,30.76923076923077,75.175,15.917129863567459,21.079378042008294,32.21739130434783,53.29676934635612,42.42857142857143,30.08849557522124,0.3,2.9857142857142858,0.07142857142857142,0.0,0.5083056478405316,0.4257227171640827,0.15781710914454278,D
statsbomb,3,55,14,2020,182,6,773,False,66,3.1794871794871793,2.864406779661017,22.040816326530614,76.58119658119658,57,2.992957746478873,36.36363636363637,75.3375,12.20447284345048,21.36792264752791,29.31578947368421,50.68371212121212,82.86363636363636,42.07746478873239,0.16666666666666666,2.4242424242424243,0.09090909090909091,0.0,0.663623595505618,0.3658020882618156,0.13204225352112675,D
statsbomb,3,55,14,2020,183,38,790,True,69,4.558139534883721,3.462962962962963,34.81481481481482,118.35,7,1.897810218978102,40.0,69.12499999999999,12.852664576802509,12.189432053033485,39.54781420765027,51.737246260683754,62.6231884057971,30.072992700729927,0.14492753623188406,3.0869565217391304,0.028985507246376812,0.0,0.6836283185840708,0.42298106618518017,0.072992700729927,L
statsbomb,3,55,14,2020,183,55,911,False,56,7.645833333333333,7.0,13.422818791946309,105.79816513761467,14,2.272727272727273,33.33333333333333,74.25,13.357238906320035,28.528700102630584,21.820588235294114,50.3492883379247,74.875,39.015151515151516,0.30357142857142855,3.017857142857143,0.07142857142857142,0.0,0.6041666666666666,0.3701800768544584,0.026515151515151516,W
statsbomb,3,55,14,2020,184,22,782,True,49,8.425,7.52,17.894736842105264,124.56521739130434,4,3.112033195020747,42.30769230769231,83.25,9.884559884559884,21.72802099334357,24.740079365079367,46.46810035842294,85.83673469387755,37.551867219917014,0.24489795918367346,2.5510204081632653,0.061224489795918366,0.0,0.5547128927410617,0.3719361155984575,-0.006224066390041493,L
statsbomb,3,55,14,2020,184,53,914,False,43,2.5569620253164556,2.0784313725490198,36.84210526315789,92.07317073170732,6,2.380952380952381,55.55555555555556,64.375,10.841121495327103,31.56266091364775,24.95151515151515,56.5141760651629,53.604651162790695,36.63003663003663,0.18604651162790697,3.255813953488372,0.046511627906976744,0.0,0.5996503496503497,0.3926482161185245,0.11904761904761904,W
statsbomb,3,55,14,2020,185,4,772,False,64,1.4565217391304348,1.1851851851851851,35.43307086614173,83.86290322580645,13,0.4849660523763337,81.25,63.2,16.1964819117159,19.775907882413364,35.36969696969697,55.14560485211033,43.34375,29.09796314258002,0.375,4.765625,0.109375,0.0,0.6329166666666667,0.43090810784894207,0.0475266731328807,D
statsbomb,3,55,14,2020,185,6,773,True,72,9.393939393939394,8.59375,14.213197969543149,96.75373134328358,26,8.25,44.44444444444444,70.60000000000001,10.88929219600726,17.402589097936673,23.260273972602743,40.662863070539416,95.11111111111111,31.75,0.08333333333333333,1.75,0.0,0.0,0.6314655172413793,0.41729032300023294,-0.08,D
statsbomb,3,55,14,2020,186,1,776,False,66,3.3421052631578947,4.090909090909091,18.0,79.22115384615384,19,6.78391959798995,21.052631578947366,83.27500000000002,10.677808727948005,22.71922892720307,25.88026819923371,48.59949712643678,69.15384615384616,42.211055276381906,0.07575757575757576,1.7272727272727273,0.045454545454545456,0.0,0.502127659574468,0.3691288751501941,-0.16080402010050251,W
statsbomb,3,55,14,2020,186,59,912,True,64,4.295454545454546,3.772727272727273,20.0,75.56410256410257,3,4.133858267716536,27.27272727272727,83.0,10.163468372423596,22.62330531197366,27.70035460992908,50.32365992190274,62.96875,34.645669291338585,0.265625,2.21875,0.078125,0.0,0.5896713615023474,0.3966557933515781,-0.03937007874015748,L
statsbomb,3,55,14,2020,187,13,768,False,44,2.4166666666666665,1.7647058823529411,23.618090452261306,128.92424242424244,37,1.6975308641975309,33.33333333333333,72.68749999999999,19.92600422832981,20.760479610838757,30.45068027210884,51.2111598829476,88.23076923076923,38.73456790123457,0.11363636363636363,3.5454545454545454,0.022727272727272728,0.0,0.6258503401360545,0.3659502475546942,0.007716049382716049,W
statsbomb,3,55,14,2020,187,55,911,True,42,5.365079365079365,4.703703703703703,15.686274509803921,103.26760563380282,17,1.1666666666666667,30.76923076923077,70.57500000000002,18.97767332549941,16.08128042792369,30.093023255813957,46.17430368373765,142.14634146341464,32.5,0.09523809523809523,3.9285714285714284,0.023809523809523808,0.0,0.6203703703703703,0.4119082920293282,0.11,L
statsbomb,3,55,14,2020,188,4,772,False,78,0.9256756756756757,0.9552238805970149,24.65753424657534,77.29007633587786,57,1.0570824524312896,58.333333333333336,69.63749999999999,15.497612926918839,9.464404402661721,40.61284722222222,50.07725162488394,51.23076923076923,31.818181818181817,0.16666666666666666,3.730769230769231,0.08974358974358974,0.0,0.6461267605633803,0.4157530876634281,-0.03276955602536998,D
statsbomb,3,55,14,2020,188,53,914,True,63,5.24468085106383,4.1063829787234045,21.354166666666664,90.26785714285714,21,4.470588235294118,65.38461538461539,77.0,12.27621483375959,16.809855930936536,24.587009803921575,41.39686573485811,91.12698412698413,36.94117647058823,0.0,2.3174603174603177,0.2698412698412698,0.0,0.6122881355932204,0.3979294658136764,-0.007058823529411765,D
statsbomb,3,55,14,2020,189,13,768,True,74,2.7875,3.5714285714285716,16.083916083916083,89.85714285714286,15,3.188775510204082,31.25,77.02499999999999,12.82051282051282,25.916255442987172,29.655228758169933,55.571484201157105,43.35616438356164,36.47959183673469,0.36486486486486486,2.675675675675676,0.04054054054054054,0.0,0.5057720057720058,0.38500242298281084,0.05102040816326531,W
statsbomb,3,55,14,2020,189,1,776,False,59,5.9868421052631575,7.375,14.07035175879397,118.81889763779527,31,3.7701974865350087,27.27272727272727,68.26249999999999,14.942528735632186,26.921741712558045,18.620370370370367,45.54211208292841,111.20689655172414,33.572710951526034,0.0847457627118644,2.9322033898305087,0.0,0.0,0.542910447761194,0.41921114488826394,-0.1561938958707361,L
statsbomb,3,55,14,2020,190,13,768,False,69,5.616279069767442,4.0212765957446805,18.779342723004692,83.13076923076923,35,7.741935483870968,50.0,76.69999999999999,10.242792109256449,20.218185417458503,27.468055555555555,47.68624097301406,85.02898550724638,36.55913978494624,0.11594202898550725,1.6956521739130435,0.014492753623188406,0.0,0.6039800995024875,0.3848098538929876,0.06666666666666667,D
statsbomb,3,55,14,2020,190,53,914,True,59,2.426829268292683,2.717948717948718,21.019108280254777,78.97478991596638,26,1.0169491525423728,73.91304347826086,72.975,15.899252262888627,17.48384302670017,32.59863945578231,50.08248248248248,68.27118644067797,30.621468926553675,0.2542372881355932,5.101694915254237,0.0847457627118644,0.0,0.6370192307692307,0.43834085364037834,0.1977401129943503,D
statsbomb,4,1267,15,2023,191,62,3374,True,57,2.0144927536231885,2.347826086956522,20.388349514563107,65.75,5,1.839464882943144,0.0,71.625,15.832842848734549,15.258377659574471,34.00277777777777,49.261155437352244,42.80701754385965,36.45484949832776,0.17543859649122806,2.7017543859649122,0.017543859649122806,0.0,0.5976470588235294,0.4151749520407566,0.27424749163879597,W
statsbomb,4,1267,15,2023,191,63,4894,False,51,3.9384615384615387,4.25,16.551724137931036,105.59756097560975,18,3.807106598984772,23.076923076923077,83.425,14.285714285714285,13.39160459342024,30.138888888888886,43.530493482309126,75.88,36.29441624365482,0.11764705882352941,2.1176470588235294,0.0196078431372549,0.0,0.5196078431372549,0.3913467241934667,-0.10406091370558376,L
statsbomb,4,1267,15,2023,192,64,4978,False,42,6.113207547169812,15.454545454545455,6.428571428571428,167.03896103896105,11,4.557640750670242,23.52941176470588,69.82500000000002,11.059907834101383,27.633797946739914,17.488262910798124,45.12206085753804,95.90243902439025,31.099195710455763,0.35714285714285715,2.4047619047619047,0.0,0.0,0.5591836734693878,0.41064330855994835,0.03753351206434316,D
statsbomb,4,1267,15,2023,192,39,774,True,70,1.6823529411764706,1.7272727272727273,27.659574468085108,56.766666666666666,30,0.3395585738539898,55.55555555555556,66.57499999999999,12.662721893491124,15.333052741911537,38.54947916666667,53.88253190857821,58.52173913043478,34.29541595925297,0.34285714285714286,2.242857142857143,0.02857142857142857,0.0,0.5933441558441559,0.4006321288525786,0.027164685908319185,D
statsbomb,4,1267,15,2023,193,65,4992,False,51,3.1147540983606556,4.130434782608695,13.286713286713287,81.05607476635514,19,6.575342465753424,35.714285714285715,73.025,12.320328542094455,25.26212362171332,22.413194444444443,47.675318066157764,95.07843137254902,32.602739726027394,0.11764705882352941,2.1372549019607843,0.0,0.0,0.4388111888111888,0.4051523960624188,0.1863013698630137,D
statsbomb,4,1267,15,2023,193,34,775,True,55,1.8636363636363635,1.6590909090909092,26.0,76.125,28,4.736842105263158,40.0,73.66250000000002,10.892018779342722,23.234217171717162,28.53472222222222,51.768939393939384,62.490566037735846,38.68421052631579,0.36363636363636365,1.7636363636363637,0.12727272727272726,0.0,0.4634920634920635,0.37024413473683593,-0.09473684210526316,D
statsbomb,4,1267,15,2023,194,32,4885,True,56,1.5961538461538463,1.7045454545454546,19.45945945945946,73.59183673469387,39,3.3678756476683938,57.14285714285714,68.025,14.025500910746814,24.625578703703702,22.607638888888886,47.23321759259259,94.10714285714286,32.90155440414508,0.19642857142857142,1.8928571428571428,0.03571428571428571,0.0,0.6582010582010582,0.40814860335561276,0.05181347150259067,L
statsbomb,4,1267,15,2023,194,66,4924,False,43,2.0985915492957745,1.8,22.131147540983605,104.77011494252874,12,5.0359712230215825,33.33333333333333,67.275,10.193765796124685,11.909542480076041,35.64007092198582,47.54961340206186,71.23255813953489,34.53237410071942,0.09302325581395349,2.5348837209302326,0.06976744186046512,0.0,0.5873563218390805,0.39057782045905476,-0.05995203836930456,W
statsbomb,4,1267,15,2023,195,67,4934,False,49,8.0,8.380952380952381,14.0625,108.39285714285714,17,8.59106529209622,23.076923076923077,64.85000000000002,15.17412935323383,25.71288482111018,23.734042553191493,49.44692737430167,56.795918367346935,31.615120274914087,0.10204081632653061,2.0816326530612246,0.02040816326530612,0.0,0.5277777777777778,0.4224339867134178,-0.10652920962199312,L
statsbomb,4,1267,15,2023,195,21,787,True,39,2.0,1.8048780487804879,26.356589147286826,119.29545454545455,22,0.8417508417508417,38.095238095238095,71.475,15.214797136038186,27.283189741534766,27.518115942028988,54.801305683563754,53.3421052631579,29.797979797979796,0.4358974358974359,4.0256410256410255,0.05128205128205128,0.0,0.5895582329317269,0.4081460758728326,0.0016835016835016834,W
statsbomb,4,1267,15,2023,196,9,2722,True,49,1.6101694915254237,0.9117647058823529,35.1063829787234,77.49514563106796,16,1.9607843137254901,62.5,72.65,10.055478502080444,12.98131313131313,40.82777777777778,53.80909090909091,52.755102040816325,37.450980392156865,0.5306122448979592,2.0,0.0,0.0,0.42948717948717946,0.368714697362889,0.050980392156862744,D
statsbomb,4,1267,15,2023,196,68,4892,False,42,5.25,6.583333333333333,16.911764705882355,126.79775280898876,11,16.017316017316016,10.526315789473683,73.0625,8.674304418985269,19.994624260976554,22.04454022988506,42.039164490861616,120.28571428571429,37.66233766233766,0.09523809523809523,1.7380952380952381,0.0,0.0,0.6130952380952381,0.3858370538979369,-0.021645021645021644,D
statsbomb,4,1267,15,2023,197,69,4898,True,47,1.5757575757575757,1.5,29.7029702970297,115.22727272727273,6,1.5280135823429541,36.36363636363637,68.89999999999999,11.679711017459361,24.85057971014493,30.32608695652174,55.17666666666667,37.6,39.55857385398981,0.3617021276595745,2.8297872340425534,0.1702127659574468,0.0,0.5431111111111111,0.3830089050006369,0.24787775891341257,D
statsbomb,4,1267,15,2023,197,70,4901,False,52,4.328947368421052,6.703703703703703,11.64021164021164,73.94736842105263,28,7.094594594594595,50.0,67.25000000000001,13.308457711442786,27.50470295246622,16.53688524590164,44.04158819836786,64.34615384615384,28.37837837837838,0.1346153846153846,1.8269230769230769,0.038461538461538464,0.0,0.4673469387755102,0.43910716906547376,-0.19932432432432431,D
statsbomb,4,1267,15,2023,198,71,4930,True,57,2.467391304347826,2.2325581395348837,20.652173913043477,76.6826923076923,20,5.251141552511415,27.27272727272727,68.17500000000001,14.285714285714285,10.383009338669709,35.13030303030303,45.51331236897274,104.64912280701755,29.45205479452055,0.14035087719298245,2.210526315789474,0.07017543859649122,0.0,0.5259259259259259,0.42398580242287087,0.02511415525114155,W
statsbomb,4,1267,15,2023,198,72,4976,False,66,2.1012658227848102,1.6136363636363635,24.375,57.36,31,3.0131826741996233,57.14285714285714,81.375,13.497340425531915,12.979509288638077,34.43699186991869,47.41650115855677,54.6,35.2165725047081,0.12121212121212122,2.1666666666666665,0.0,0.0,0.5464535464535465,0.39405876346015967,0.04519774011299435,L
statsbomb,4,1267,15,2023,199,73,4921,True,60,1.180722891566265,1.0888888888888888,32.142857142857146,72.76767676767676,10,1.312910284463895,33.33333333333333,74.75,13.980137509549273,16.421030189322877,36.33130081300813,52.752331002331005,41.79661016949152,38.074398249452955,0.16666666666666666,1.95,0.0,0.0,0.5362997658079626,0.36696147486684794,-0.12472647702407003,W
statsbomb,4,1267,15,2023,199,74,4932,False,62,3.3043478260869565,4.310344827586207,14.619883040935672,64.47619047619048,27,12.267657992565056,14.285714285714285,85.95000000000002,9.59079283887468,21.756097709329346,23.38993710691824,45.146034816247585,84.14754098360656,40.89219330855018,0.11290322580645161,0.9516129032258065,0.0,0.0,0.6068376068376068,0.3610099692392805,0.01486988847583643,L
statsbomb,4,1267,15,2023,200,75,4980,False,84,1.9416666666666667,2.0961538461538463,19.736842105263158,62.872727272727275,56,9.230769230769232,38.46153846153847,67.38749999999999,6.147091108671789,11.941754487696649,36.3047263681592,48.24648085585585,45.265822784810126,44.61538461538462,0.14285714285714285,0.8809523809523809,0.0,0.0,0.4384920634920635,0.34641895104022935,0.13846153846153847,W
statsbomb,4,1267,15,2023,200,2,777,True,44,2.7735849056603774,3.1153846153846154,18.6046511627907,123.92173913043479,18,3.6734693877551026,56.52173913043478,89.20000000000002,8.823529411764707,23.73843352579343,25.484018264840184,49.22245179063361,55.75,51.02040816326531,0.22727272727272727,1.9318181818181819,0.045454545454545456,0.0,0.6497418244406197,0.30312492906307564,0.053061224489795916,L
statsbomb,4,1267,15,2023,201,76,4953,False,51,6.0227272727272725,8.266666666666667,12.5,89.42857142857143,10,4.468085106382979,63.1578947368421,67.9,11.441647597254006,12.93715483234714,19.604166666666664,32.541321499013804,127.71428571428571,25.744680851063826,0.09803921568627451,2.9215686274509802,0.0,0.0,0.5816649104320337,0.45736810915624593,-0.00851063829787234,L
statsbomb,4,1267,15,2023,201,28,788,True,51,0.6548672566371682,0.4696969696969697,47.24409448818898,78.98765432098766,21,2.1153846153846154,37.5,68.5,11.201629327902241,0.8775410025410011,50.94444444444444,51.821985446985444,47.15686274509804,38.07692307692307,0.2549019607843137,2.156862745098039,0.0,0.0,0.6439024390243903,0.40820572626313323,-0.3057692307692308,W
statsbomb,4,1267,15,2023,202,77,4881,True,58,2.0,1.6666666666666667,24.691358024691358,77.97560975609755,5,1.002004008016032,75.0,72.46249999999999,13.759555246699096,27.476240443711585,28.059523809523814,55.5357642532354,51.706896551724135,37.675350701402806,0.41379310344827586,1.8620689655172413,0.1206896551724138,0.0,0.46085858585858586,0.37079605492643253,0.036072144288577156,D
statsbomb,4,1267,15,2023,202,78,4963,False,28,6.217391304347826,7.6,14.423076923076922,156.0108695652174,9,4.156479217603912,95.23809523809523,73.70000000000002,10.588235294117647,27.18048564943163,12.366352201257861,39.54683785068949,87.0,33.007334963325185,0.17857142857142858,3.6785714285714284,0.0,0.0,0.558974358974359,0.39982215256111087,-0.08557457212713937,D
statsbomb,4,1267,15,2023,203,32,4885,False,49,3.6825396825396823,4.9,10.429447852760736,80.7125,28,4.225352112676056,26.666666666666668,71.4125,12.3015873015873,24.197142212374857,22.756944444444443,46.9540866568193,81.04081632653062,36.33802816901409,0.12244897959183673,1.9183673469387754,0.0,0.0,0.5539358600583091,0.375867477799975,0.10140845070422536,D
statsbomb,4,1267,15,2023,203,39,774,True,48,2.0684931506849313,1.5609756097560976,22.58064516129032,76.32222222222222,32,2.0876826722338206,40.0,62.650000000000006,16.23806024981631,20.76021924934969,29.756410256410255,50.516629505759944,49.020833333333336,32.5678496868476,0.2916666666666667,2.5625,0.041666666666666664,0.0,0.5350678733031674,0.398932177465648,0.09394572025052192,D
statsbomb,4,1267,15,2023,204,63,4894,False,38,2.311688311688312,1.4230769230769231,33.088235294117645,149.24,22,4.909560723514212,42.857142857142854,82.67500000000001,9.807516040329972,21.220535208365533,33.481481481481474,54.70201668984701,67.15789473684211,46.51162790697674,0.39473684210526316,2.3947368421052633,0.07894736842105263,0.0,0.6571428571428571,0.333618880312747,-0.028423772609819122,L
statsbomb,4,1267,15,2023,204,65,4992,True,40,3.5483870967741935,3.71875,16.77018633540373,124.86666666666666,30,4.444444444444445,33.33333333333333,54.88750000000002,10.621062106210621,25.706985146362868,22.255847953216374,47.96283309957924,83.4,29.876543209876544,0.075,2.75,0.05,0.0,0.4797101449275362,0.42417940603375115,0.1382716049382716,W
statsbomb,4,1267,15,2023,205,62,3374,True,46,1.96,1.3611111111111112,35.22727272727273,126.04950495049505,9,2.391304347826087,16.666666666666664,78.26249999999999,15.931941221964424,25.69386673397274,26.461904761904762,52.1557714958775,44.91304347826087,35.65217391304348,0.2608695652173913,2.5869565217391304,0.021739130434782608,0.0,0.615686274509804,0.3888564794480309,-0.06521739130434782,L
statsbomb,4,1267,15,2023,205,34,775,False,43,4.365384615384615,3.6666666666666665,20.388349514563107,130.24,10,11.194029850746269,25.0,75.1875,10.368349249658936,20.477576821326817,24.599702380952383,45.0772792022792,69.0,36.56716417910448,0.16279069767441862,1.697674418604651,0.023255813953488372,0.0,0.5084033613445378,0.3885659401937378,0.08955223880597014,W
statsbomb,4,1267,15,2023,206,66,4924,True,44,3.027027027027027,2.7857142857142856,24.647887323943664,72.61842105263158,13,4.8034934497816595,70.58823529411765,77.39999999999999,12.749615975422426,20.63064251639833,23.823717948717952,44.45436046511628,82.0,34.71615720524017,0.06818181818181818,2.659090909090909,0.022727272727272728,0.0,0.5309941520467836,0.3997575160117468,-0.12445414847161572,W
statsbomb,4,1267,15,2023,206,64,4978,False,62,2.721311475409836,1.7222222222222223,28.28282828282828,63.755102040816325,6,1.2738853503184715,47.05882352941176,67.5625,11.859443631039532,8.824748159097759,40.1358024691358,48.960550628233555,54.54838709677419,33.33333333333333,0.16129032258064516,2.1129032258064515,0.03225806451612903,0.0,0.5252873563218391,0.4069567904950909,-0.02335456475583864,L
statsbomb,4,1267,15,2023,207,9,2722,False,48,1.9080459770114941,1.6296296296296295,31.25,103.09345794392523,29,3.30188679245283,44.44444444444444,62.8625,17.152658662092623,9.877007168458782,38.81944444444444,48.696451612903225,64.8936170212766,29.952830188679247,0.20833333333333334,2.6875,0.0,0.0,0.5040983606557377,0.4222261490892538,0.02122641509433962,L
statsbomb,4,1267,15,2023,207,21,787,True,41,2.2839506172839505,2.2045454545454546,21.764705882352942,98.8989898989899,39,5.82010582010582,28.57142857142857,79.4,9.8,23.435288713910758,23.071666666666665,46.50695538057742,82.65853658536585,35.44973544973545,0.24390243902439024,2.6097560975609757,0.17073170731707318,0.0,0.4160839160839161,0.3918800708530522,0.13756613756613756,W
statsbomb,4,1267,15,2023,208,68,4892,True,49,2.0,1.32,36.97478991596639,105.71028037383178,19,4.098360655737705,35.714285714285715,67.87499999999999,12.445730824891461,16.00824909259981,34.51801801801802,50.52626711061783,42.36734693877551,32.17213114754098,0.3469387755102041,2.9591836734693877,0.04081632653061224,0.0,0.6084507042253521,0.41059629531436703,-0.03278688524590164,W
statsbomb,4,1267,15,2023,208,67,4934,False,41,3.590909090909091,3.2432432432432434,18.857142857142858,121.27102803738318,32,5.897435897435897,37.5,70.025,11.54562383612663,27.251773766789693,18.176900584795323,45.428674351585016,102.05,42.56410256410256,0.14634146341463414,2.1463414634146343,0.0,0.0,0.5252100840336135,0.3525935022282656,0.041025641025641026,L
statsbomb,4,1267,15,2023,209,69,4898,True,44,1.6666666666666667,1.2777777777777777,25.471698113207548,86.54545454545455,23,2.6200873362445414,63.63636363636363,71.37500000000001,13.822393822393822,16.717834671295297,31.393939393939394,48.11177406523469,65.16279069767442,32.096069868995635,0.3409090909090909,3.25,0.06818181818181818,0.0,0.6106639839034205,0.4345608404732374,0.2576419213973799,D
statsbomb,4,1267,15,2023,209,73,4921,False,54,3.4545454545454546,2.933333333333333,19.166666666666668,77.71232876712328,13,9.774436090225564,45.45454545454545,67.575,13.233287858117325,23.51545217957059,19.580459770114945,43.09591194968554,67.37037037037037,31.57894736842105,0.14814814814814814,1.6111111111111112,0.05555555555555555,0.0,0.5873873873873874,0.42033205879278335,-0.07518796992481203,D
statsbomb,4,1267,15,2023,210,70,4901,False,59,2.550724637681159,2.25,17.218543046357617,76.75490196078431,25,9.30232558139535,9.090909090909092,60.5625,12.642487046632125,20.337116357781284,30.19140625,50.528522607781284,62.71186440677966,32.848837209302324,0.13559322033898305,1.576271186440678,0.01694915254237288,0.0,0.5580693815987934,0.3924344055248534,0.03488372093023256,W
statsbomb,4,1267,15,2023,210,74,4932,True,69,2.540983606557377,2.4482758620689653,20.0,69.51923076923077,12,6.746987951807229,0.0,84.725,13.658940397350994,26.19778742762613,22.125,48.32278742762613,56.927536231884055,37.59036144578313,0.17391304347826086,1.6376811594202898,0.014492753623188406,0.0,0.5013736263736264,0.37896725030193157,-0.03614457831325301,L
statsbomb,4,1267,15,2023,211,71,4930,False,41,1.6506024096385543,2.1714285714285713,20.27027027027027,146.38709677419354,29,4.247104247104247,25.0,76.22500000000001,16.07898448519041,20.309552722121026,27.21913580246914,47.528688524590166,79.82926829268293,33.78378378378378,0.14634146341463414,3.8048780487804876,0.024390243902439025,0.0,0.6555555555555556,0.4038332155155898,0.0019305019305019305,D
statsbomb,4,1267,15,2023,211,2,777,True,41,3.0422535211267605,2.6666666666666665,17.80821917808219,112.63265306122449,23,5.294117647058823,30.76923076923077,67.65,7.623318385650224,18.386011904761897,28.26875,46.6547619047619,99.21951219512195,42.35294117647059,0.3170731707317073,2.073170731707317,0.0,0.0,0.5952380952380952,0.3499482845357095,0.041176470588235294,D
statsbomb,4,1267,15,2023,212,77,4881,False,50,2.3333333333333335,1.65,20.930232558139537,89.54022988505747,22,2.9154518950437316,57.14285714285714,57.25,16.457023060796647,20.771102799854557,27.311827956989244,48.0829307568438,53.04081632653061,31.195335276967928,0.2,2.1,0.04,0.0,0.6724137931034483,0.4135836980956493,-0.01749271137026239,D
statsbomb,4,1267,15,2023,212,28,788,True,39,2.262295081967213,2.076923076923077,16.8,114.52272727272727,19,6.490384615384616,35.294117647058826,60.2375,8.88888888888889,17.016072080847447,29.711240310077518,46.727312390924965,50.81578947368421,39.66346153846153,0.20512820512820512,2.5384615384615383,0.10256410256410256,0.0,0.5530864197530864,0.36959435915347216,-0.13221153846153846,D
statsbomb,4,1267,15,2023,213,76,4953,False,37,2.6875,2.6666666666666665,16.793893129770993,119.88372093023256,15,6.0,25.0,71.50000000000001,11.9140625,12.426200951338856,29.850378787878796,42.27657973921765,95.21621621621621,31.09090909090909,0.1891891891891892,3.810810810810811,0.0,0.0,0.630016051364366,0.42393952337327245,0.1690909090909091,D
statsbomb,4,1267,15,2023,213,78,4963,True,32,1.9058823529411764,1.75,28.455284552845526,163.85227272727272,12,1.284796573875803,37.5,63.2,16.210045662100455,10.844215686274502,35.91666666666667,46.760882352941174,44.46875,32.11991434689507,0.3125,3.9375,0.09375,0.0,0.6154589371980677,0.4067895510514926,-0.03854389721627409,D
statsbomb,4,1267,15,2023,214,72,4976,True,70,2.175,2.6944444444444446,19.333333333333332,73.70676691729324,25,8.6848635235732,6.666666666666667,75.6625,8.43806104129264,12.694812470698551,36.18833333333333,48.883145804031884,54.628571428571426,43.67245657568238,0.11428571428571428,1.4857142857142858,0.014285714285714285,0.0,0.6112994350282486,0.3491546962980465,0.12903225806451613,W
statsbomb,4,1267,15,2023,214,75,4980,False,77,2.933333333333333,4.130434782608695,14.583333333333334,52.681481481481484,18,8.638743455497382,30.76923076923077,74.45,10.0,19.36890801729874,29.315972222222218,48.68488023952096,56.54545454545455,39.26701570680628,0.14285714285714285,1.1818181818181819,0.025974025974025976,0.0,0.4908814589665654,0.3650098637972534,-0.02617801047120419,L
statsbomb,4,1267,15,2023,215,62,3374,False,53,1.2162162162162162,0.7692307692307693,25.6198347107438,84.1140350877193,33,2.586206896551724,25.0,76.9,10.518292682926829,7.276442146488016,48.5316091954023,55.80805134189031,75.60377358490567,37.93103448275862,0.39622641509433965,2.2452830188679247,0.018867924528301886,0.0,0.597979797979798,0.3819982583097885,-0.05603448275862069,L
statsbomb,4,1267,15,2023,215,65,4992,True,40,6.256410256410256,10.066666666666666,8.396946564885496,92.32098765432099,13,13.875598086124402,8.695652173913043,68.87500000000001,9.574468085106384,30.734670231729055,14.334848484848488,45.06951871657754,143.05,31.57894736842105,0.05,1.925,0.025,0.0,0.7,0.43675033827029497,0.1291866028708134,W
statsbomb,4,1267,15,2023,216,63,4894,True,44,3.2253521126760565,3.9411764705882355,19.014084507042252,89.39024390243902,19,4.434589800443459,56.25,68.18749999999999,18.13186813186813,22.918942436412312,22.122222222222224,45.041164658634536,73.02325581395348,30.376940133037696,0.045454545454545456,3.227272727272727,0.11363636363636363,0.0,0.6309178743961352,0.42760510227155846,0.04656319290465632,L
statsbomb,4,1267,15,2023,216,34,775,False,49,2.0595238095238093,1.4,22.900763358778626,93.8314606741573,14,3.076923076923077,35.294117647058826,59.55,9.743202416918429,13.622155892441015,38.55172413793104,52.173880030372054,42.0625,30.76923076923077,0.5102040816326531,2.4693877551020407,0.14285714285714285,0.0,0.5851851851851851,0.42033388256306536,0.11428571428571428,W
statsbomb,4,1267,15,2023,217,32,4885,False,58,2.527027027027027,2.0952380952380953,25.0,91.55555555555556,17,8.178438661710038,23.076923076923077,58.04999999999998,11.507936507936508,25.680890804597706,25.454166666666662,51.13505747126437,89.83928571428571,38.28996282527881,0.15517241379310345,1.2586206896551724,0.0,0.0,0.47098214285714285,0.3771099832792131,-0.04460966542750929,D
statsbomb,4,1267,15,2023,217,64,4978,True,57,2.0793650793650795,3.227272727272727,17.796610169491526,139.83838383838383,11,1.937046004842615,62.5,76.375,9.956331877729257,16.978346767820458,30.04504504504504,47.0233918128655,53.10526315789474,35.59322033898305,0.2631578947368421,1.7719298245614035,0.017543859649122806,0.0,0.6175824175824176,0.38445183643309877,-0.024213075060532687,D
statsbomb,4,1267,15,2023,218,66,4924,True,56,5.2,7.611111111111111,12.949640287769784,83.48351648351648,23,5.39906103286385,36.0,62.900000000000006,10.104250200481154,24.412222222222226,20.742424242424242,45.15464646464647,105.35714285714286,32.3943661971831,0.08928571428571429,2.1607142857142856,0.03571428571428571,0.0,0.475,0.4091614145543919,-0.06807511737089202,D
statsbomb,4,1267,15,2023,218,39,774,False,65,2.1058823529411765,1.7272727272727273,28.776978417266186,62.6219512195122,17,1.6563146997929608,80.0,66.26249999999999,12.481857764876633,22.401714601769918,32.31666666666666,54.71838126843658,45.58730158730159,35.61076604554865,0.35384615384615387,1.7230769230769232,0.046153846153846156,0.0,0.5053254437869823,0.3922272141427242,-0.014492753623188406,D
statsbomb,4,1267,15,2023,219,68,4892,True,54,3.107142857142857,2.103448275862069,20.161290322580644,73.91428571428571,10,5.647058823529412,64.28571428571429,71.12500000000003,14.793856103476152,15.105268552685526,28.611111111111118,43.716379663796644,89.71153846153847,32.23529411764706,0.09259259259259259,2.4814814814814814,0.037037037037037035,0.0,0.4884353741496599,0.41729743189159263,-0.15764705882352942,L
statsbomb,4,1267,15,2023,219,21,787,False,52,1.57,1.4666666666666666,26.41509433962264,77.3298969072165,27,2.4271844660194173,66.66666666666666,66.25,16.0,13.068066233585633,34.28174603174603,47.349812265331664,71.21153846153847,33.25242718446602,0.15384615384615385,2.1923076923076925,0.057692307692307696,0.0,0.6306878306878307,0.3967343716453091,0.10679611650485436,W
statsbomb,4,1267,15,2023,220,9,2722,False,60,1.9583333333333333,2.2432432432432434,23.809523809523807,77.24038461538461,34,5.46875,23.52941176470588,63.10000000000001,11.753371868978805,30.644850699426105,24.184895833333332,54.82974653275944,56.21666666666667,39.84375,0.2833333333333333,1.6,0.03333333333333333,0.0,0.5398601398601398,0.35617707148899214,-0.08072916666666667,W
statsbomb,4,1267,15,2023,220,67,4934,True,59,2.776315789473684,3.230769230769231,23.64864864864865,55.422222222222224,15,8.832807570977918,26.31578947368421,59.825000000000045,11.01123595505618,23.241996469713865,25.440277777777776,48.68227424749164,55.813559322033896,30.28391167192429,0.1016949152542373,1.8983050847457628,0.06779661016949153,0.0,0.5448504983388704,0.42467973227165856,0.0914826498422713,L
statsbomb,4,1267,15,2023,221,70,4901,True,55,4.1692307692307695,5.161290322580645,15.950920245398773,84.98924731182795,21,8.148148148148149,35.0,74.45,11.676909569798068,24.347525525525533,17.668918918918912,42.016444444444446,67.4074074074074,34.5679012345679,0.07272727272727272,2.036363636363636,0.01818181818181818,0.0,0.4797101449275362,0.39967189767132794,-0.08395061728395062,W
statsbomb,4,1267,15,2023,221,73,4921,False,59,1.6506024096385543,1.5106382978723405,30.075187969924812,83.94017094017094,18,1.935483870967742,66.66666666666666,81.225,10.961968680089486,12.517100515308385,44.27956989247313,56.79667040778151,53.271186440677965,36.98924731182795,0.288135593220339,1.8644067796610169,0.03389830508474576,0.0,0.5897435897435898,0.37614760360449606,-0.13548387096774195,L
statsbomb,4,1267,15,2023,222,69,4898,False,55,1.161764705882353,1.3666666666666667,25.961538461538463,81.95833333333333,22,2.26537216828479,72.72727272727273,62.175000000000004,17.847025495750707,18.219311668691393,31.821759259259263,50.041070927950656,68.77777777777777,31.87702265372168,0.32727272727272727,3.4727272727272727,0.0,0.0,0.618840579710145,0.42779873503926036,0.11974110032362459,L
statsbomb,4,1267,15,2023,222,74,4932,True,55,3.735294117647059,7.105263157894737,8.673469387755102,89.0,39,11.822660098522167,18.75,70.975,9.844559585492227,27.245949888003327,21.46502057613169,48.710970464135016,84.87037037037037,33.99014778325123,0.14545454545454545,1.1818181818181819,0.01818181818181818,0.0,0.6155555555555555,0.38148826717325346,-0.09359605911330049,W
statsbomb,4,1267,15,2023,223,72,4976,True,64,2.9878048780487805,3.1818181818181817,21.875,64.24761904761905,31,7.4162679425837315,10.526315789473683,65.8875,10.851419031719532,19.380454545454544,31.004545454545454,50.385,58.140625,36.60287081339713,0.140625,1.78125,0.046875,0.0,0.5566502463054187,0.39141146518820247,0.0645933014354067,D
statsbomb,4,1267,15,2023,223,2,777,False,56,2.8,2.75,17.142857142857142,82.91964285714286,51,3.9138943248532287,36.36363636363637,72.85,13.377679231337769,23.197423386406435,26.956060606060603,50.15348399246704,70.5,32.87671232876712,0.35714285714285715,2.232142857142857,0.017857142857142856,0.0,0.6,0.40641749695220564,0.0410958904109589,D
statsbomb,4,1267,15,2023,224,71,4930,False,44,3.7,5.333333333333333,16.27906976744186,93.59770114942529,7,3.5051546391752577,66.66666666666666,81.825,10.217391304347826,26.071644931557525,19.072916666666668,45.14456159822419,69.31818181818181,42.2680412371134,0.20454545454545456,2.0,0.022727272727272728,0.0,0.6112676056338028,0.3512626425490375,-0.04329896907216495,D
statsbomb,4,1267,15,2023,224,75,4980,True,46,2.27027027027027,1.7837837837837838,20.422535211267608,85.48672566371681,25,11.787072243346007,0.0,79.1875,6.017191977077363,20.93820701357466,34.65625,55.59445701357466,112.02222222222223,49.80988593155893,0.2826086956521739,1.0434782608695652,0.021739130434782608,0.0,0.5615079365079365,0.30575398421019384,0.011406844106463879,D
statsbomb,4,1267,15,2023,225,77,4881,False,54,1.8623853211009174,1.7142857142857142,25.24271844660194,86.12931034482759,52,3.4274193548387095,30.0,73.4,15.416666666666668,13.33774702826613,34.938596491228076,48.276343519494205,50.666666666666664,34.274193548387096,0.24074074074074073,2.888888888888889,0.037037037037037035,0.0,0.6393728222996515,0.40414710194881265,-0.008064516129032258,D
statsbomb,4,1267,15,2023,225,76,4953,True,48,4.211538461538462,4.2,14.457831325301203,91.44628099173553,27,5.232558139534884,57.89473684210527,74.625,10.4960460100647,27.990855181023715,16.569444444444446,44.56029962546816,56.369565217391305,37.2093023255814,0.14583333333333334,2.3958333333333335,0.0,0.0,0.5294117647058824,0.37482458411082975,-0.07945736434108527,D
statsbomb,4,1267,15,2023,226,78,4963,True,50,3.8095238095238093,4.703703703703703,15.909090909090908,84.68831168831169,17,3.674540682414698,33.33333333333333,61.75,15.450236966824646,17.413826194948225,27.710992907801415,45.12481910274964,65.56,26.246719160104988,0.06,2.7,0.06,0.0,0.6117216117216118,0.45912315286910277,0.13648293963254593,L
statsbomb,4,1267,15,2023,226,28,788,False,42,1.7763157894736843,1.1875,30.46875,125.28395061728395,21,3.653846153846154,60.0,66.70000000000002,7.062706270627063,15.393813310612508,35.788095238095245,51.18190854870775,33.19047619047619,35.76923076923077,0.3333333333333333,2.4285714285714284,0.047619047619047616,0.0,0.5568627450980392,0.37989235712690217,-0.03653846153846154,W
statsbomb,4,1267,15,2023,227,70,4901,True,51,3.318840579710145,3.3684210526315788,20.23121387283237,85.48695652173913,32,8.87728459530026,25.0,76.48750000000001,7.4439461883408065,25.839024601524606,19.21153846153846,45.050563063063066,127.52941176470588,44.90861618798956,0.17647058823529413,1.4901960784313726,0.058823529411764705,0.0,0.7019047619047619,0.32916637971037044,0.10704960835509138,W
statsbomb,4,1267,15,2023,227,75,4980,False,54,1.5053763440860215,1.725,19.631901840490798,78.01,13,4.651162790697675,33.33333333333333,71.47500000000001,11.786372007366483,23.408503559269576,31.194444444444443,54.60294800371402,41.74074074074074,38.759689922480625,0.3333333333333333,1.7962962962962963,0.0,0.0,0.6029055690072639,0.3692253634626863,0.09560723514211886,L
statsbomb,4,1267,15,2023,228,9,2722,False,53,2.5357142857142856,2.7142857142857144,28.037383177570092,76.21904761904761,9,4.460093896713615,16.666666666666664,77.87500000000001,15.919085312225153,25.112199303313822,23.693877551020407,48.80607685433423,57.18,36.15023474178404,0.18867924528301888,2.207547169811321,0.018867924528301886,0.0,0.5567765567765568,0.3887060965187811,-0.06103286384976526,L
statsbomb,4,1267,15,2023,228,34,775,True,45,2.380952380952381,1.8222222222222222,23.214285714285715,110.42105263157895,25,8.598726114649681,46.15384615384615,70.97500000000002,8.91566265060241,24.270396223906396,25.90942028985507,50.179816513761466,46.43181818181818,37.898089171974526,0.2,1.7333333333333334,0.044444444444444446,0.0,0.5839874411302983,0.3771136617085835,0.23248407643312102,W
statsbomb,4,1267,15,2023,229,68,4892,False,47,2.7222222222222223,2.4347826086956523,15.702479338842975,87.3917525773196,22,5.277044854881266,20.0,81.25,12.465116279069766,21.350903263403264,27.429166666666664,48.78006993006993,82.02127659574468,34.03693931398417,0.2978723404255319,2.148936170212766,0.06382978723404255,0.0,0.48194662480376765,0.39109264807737854,-0.018469656992084433,W
statsbomb,4,1267,15,2023,229,65,4992,True,35,3.2363636363636363,2.8333333333333335,16.8141592920354,106.36458333333333,17,7.788944723618091,16.666666666666664,51.112500000000004,18.26241134751773,16.054413938153704,29.489583333333332,45.54399727148704,74.96875,21.85929648241206,0.11428571428571428,4.314285714285714,0.0,0.0,0.5426997245179064,0.4731543184545569,0.02763819095477387,L
statsbomb,4,1267,15,2023,230,77,4881,False,65,2.7604166666666665,2.7547169811320753,23.157894736842106,82.60902255639098,27,4.856512141280353,45.45454545454545,78.375,9.68503937007874,29.227333424083913,25.687158469945356,54.91449189402927,75.23076923076923,40.83885209713024,0.36923076923076925,1.676923076923077,0.015384615384615385,0.0,0.7384057971014493,0.3579631052113418,-0.006622516556291391,D
statsbomb,4,1267,15,2023,230,39,774,True,56,4.0625,4.514285714285714,21.428571428571427,127.37301587301587,11,4.631217838765009,40.0,74.53750000000001,10.605115408608858,24.975627869295167,24.36904761904762,49.34467548834279,78.875,35.16295025728988,0.25,2.4464285714285716,0.017857142857142856,0.0,0.5564236111111112,0.3925387399240271,0.0137221269296741,D
statsbomb,4,1267,15,2023,231,66,4924,True,77,1.6338028169014085,1.3783783783783783,21.25984251968504,46.13076923076923,27,3.4416826003824093,47.05882352941176,67.4,11.259160559626915,13.517841557569653,35.95555555555555,49.4733971131252,59.324675324675326,37.476099426386234,0.11688311688311688,1.5844155844155845,0.0,0.0,0.4938684503901895,0.3748397114398526,0.028680688336520075,W
statsbomb,4,1267,15,2023,231,74,4932,False,64,2.9473684210526314,3.257142857142857,19.186046511627907,85.47572815533981,27,11.914893617021278,25.0,68.775,9.836065573770492,22.07874260198689,27.64658634538153,49.72532894736842,94.76190476190476,34.8936170212766,0.0625,1.0,0.0,0.0,0.5264367816091954,0.38462598029784656,-0.0851063829787234,L
statsbomb,4,1267,15,2023,232,62,3374,False,76,1.543859649122807,1.509090909090909,24.418604651162788,81.00699300699301,19,4.0310077519379846,37.5,71.0,15.062533985861881,15.915288616375577,36.42307692307692,52.3383655394525,63.973684210526315,35.038759689922486,0.25,2.1842105263157894,0.013157894736842105,0.0,0.6336436170212766,0.39021570087379986,0.14418604651162792,D
statsbomb,4,1267,15,2023,232,21,787,True,71,3.6288659793814433,3.036363636363636,15.087719298245613,94.00840336134453,78,6.105263157894736,50.0,77.50000000000001,11.035525321239607,10.698537228387991,34.462962962962955,45.161500191350946,72.21126760563381,33.89473684210526,0.15492957746478872,2.056338028169014,0.028169014084507043,0.0,0.4963680387409201,0.3960411877988341,0.06315789473684211,D
statsbomb,4,1267,15,2023,233,72,4976,False,36,4.411764705882353,6.368421052631579,11.940298507462686,160.43478260869566,20,4.176904176904177,35.294117647058826,77.775,15.02988898377455,25.143574518896553,18.51572327044025,43.659297789336804,77.41666666666667,29.975429975429975,0.05555555555555555,3.138888888888889,0.1111111111111111,0.0,0.6165158371040724,0.4257775750196108,-0.04914004914004914,W
statsbomb,4,1267,15,2023,233,28,788,True,43,2.0,1.0256410256410255,28.448275862068968,160.64473684210526,22,1.4314928425357873,57.14285714285714,66.75,12.759643916913946,21.29986948339707,29.438596491228072,50.73846597462514,64.27906976744185,34.56032719836401,0.46511627906976744,2.4651162790697674,0.023255813953488372,0.0,0.6292947558770343,0.3923814512135838,-0.11860940695296524,L
statsbomb,4,1267,15,2023,234,73,4921,False,51,3.515625,2.6785714285714284,14.64968152866242,112.03921568627452,26,6.876790830945559,53.84615384615385,82.2875,10.191725529767911,20.170229850446656,25.121951219512194,45.29218106995885,59.549019607843135,43.83954154727794,0.21568627450980393,2.0392156862745097,0.0,0.0,0.6013333333333334,0.3550622396839209,-0.10315186246418338,L
statsbomb,4,1267,15,2023,234,71,4930,True,53,1.2075471698113207,0.9298245614035088,30.23255813953488,99.0,33,5.150214592274678,20.0,78.225,16.666666666666664,15.798458907911964,33.20588235294118,49.004341260853145,42.37735849056604,32.61802575107296,0.07547169811320754,2.811320754716981,0.03773584905660377,0.0,0.5257611241217799,0.41617380348151267,-0.11802575107296137,W
statsbomb,4,1267,15,2023,235,70,4901,False,56,3.152542372881356,2.8,25.217391304347824,113.02352941176471,12,2.054794520547945,43.75,61.68750000000001,12.183544303797468,27.880264605842335,20.03720238095238,47.917466986794715,85.5,34.70319634703196,0.23214285714285715,2.0535714285714284,0.03571428571428571,0.0,0.6308457711442786,0.39312901593143545,-0.02511415525114155,L
statsbomb,4,1267,15,2023,235,34,775,True,50,2.4125,2.1025641025641026,22.302158273381295,94.54347826086956,20,4.825737265415549,50.0,79.26250000000003,10.818438381937911,24.379246031746028,27.15277777777778,51.53202380952381,69.66,31.099195710455763,0.22,1.88,0.02,0.0,0.5355587808417998,0.3948865538495291,-0.032171581769437,W
statsbomb,4,1267,15,2023,236,77,4881,True,44,2.7857142857142856,2.5416666666666665,22.727272727272727,104.27058823529411,8,5.923344947735192,11.11111111111111,81.05000000000005,13.720642768850432,23.045887438123255,26.888364779874212,49.93425221799747,54.47727272727273,40.41811846689895,0.2727272727272727,1.8181818181818181,0.0,0.0,0.7053571428571429,0.3542553098930691,0.08013937282229965,W
statsbomb,4,1267,15,2023,236,68,4892,False,38,2.1147540983606556,2.121212121212121,22.5,141.36458333333334,18,3.0303030303030303,28.57142857142857,66.6,8.461538461538462,12.67592042755344,29.604166666666668,42.28008709422011,74.97368421052632,35.28138528138528,0.21052631578947367,3.0526315789473686,0.02631578947368421,0.0,0.5128205128205128,0.3989892525283325,-0.20346320346320346,L
statsbomb,4,1267,15,2023,237,66,4924,True,83,2.9,2.9215686274509802,23.684210526315788,60.55944055944056,32,5.37037037037037,13.636363636363635,65.43750000000001,8.293998651382333,27.710879839115133,21.50980392156863,49.22068376068376,55.31325301204819,34.81481481481482,0.24096385542168675,1.6626506024096386,0.024096385542168676,0.0,0.5733695652173914,0.38378697286403773,0.040740740740740744,D
statsbomb,4,1267,15,2023,237,72,4976,False,75,2.3434343434343434,2.7083333333333335,23.4375,79.0774647887324,31,8.022388059701493,25.925925925925924,70.75000000000003,10.171730515191546,31.484626114975047,18.973039215686274,50.45766533066132,51.28,35.634328358208954,0.13333333333333333,1.9333333333333333,0.013333333333333334,0.0,0.5549242424242424,0.3936849038138128,-0.14925373134328357,D
statsbomb,4,1267,15,2023,238,62,3374,False,67,4.8108108108108105,5.117647058823529,15.263157894736842,79.80172413793103,35,9.133489461358314,33.33333333333333,79.49999999999999,9.78902953586498,15.048740399385565,28.26190476190476,43.310645161290324,86.86567164179104,41.21779859484778,0.11940298507462686,1.7014925373134329,0.0,0.0,0.529559748427673,0.3617933997243893,-0.11943793911007025,W
statsbomb,4,1267,15,2023,238,71,4930,True,61,1.1705426356589148,0.7974683544303798,32.126696832579185,86.2803738317757,54,2.503681885125184,50.0,79.075,15.811739820200952,27.617816611202308,25.738993710691823,53.35681032189413,55.49180327868852,37.99705449189985,0.2459016393442623,2.2950819672131146,0.0,0.0,0.6695601851851852,0.37068244919573123,-0.10456553755522828,L
statsbomb,4,1267,15,2023,239,72,4976,False,59,4.052631578947368,3.9285714285714284,16.666666666666664,93.20183486238533,20,3.0395136778115504,41.66666666666667,67.25,12.157073695535233,19.89608042143927,25.422514619883042,45.31859504132231,69.23728813559322,31.762917933130698,0.15254237288135594,3.0,0.01694915254237288,0.0,0.4520417853751187,0.42630711960763046,-0.16717325227963525,D
statsbomb,4,1267,15,2023,239,34,775,True,60,2.229357798165138,1.8909090909090909,23.404255319148938,95.11818181818182,30,4.460093896713615,50.0,60.949999999999996,11.535269709543568,29.50064798071128,24.26190476190476,53.76255274261604,53.88333333333333,31.220657276995308,0.2,2.0,0.03333333333333333,0.0,0.5280612244897959,0.40753890018711436,0.02112676056338028,D
statsbomb,4,1267,15,2023,240,62,3374,True,55,1.726027397260274,1.9705882352941178,23.728813559322035,73.17283950617283,17,2.9268292682926833,16.666666666666664,76.60000000000001,14.249146757679181,22.483817829457365,26.829166666666666,49.31298449612403,49.96363636363636,37.5609756097561,0.21818181818181817,1.6545454545454545,0.10909090909090909,0.0,0.5291005291005291,0.3797363449334874,-0.07073170731707316,W
statsbomb,4,1267,15,2023,240,77,4881,False,40,1.8681318681318682,1.9767441860465116,22.093023255813954,94.82,32,6.191950464396285,47.05882352941176,74.85,10.023041474654377,25.500149075730477,21.0,46.50014907573048,49.30769230769231,39.93808049535604,0.2,2.175,0.0,0.0,0.6679012345679012,0.3677126591629366,-0.08359133126934984,L
statsbomb,4,1267,15,2023,241,77,4881,False,59,1.9393939393939394,1.7166666666666666,27.27272727272727,85.48571428571428,42,1.2165450121654502,71.42857142857143,54.47499999999998,15.874363327674024,27.12862009772947,26.601626016260166,53.73024611398964,127.50847457627118,30.170316301703163,0.2033898305084746,2.3220338983050848,0.03389830508474576,0.0,0.5773809523809523,0.43114367834438594,-0.051094890510948905,D
statsbomb,4,1267,15,2023,241,72,4976,True,53,7.419354838709677,6.5,18.9873417721519,91.07142857142857,5,4.961832061068702,74.07407407407408,63.7,12.203166226912929,25.46319693706628,18.385714285714286,43.848911222780565,79.81132075471699,26.33587786259542,0.18867924528301888,3.452830188679245,0.018867924528301886,0.0,0.5465587044534413,0.4503950077885004,0.15267175572519084,D
statsbomb,4,1267,15,2023,242,62,3374,False,49,1.96,1.9230769230769231,24.137931034482758,84.5,10,1.9396551724137931,66.66666666666666,75.6375,13.216195569136746,27.54469657472464,23.85106382978723,51.39576040451187,26.244897959183675,38.362068965517246,0.3469387755102041,2.142857142857143,0.0,0.0,0.6133866133866134,0.3754697911688254,0.1336206896551724,W
statsbomb,4,1267,15,2023,242,34,775,True,50,4.235294117647059,3.8333333333333335,21.818181818181817,85.85263157894737,12,7.720588235294118,18.181818181818183,67.02500000000002,7.346938775510205,26.612331861921696,19.44339622641509,46.055728088336785,89.65306122448979,31.61764705882353,0.18,1.44,0.0,0.0,0.5601503759398496,0.40952495592795357,-0.03676470588235294,L
statsbomb,3,55,16,2024,243,16,770,True,39,0.872093023255814,0.44642857142857145,40.49586776859504,99.17808219178082,23,0.2762430939226519,62.5,64.1875,17.420924574209245,15.857892449080978,40.89583333333333,56.75372578241431,45.15384615384615,23.480662983425415,0.3076923076923077,6.512820512820513,0.20512820512820512,0.0,0.5980582524271845,0.4618554182738759,-0.026243093922651933,W
statsbomb,3,55,16,2024,243,58,942,False,35,8.127272727272727,14.466666666666667,10.071942446043165,119.25316455696202,18,10.909090909090908,26.666666666666668,62.95000000000001,6.442577030812324,12.52862220935469,25.011363636363637,37.53998584571833,172.11764705882354,40.0,0.11428571428571428,2.142857142857143,0.0,0.0,0.6301587301587301,0.38525297645870094,0.07272727272727272,L
statsbomb,3,55,16,2024,244,6,773,False,56,1.9166666666666667,1.8043478260869565,26.08695652173913,75.45098039215686,31,2.4390243902439024,72.72727272727273,80.7,11.046511627906977,18.46586427308582,32.41279069767442,50.87865497076024,53.163636363636364,39.43089430894309,0.10714285714285714,2.107142857142857,0.08928571428571429,0.0,0.6896551724137931,0.35501794884037674,0.09349593495934959,W
statsbomb,3,55,16,2024,244,61,916,True,47,3.4054054054054053,2.85,21.686746987951807,135.95283018867926,25,1.859504132231405,60.0,79.77499999999999,10.517928286852591,22.50304133199464,21.99826388888889,44.50130522088353,50.91489361702128,40.082644628099175,0.2978723404255319,2.4680851063829787,0.02127659574468085,0.0,0.45408163265306123,0.3645373129755948,0.12396694214876033,L
statsbomb,3,55,16,2024,245,4,772,True,42,1.6923076923076923,0.9487179487179487,33.65384615384615,103.42168674698796,36,3.2653061224489797,44.44444444444444,74.75,17.507204610951007,10.480340622371756,35.91091954022988,46.39126016260163,69.16666666666667,32.04081632653061,0.14285714285714285,3.619047619047619,0.07142857142857142,0.0,0.5481481481481482,0.41263497830424345,0.04081632653061224,W
statsbomb,3,55,16,2024,245,29,785,False,47,1.639344262295082,1.2641509433962264,22.07207207207207,100.27160493827161,48,1.6129032258064515,47.82608695652174,66.35,16.762268961121734,3.554918463607258,41.104609929078016,44.659528392685274,83.25531914893617,32.61648745519714,0.2765957446808511,3.702127659574468,0.02127659574468085,0.0,0.5100603621730382,0.420238315798963,-0.2078853046594982,L
statsbomb,3,55,16,2024,246,79,906,False,31,13.046511627906977,10.95,15.178571428571427,203.1159420289855,5,3.201970443349754,23.076923076923077,73.76249999999999,15.813528336380255,18.723333333333336,21.485,40.208333333333336,189.67741935483872,32.01970443349754,0.12903225806451613,3.3870967741935485,0.0,0.0,0.6036866359447005,0.42099924927812415,0.10098522167487685,L
statsbomb,3,55,16,2024,246,53,914,True,37,2.7209302325581395,1.3181818181818181,28.78787878787879,141.55555555555554,2,0.8187134502923977,75.0,64.375,14.887640449438203,5.993219150641018,49.13333333333334,55.12655248397436,64.33333333333333,22.923976608187136,0.2702702702702703,7.1891891891891895,0.02702702702702703,0.0,0.6052344601962922,0.47019003731554343,-0.09824561403508772,W
statsbomb,3,55,16,2024,247,1,776,False,56,2.1538461538461537,1.5945945945945945,33.9622641509434,87.54838709677419,15,1.5714285714285716,40.0,66.17500000000001,19.738903394255875,25.43504747593055,27.21846846846847,52.65351594439902,52.982142857142854,27.857142857142858,0.26785714285714285,3.9107142857142856,0.017857142857142856,0.0,0.5594202898550724,0.43830361267648243,-0.06142857142857143,D
statsbomb,3,55,16,2024,247,80,944,True,40,5.588235294117647,5.392857142857143,15.428571428571427,137.2159090909091,30,4.081632653061225,31.57894736842105,84.1,14.642082429501086,25.01130436685044,20.95897435897436,45.9702787258248,61.925,35.8600583090379,0.3,2.15,0.075,0.0,0.5714285714285714,0.38593147490791235,-0.02040816326530612,D
statsbomb,3,55,16,2024,248,13,768,False,50,5.58,4.32,21.296296296296298,68.28395061728395,12,4.207119741100324,26.31578947368421,55.80000000000002,14.89841986455982,26.205164856108244,21.972222222222225,48.17738707833047,96.86,25.88996763754045,0.16,3.82,0.04,0.0,0.5176470588235295,0.45040491104017566,-0.061488673139158574,W
statsbomb,3,55,16,2024,248,5,786,True,39,3.627906976744186,2.36734693877551,30.405405405405407,111.09302325581395,18,2.3722627737226274,21.428571428571427,70.58749999999999,15.521796565389694,23.934107775808602,25.653153153153152,49.587260928961754,127.94871794871794,31.386861313868614,0.3076923076923077,3.7435897435897436,0.0,0.0,0.6211382113821138,0.41828151691151527,-0.0072992700729927005,L
statsbomb,3,55,16,2024,249,22,782,True,43,1.7415730337078652,1.930232558139535,26.31578947368421,141.41,14,1.6638935108153077,52.38095238095239,80.39999999999999,9.883040935672515,17.524999999999995,27.64166666666667,45.166666666666664,56.604651162790695,33.11148086522462,0.20930232558139536,3.6511627906976742,0.06976744186046512,0.0,0.6288659793814433,0.40692818785397156,0.04991680532445923,L
statsbomb,3,55,16,2024,249,60,908,False,62,2.522222222222222,2.176470588235294,24.725274725274726,94.11650485436893,22,7.268170426065162,21.052631578947366,71.87500000000001,14.376706096451318,17.621849315068495,27.96,45.581849315068496,103.3,32.33082706766917,0.11290322580645161,1.9193548387096775,0.0,0.0,0.4751131221719457,0.40725937531196266,0.14035087719298245,W
statsbomb,3,55,16,2024,250,19,771,False,57,5.365384615384615,4.103448275862069,17.91044776119403,83.44329896907216,17,4.208416833667335,29.411764705882355,69.6,9.9002849002849,23.08431318156871,23.26912568306011,46.35343886462882,64.32142857142857,32.86573146292585,0.2807017543859649,2.3859649122807016,0.017543859649122806,0.0,0.5145089285714286,0.4016606501443404,0.022044088176352707,W
statsbomb,3,55,16,2024,250,56,915,True,46,1.4338235294117647,1.52,31.08108108108108,83.75,53,1.3232514177693762,75.0,68.25,13.179347826086957,17.092027267338466,32.44047619047619,49.532503457814656,56.02173913043478,29.489603024574667,0.34782608695652173,3.4782608695652173,0.021739130434782608,0.0,0.4978494623655914,0.4282342288552434,0.06994328922495274,L
statsbomb,3,55,16,2024,251,15,780,True,64,1.4320987654320987,1.103448275862069,44.354838709677416,70.75833333333334,20,0.9296148738379815,50.0,71.57499999999999,10.886541111621497,22.429055633473588,33.541666666666664,55.97072230014025,38.06349206349206,34.66135458167331,0.28125,2.640625,0.03125,0.0,0.5335714285714286,0.38933721103646546,0.0849933598937583,W
statsbomb,3,55,16,2024,251,59,912,False,57,8.155172413793103,8.433333333333334,17.6056338028169,84.42718446601941,11,10.218978102189782,28.57142857142857,78.95,7.91268758526603,24.015064158141147,20.36415525114155,44.3792194092827,150.859649122807,35.4014598540146,0.14035087719298245,1.4385964912280702,0.017543859649122806,0.0,0.5592592592592592,0.39466471901790345,-0.11678832116788321,L
statsbomb,3,55,16,2024,252,29,785,True,67,1.441860465116279,1.2826086956521738,31.15942028985507,80.79047619047618,12,1.610541727672035,33.33333333333333,50.17500000000002,13.350253807106599,29.846716319484855,29.339743589743584,59.18645990922844,34.67164179104478,21.522693997071745,0.34328358208955223,4.134328358208955,0.029850746268656716,0.0,0.7024,0.49504485454142655,-0.03074670571010249,D
statsbomb,3,55,16,2024,252,79,906,False,57,8.607142857142858,10.56,12.23404255319149,94.56043956043956,42,8.235294117647058,31.25,61.0625,9.738219895287958,25.183295940307133,17.2896174863388,42.47291342664593,88.33333333333333,30.0,0.14035087719298245,1.8245614035087718,0.017543859649122806,0.0,0.6216931216931217,0.46367251074261995,0.27058823529411763,D
statsbomb,3,55,16,2024,253,16,770,True,50,1.05,0.8923076923076924,41.42857142857143,70.12048192771084,27,0.5277044854881267,75.0,69.71250000000002,16.88138605064416,35.473539219360134,21.556910569105693,57.03044978846583,39.0,21.899736147757256,0.3,5.1,0.04,0.0,0.7107981220657277,0.4647214960925009,-0.0870712401055409,W
statsbomb,3,55,16,2024,253,61,916,False,43,10.666666666666666,7.3,18.181818181818183,122.59770114942529,9,5.637982195845697,50.0,79.35000000000001,6.378378378378378,24.467510326552883,14.946428571428571,39.41393889798145,185.97560975609755,40.652818991097924,0.18604651162790697,1.8837209302325582,0.0,0.0,0.5674074074074074,0.3608372462311137,-0.03857566765578635,L
statsbomb,3,55,16,2024,254,6,773,False,41,2.3289473684210527,1.94,30.967741935483872,125.63636363636364,29,2.857142857142857,42.857142857142854,81.50000000000001,9.119746233148295,25.508205309549066,22.306451612903228,47.81465692245229,88.07894736842105,49.01098901098901,0.24390243902439024,2.317073170731707,0.14634146341463414,0.0,0.5693989071038251,0.3221939333514534,-0.04835164835164835,D
statsbomb,3,55,16,2024,254,58,942,True,38,1.7,1.8909090909090909,31.67701863354037,160.68627450980392,22,6.4593301435406705,17.647058823529413,66.51250000000006,9.611992945326278,16.90373292920848,29.846153846153847,46.74988677536233,87.94444444444444,35.406698564593306,0.3157894736842105,2.9210526315789473,0.0,0.0,0.48599439775910364,0.398679358456125,0.11004784688995216,D
statsbomb,3,55,16,2024,255,5,786,False,61,3.979591836734694,3.3666666666666667,25.773195876288657,88.62616822429906,7,1.6835016835016834,22.22222222222222,69.25,11.326291079812206,19.762669238332954,31.06623931623932,50.82890855457227,75.47540983606558,35.35353535353536,0.32786885245901637,2.4262295081967213,0.01639344262295082,0.0,0.6315018315018315,0.39645907667304014,-0.19528619528619529,D
statsbomb,3,55,16,2024,255,80,944,True,56,4.796610169491525,5.5,14.556962025316455,108.0754716981132,17,5.141388174807198,30.0,77.5,14.500442086648983,31.899845916795066,19.039548022598872,50.93939393939394,71.23214285714286,34.96143958868895,0.23214285714285715,2.0892857142857144,0.0,0.0,0.5863808322824716,0.4098107638097075,-0.16966580976863754,D
statsbomb,3,55,16,2024,256,13,768,False,40,5.454545454545454,5.478260869565218,18.867924528301888,110.53535353535354,12,2.4263431542461005,58.82352941176471,70.3625,14.856429463171036,23.836847527472532,21.940476190476186,45.77732371794872,97.025,29.116117850953206,0.15,4.375,0.125,0.0,0.55625,0.43361484583715626,-0.14038128249566725,D
statsbomb,3,55,16,2024,256,1,776,True,43,2.4166666666666665,2.0444444444444443,23.870967741935484,120.09876543209876,20,1.8739352640545146,46.666666666666664,68.45,18.13813813813814,9.342310021192844,41.53333333333334,50.87564335452618,54.72093023255814,26.405451448040886,0.20930232558139536,4.348837209302325,0.023255813953488372,0.0,0.6007936507936508,0.44439321865843984,-0.10221465076660988,D
statsbomb,3,55,16,2024,257,4,772,True,54,1.4956521739130435,0.7222222222222222,41.17647058823529,77.3625,21,2.083333333333333,14.285714285714285,67.35,14.946236559139786,17.61242983159584,36.06666666666666,53.6790964982625,55.98148148148148,28.685897435897434,0.24074074074074073,3.4814814814814814,0.037037037037037035,0.0,0.5716599190283401,0.43366909326856506,0.0625,W
statsbomb,3,55,16,2024,257,53,914,False,46,3.6979166666666665,3.8863636363636362,16.883116883116884,123.39393939393939,46,2.3060796645702304,68.18181818181817,68.4375,15.144596651445966,23.473843793756686,18.04385964912281,41.517703442879494,117.19565217391305,30.18867924528302,0.21739130434782608,3.5434782608695654,0.06521739130434782,0.0,0.6123809523809524,0.4319841872667929,0.07127882599580712,L
statsbomb,3,55,16,2024,258,19,771,False,33,2.491228070175439,2.2962962962962963,23.0,127.82666666666667,16,1.0043041606886656,63.63636363636363,61.14999999999999,15.277777777777779,17.678723138430783,35.04347826086956,52.722201399300346,49.03030303030303,29.268292682926827,0.48484848484848486,6.0,0.06060606060606061,0.0,0.5782608695652174,0.42448481667155913,-0.08321377331420372,D
statsbomb,3,55,16,2024,258,27,941,True,30,10.777777777777779,9.823529411764707,8.333333333333332,138.87719298245614,9,2.5943396226415096,85.71428571428571,58.712500000000006,8.24742268041237,17.18119310884012,24.384751773049643,41.56594488188976,112.36666666666666,29.952830188679247,0.2,4.7,0.03333333333333333,0.0,0.6387755102040816,0.44781645919508883,-0.23349056603773585,D
statsbomb,3,55,16,2024,259,15,780,False,51,2.337078651685393,2.5106382978723403,28.37837837837838,87.43333333333334,33,1.4729950900163666,52.17391304347826,78.00000000000001,7.424328954882924,22.976733682983674,22.602083333333336,45.57881701631701,70.07843137254902,36.824877250409166,0.23529411764705882,2.764705882352941,0.09803921568627451,0.0,0.6510204081632653,0.3804195097203018,-0.15057283142389524,W
statsbomb,3,55,16,2024,259,52,909,True,53,2.5876288659793816,2.1666666666666665,28.87323943661972,75.26966292134831,24,2.564102564102564,58.82352941176471,68.07499999999999,9.559372666168784,18.77725168350168,29.824074074074076,48.60132575757576,86.77358490566037,32.26495726495727,0.1509433962264151,2.339622641509434,0.0,0.0,0.6009950248756218,0.4060845571831474,-0.05555555555555555,L
statsbomb,3,55,16,2024,260,22,782,True,53,2.647887323943662,2.5555555555555554,26.31578947368421,72.41052631578947,10,4.338842975206612,52.94117647058824,55.987500000000004,10.620099786172489,21.397853602018067,31.725694444444443,53.12354804646251,40.22641509433962,32.02479338842975,0.20754716981132076,2.3773584905660377,0.05660377358490566,0.0,0.5845070422535211,0.4017982640575053,-0.17148760330578514,W
statsbomb,3,55,16,2024,260,81,905,False,43,3.878787878787879,3.7837837837837838,18.857142857142858,107.56989247311827,29,4.947916666666666,30.0,75.3,8.270676691729323,30.49826800504973,17.551418439716315,48.049686444766046,90.5,37.5,0.27906976744186046,2.0930232558139537,0.06976744186046512,0.0,0.5116618075801749,0.37571310930576285,0.07291666666666667,L
statsbomb,3,55,16,2024,261,16,770,False,60,1.5869565217391304,1.6875,30.612244897959183,60.473118279569896,21,1.3043478260869565,50.0,74.2375,14.528207688467297,11.150148690149173,39.596774193548384,50.74692288369756,58.12068965517241,27.681159420289852,0.2833333333333333,3.2333333333333334,0.05,0.0,0.6701149425287356,0.43424934004603966,-0.13623188405797101,D
statsbomb,3,55,16,2024,261,6,773,True,45,3.447619047619048,2.8793103448275863,27.083333333333332,117.29591836734694,21,3.551912568306011,30.434782608695656,64.775,9.172482552342972,16.54793939015116,28.913265306122444,45.461204696273604,97.5909090909091,36.885245901639344,0.08888888888888889,2.577777777777778,0.022222222222222223,0.0,0.4370629370629371,0.3801749523259358,-0.03278688524590164,D
statsbomb,3,55,16,2024,262,61,916,False,39,2.3043478260869565,2.0952380952380953,17.272727272727273,163.4909090909091,51,8.148148148148149,28.57142857142857,73.57500000000002,10.786106032906764,16.949824313958388,30.359649122807014,47.3094734367654,81.94871794871794,33.33333333333333,0.28205128205128205,2.58974358974359,0.05128205128205128,0.0,0.6090395480225989,0.39440670200681927,-0.0962962962962963,W
statsbomb,3,55,16,2024,262,58,942,True,51,2.08974358974359,2.1315789473684212,30.630630630630627,93.26315789473684,14,5.565862708719852,72.72727272727273,57.575,20.72923700202566,21.430404527256925,25.039308176100633,46.46971270335756,54.84,20.77922077922078,0.21568627450980393,4.137254901960785,0.058823529411764705,0.0,0.6284552845528455,0.4875010624724305,-0.014842300556586271,L
statsbomb,3,55,16,2024,263,29,785,True,45,2.5128205128205128,2.246153846153846,30.107526881720432,114.86206896551724,34,2.5735294117647056,44.44444444444444,58.5625,11.075129533678757,21.67131076388889,27.18611111111111,48.857421875,90.91111111111111,30.88235294117647,0.2222222222222222,2.9555555555555557,0.044444444444444446,0.0,0.5698630136986301,0.4143209966890621,-0.10110294117647059,D
statsbomb,3,55,16,2024,263,53,914,False,49,3.6056338028169015,3.5405405405405403,24.46043165467626,105.75,14,1.8092105263157896,60.0,84.8,21.122685185185187,21.897396346903324,28.21774193548387,50.11513828238719,95.71428571428571,30.098684210526315,0.3469387755102041,3.8979591836734695,0.02040816326530612,0.0,0.56,0.42637287742877406,-0.13815789473684212,D
statsbomb,3,55,16,2024,264,4,772,False,60,1.3220338983050848,1.2727272727272727,26.011560693641616,67.8,24,1.5873015873015872,33.33333333333333,68.0125,15.320796460176991,13.712727316608145,36.95289855072464,50.665625867332786,50.96491228070175,30.952380952380953,0.2833333333333333,3.1333333333333333,0.03333333333333333,0.0,0.5782945736434109,0.42482348023847716,0.12857142857142856,W
statsbomb,3,55,16,2024,264,79,906,True,55,5.403225806451613,4.4411764705882355,22.857142857142858,89.61627906976744,14,3.935185185185185,27.77777777777778,81.875,12.853678253839934,21.606670900744316,23.183641975308635,44.79031287605295,66.87272727272727,40.27777777777778,0.14545454545454545,1.8727272727272728,0.0,0.0,0.6706864564007421,0.37847645732250956,0.25,L
statsbomb,3,55,16,2024,265,56,915,False,57,2.2666666666666666,2.0625,26.666666666666668,100.1047619047619,28,5.89622641509434,47.61904761904761,67.22500000000001,14.751286449399656,14.415760212714531,33.26190476190476,47.67766497461929,95.6842105263158,31.60377358490566,0.10526315789473684,2.3508771929824563,0.03508771929824561,0.0,0.41304347826086957,0.4219022108644469,-0.08490566037735849,W
statsbomb,3,55,16,2024,265,27,941,True,50,2.176470588235294,2.25,24.822695035460992,100.43119266055047,22,2.4489795918367347,40.0,66.3,14.175058094500386,14.107430875576036,32.964285714285715,47.07171658986175,100.72,27.346938775510203,0.28,3.22,0.02,0.0,0.532967032967033,0.439823290696543,0.09183673469387756,L
statsbomb,3,55,16,2024,266,13,768,True,43,2.1724137931034484,1.9090909090909092,29.213483146067414,130.7865168539326,11,0.5063291139240507,40.0,70.73749999999998,14.028934677772906,10.857144078958612,42.82692307692308,53.68406715588169,45.48837209302326,34.30379746835443,0.32558139534883723,4.255813953488372,0.046511627906976744,0.0,0.5630630630630631,0.391857701349575,0.09367088607594937,D
statsbomb,3,55,16,2024,266,80,944,False,33,8.38888888888889,8.521739130434783,10.582010582010582,138.68235294117648,23,9.491525423728813,23.52941176470588,66.75,11.61928306551298,22.88580454362145,23.33914728682171,46.22495183044316,123.28125,34.23728813559322,0.18181818181818182,2.727272727272727,0.030303030303030304,0.0,0.5726495726495726,0.40846413619470434,-0.22033898305084745,D
statsbomb,3,55,16,2024,267,1,776,True,49,2.075268817204301,1.3333333333333333,35.07462686567165,81.74074074074075,13,2.671118530884808,16.666666666666664,74.425,21.667645331767467,17.189751950289946,31.21951219512195,48.409264145411896,59.42857142857143,26.37729549248748,0.2653061224489796,4.040816326530612,0.04081632653061224,0.0,0.5675,0.4486311769481177,-0.10517529215358931,D
statsbomb,3,55,16,2024,267,5,786,False,41,3.1707317073170733,2.9047619047619047,27.464788732394368,111.86915887850468,17,5.056179775280898,28.57142857142857,67.50000000000001,15.963431786216598,22.216854393992726,20.111111111111107,42.32796550510383,82.4390243902439,29.213483146067414,0.17073170731707318,4.2439024390243905,0.024390243902439025,0.0,0.5789954337899543,0.4357029816861441,-0.06928838951310862,D
statsbomb,3,55,16,2024,268,81,905,False,55,3.3684210526315788,3.36,21.35922330097087,85.72173913043478,6,7.650273224043716,10.526315789473683,78.275,6.791338582677166,21.78217650065723,23.8130081300813,45.59518463073853,116.25925925925925,41.53005464480874,0.07272727272727272,1.6545454545454545,0.01818181818181818,0.0,0.5961038961038961,0.3590880894077506,0.11748633879781421,D
statsbomb,3,55,16,2024,268,60,908,True,46,2.84,3.2083333333333335,26.38888888888889,153.56896551724137,4,2.8282828282828283,52.94117647058824,65.725,15.430711610486892,11.688562713297685,34.241452991452995,45.93001570475068,54.75555555555555,30.909090909090907,0.2826086956521739,2.9782608695652173,0.043478260869565216,0.0,0.6650246305418719,0.4079360899721748,0.10707070707070707,D
statsbomb,3,55,16,2024,269,52,909,False,40,2.3777777777777778,2.2962962962962963,28.40909090909091,96.88235294117646,13,4.788213627992634,31.25,71.9875,13.208762886597938,34.456372299970745,18.03174603174603,52.48811833171678,44.575,29.097605893186003,0.25,3.95,0.0,0.0,0.5181818181818182,0.414778850934314,-0.055248618784530384,W
statsbomb,3,55,16,2024,269,59,912,True,53,3.986666666666667,3.761904761904762,22.377622377622377,70.76595744680851,19,9.398496240601503,25.0,63.8125,8.71934604904632,24.154337842351374,19.80625,43.96058784235137,96.32075471698113,31.57894736842105,0.2641509433962264,1.6603773584905661,0.0,0.0,0.611965811965812,0.4191732823559079,-0.21428571428571427,L
statsbomb,3,55,16,2024,270,17,789,True,45,8.75,9.761904761904763,13.970588235294118,120.11392405063292,12,4.3343653250774,59.09090909090909,71.57500000000002,8.603351955307263,22.43648051460552,24.73989898989899,47.17637950450451,117.64444444444445,39.0092879256966,0.26666666666666666,1.9777777777777779,0.06666666666666667,0.0,0.5283333333333333,0.3827457721403079,0.11455108359133127,L
statsbomb,3,55,16,2024,270,27,941,False,44,1.7435897435897436,1.653061224489796,36.22047244094488,121.19540229885058,25,2.694136291600634,33.33333333333333,64.625,12.385073012439156,29.06237652588017,24.899572649572654,53.96194917545282,45.58139534883721,32.17115689381934,0.3409090909090909,3.977272727272727,0.022727272727272728,0.0,0.4935897435897436,0.4038454217982893,-0.08557844690966719,W
statsbomb,3,55,16,2024,271,81,905,True,52,6.647058823529412,4.53125,21.428571428571427,75.96666666666667,13,11.827956989247312,17.647058823529413,78.11250000000001,8.398950131233596,29.470365729137665,17.142857142857142,46.61322287199481,83.15384615384616,36.91756272401434,0.1346153846153846,1.5961538461538463,0.0,0.0,0.5604395604395604,0.3915204639159908,-0.11827956989247312,W
statsbomb,3,55,16,2024,271,55,911,False,47,2.392156862745098,2.4074074074074074,25.842696629213485,115.74074074074075,13,0.4746835443037975,85.71428571428571,59.97500000000001,14.888888888888888,19.649389119409875,32.04722222222222,51.69661134163209,37.0,22.626582278481013,0.2553191489361702,4.595744680851064,0.10638297872340426,0.0,0.5767441860465117,0.46877084037488226,0.04113924050632911,L
statsbomb,3,55,16,2024,272,82,2138,False,46,10.972972972972974,7.2592592592592595,18.38235294117647,86.92708333333333,20,3.278688524590164,28.57142857142857,72.3,13.333333333333334,28.430167451596027,19.025510204081634,47.45567765567766,90.27272727272727,34.63114754098361,0.3695652173913043,3.0,0.0,0.0,0.573469387755102,0.39117237384841974,0.045081967213114756,L
statsbomb,3,55,16,2024,272,52,909,True,53,3.96,3.5714285714285716,26.96629213483146,80.44329896907216,8,1.1456628477905073,50.0,62.175000000000004,15.419245920090038,30.58873259448708,26.612745098039216,57.201477692526296,65.09433962264151,27.659574468085108,0.2830188679245283,3.490566037735849,0.018867924528301886,0.0,0.6260932944606414,0.4416024309620822,0.14566284779050737,W
statsbomb,3,55,16,2024,273,60,908,True,33,2.683333333333333,2.3823529411764706,32.926829268292686,201.925,3,1.3377926421404682,69.23076923076923,71.1125,14.388489208633093,34.669894227863395,13.480000000000002,48.1498942278634,85.51515151515152,31.77257525083612,0.42424242424242425,4.606060606060606,0.0,0.0,0.6975308641975309,0.4136554647440174,0.028428093645484948,L
statsbomb,3,55,16,2024,273,55,911,False,41,3.8461538461538463,3.3142857142857145,25.210084033613445,139.45205479452054,8,5.054945054945055,65.0,66.42499999999998,9.055425448868073,13.794644518272428,27.02906976744186,40.82371428571429,92.04878048780488,28.57142857142857,0.2682926829268293,3.1463414634146343,0.04878048780487805,0.0,0.643796992481203,0.42478392084079397,0.0,W
statsbomb,3,55,16,2024,274,17,789,True,45,3.506849315068493,4.131578947368421,22.151898734177212,95.46875,20,2.8169014084507045,59.09090909090909,75.7,8.388704318936876,18.1244423532692,28.097222222222225,46.221664575491424,59.15909090909091,42.01877934272301,0.26666666666666666,2.2,0.022222222222222223,0.0,0.5684210526315789,0.3518668551178,0.07276995305164319,L
statsbomb,3,55,16,2024,274,56,915,False,66,1.2950819672131149,1.6296296296296295,24.242424242424242,81.18518518518519,36,4.294478527607362,43.75,57.5625,9.943181818181818,16.671548004315,35.89722222222222,52.56877022653722,52.196969696969695,31.083844580777097,0.21212121212121213,2.287878787878788,0.06060606060606061,0.0,0.4146666666666667,0.42140826483343996,0.081799591002045,W
statsbomb,3,55,16,2024,275,82,2138,True,56,12.758620689655173,27.75,3.1578947368421053,113.72380952380952,11,8.498583569405099,12.5,79.4,9.099901088031652,29.814469226425743,15.994588744588746,45.80905797101449,98.64285714285714,39.376770538243626,0.16071428571428573,1.7857142857142858,0.017857142857142856,0.0,0.5193798449612403,0.3797917415046722,-0.16147308781869688,D
statsbomb,3,55,16,2024,275,59,912,False,51,1.7023809523809523,1.6744186046511629,28.46153846153846,116.07317073170732,15,0.3527336860670194,57.14285714285714,67.74999999999999,9.962871287128714,23.455488220073534,36.47380952380953,59.92929774388306,60.78431372549019,37.91887125220458,0.5882352941176471,2.196078431372549,0.0,0.0,0.6112449799196787,0.3568060718769348,-0.03527336860670194,D
statsbomb,3,55,16,2024,276,19,771,True,40,1.1896551724137931,1.1,29.411764705882355,121.69767441860465,25,0.8445945945945946,54.54545454545454,77.0625,7.254788160185723,23.00298166812737,33.47291666666666,56.47589833479403,69.875,37.16216216216216,0.475,3.05,0.025,0.0,0.6485714285714286,0.37925473846177804,0.14864864864864866,D
statsbomb,3,55,16,2024,276,17,789,False,48,5.806451612903226,6.363636363636363,16.292134831460675,97.0,21,2.7210884353741496,57.89473684210527,72.3125,12.888198757763975,18.178466289540523,22.98497267759563,41.16343896713615,87.97916666666667,30.612244897959183,0.125,2.9166666666666665,0.041666666666666664,0.0,0.5933333333333334,0.4303452806267053,0.11564625850340136,D
statsbomb,3,55,16,2024,277,82,2138,True,35,15.833333333333334,18.529411764705884,12.5,150.65116279069767,19,9.364548494983277,29.166666666666668,75.31250000000001,8.333333333333332,21.68137046485261,17.289115646258505,38.970486111111114,109.71428571428571,33.77926421404682,0.11428571428571428,2.3142857142857145,0.02857142857142857,0.0,0.5238095238095238,0.40841456107592444,-0.19732441471571907,W
statsbomb,3,55,16,2024,277,15,780,False,56,0.872093023255814,0.5686274509803921,38.01652892561984,82.55913978494624,24,0.0,50.0,61.2,8.547407753386269,19.683272101702812,42.020833333333336,61.70410543503615,30.892857142857142,38.670284938941656,0.42857142857142855,2.392857142857143,0.017857142857142856,0.0,0.6394202898550725,0.3741780795074413,0.06512890094979647,L
statsbomb,3,55,16,2024,278,22,782,False,41,4.162162162162162,2.608695652173913,26.984126984126984,113.17894736842105,4,2.666666666666667,44.44444444444444,67.0,9.710391822827939,21.06441693683073,30.39655172413792,51.46096866096865,120.36585365853658,31.166666666666664,0.1951219512195122,3.8292682926829267,0.0,0.0,0.5071225071225072,0.4106039927934071,0.008333333333333333,D
statsbomb,3,55,16,2024,278,55,911,True,40,3.550561797752809,4.578947368421052,17.535545023696685,87.42857142857143,48,3.217821782178218,45.45454545454545,67.325,16.44325290437891,22.289415885363752,22.04255319148936,44.33196907685311,78.35897435897436,25.0,0.15,3.325,0.075,0.0,0.6819047619047619,0.46056987976421293,0.05693069306930693,D
statsbomb,5,223,16,2024,279,23,1833,False,49,2.327272727272727,2.1746031746031744,27.397260273972602,86.9367088607595,38,3.9660056657223794,37.5,72.75,14.679802955665025,17.666087962962962,28.296875,45.96296296296296,83.93877551020408,32.577903682719544,0.12244897959183673,2.4489795918367347,0.0,0.0,0.5865384615384616,0.40957381849446717,-0.0226628895184136,L
statsbomb,5,223,16,2024,279,18,779,True,45,1.5909090909090908,1.3404255319148937,29.927007299270077,96.58536585365853,27,3.2208588957055215,70.0,70.3,9.64769647696477,10.577119965082922,34.94318181818182,45.52030178326474,42.53333333333333,32.515337423312886,0.15555555555555556,4.266666666666667,0.15555555555555556,0.0,0.6185567010309279,0.40644814809409757,-0.18404907975460122,W
statsbomb,5,223,16,2024,280,83,3562,False,55,2.013888888888889,2.3666666666666667,19.672131147540984,85.85470085470085,12,3.225806451612903,20.0,71.47500000000001,10.559796437659033,13.073317307692314,31.43333333333333,44.506650641025644,52.49090909090909,35.30465949820788,0.10909090909090909,2.8181818181818183,0.0,0.0,0.5853658536585366,0.39868648137699647,-0.005376344086021506,D
statsbomb,5,223,16,2024,280,36,784,True,47,2.1630434782608696,1.9285714285714286,18.181818181818183,83.18260869565218,39,10.526315789473683,30.0,78.77500000000002,13.990825688073393,22.334405374499713,27.31439393939394,49.648799313893655,56.75555555555555,35.60371517027864,0.23404255319148937,2.0425531914893615,0.02127659574468085,0.0,0.660377358490566,0.3834111979508117,0.034055727554179564,D
statsbomb,5,223,16,2024,281,84,2305,False,68,5.172413793103448,4.67741935483871,23.931623931623932,72.24,10,6.933333333333333,50.0,75.8,10.666666666666668,18.58028877352369,26.985507246376812,45.5657960199005,71.63235294117646,33.33333333333333,0.23529411764705882,1.5441176470588236,0.029411764705882353,0.0,0.5133928571428571,0.3874843006850287,0.13066666666666665,L
statsbomb,5,223,16,2024,281,11,794,True,78,1.75,1.6382978723404256,30.985915492957744,50.68702290076336,21,3.185840707964602,63.63636363636363,67.88750000000002,14.211550940947436,25.457638207392865,27.166666666666668,52.62430487405953,26.710526315789473,32.743362831858406,0.24358974358974358,1.9871794871794872,0.05128205128205128,0.0,0.5285714285714286,0.40070314448100186,-0.13451327433628318,W
statsbomb,5,223,16,2024,282,85,3563,False,63,1.8636363636363635,2.0294117647058822,27.358490566037734,95.38095238095238,9,3.4545454545454546,50.0,76.46249999999999,14.790139906728847,21.615098118165633,31.06028368794326,52.675381806108895,78.96825396825396,36.54545454545455,0.20634920634920634,2.1587301587301586,0.0,0.0,0.5677655677655677,0.3856004439481303,0.07454545454545454,W
statsbomb,5,223,16,2024,282,20,3565,True,64,6.098039215686274,5.444444444444445,14.960629921259844,58.4040404040404,16,10.40268456375839,14.285714285714285,71.55000000000001,11.055276381909549,25.403052854206194,20.590053763440864,45.99310661764706,65.546875,33.22147651006711,0.140625,1.34375,0.0,0.0,0.5392857142857143,0.39540294107125507,0.020134228187919462,L
statsbomb,5,223,16,2024,283,24,783,True,47,2.935483870967742,2.4358974358974357,25.185185185185183,127.65591397849462,25,2.2222222222222223,23.076923076923077,64.24999999999999,15.76,21.979314420803778,31.166666666666668,53.145981087470446,52.723404255319146,31.333333333333336,0.425531914893617,3.1702127659574466,0.10638297872340426,0.0,0.5357142857142857,0.4178780090014569,0.08,W
statsbomb,5,223,16,2024,283,37,798,False,56,4.535714285714286,3.05,25.581395348837212,69.32038834951456,13,7.9155672823219,61.904761904761905,63.64999999999999,12.064090480678605,22.000117288294625,25.841836734693878,47.8419540229885,57.05357142857143,26.121372031662272,0.21428571428571427,2.517857142857143,0.0,0.0,0.4268707482993197,0.4625159273079609,-0.18469656992084432,L
statsbomb,5,223,16,2024,284,26,1839,True,55,2.403225806451613,1.5757575757575757,22.137404580152673,103.50847457627118,24,3.767123287671233,33.33333333333333,77.52500000000002,10.773130544993663,4.945653276526663,46.21236559139786,51.158018867924525,56.50909090909091,36.13013698630137,0.2909090909090909,2.5090909090909093,0.01818181818181818,0.0,0.561038961038961,0.3813097903442857,0.0,W
statsbomb,5,223,16,2024,284,86,3564,False,54,3.506172839506173,3.1176470588235294,24.043715846994534,85.17821782178218,19,5.626598465473146,38.46153846153847,86.1875,14.523589269195188,19.276574758255798,25.056878306878303,44.3334530651341,91.48148148148148,42.19948849104859,0.12962962962962962,2.4074074074074074,0.0,0.0,0.5839506172839506,0.36623818229835203,0.1278772378516624,L
statsbomb,5,223,16,2024,285,87,3567,False,62,2.1904761904761907,1.9375,24.15730337078652,78.1639344262295,34,6.185567010309279,27.27272727272727,74.6875,12.18836565096953,16.019379844961243,31.25,47.26937984496124,68.2258064516129,38.144329896907216,0.016129032258064516,1.3548387096774193,0.0,0.0,0.6155038759689923,0.3714375441519231,0.06872852233676977,L
statsbomb,5,223,16,2024,285,40,769,True,57,1.7903225806451613,1.8275862068965518,23.47826086956522,66.175,11,4.81283422459893,63.1578947368421,63.18749999999999,16.05104096709201,9.827622608872616,37.054487179487175,46.88210978835979,62.175438596491226,25.846702317290553,0.15789473684210525,3.245614035087719,0.017543859649122806,0.0,0.539906103286385,0.4494763379822525,0.11942959001782531,W
statsbomb,5,223,16,2024,286,8,781,True,56,0.5428571428571428,0.22058823529411764,49.59349593495935,60.018181818181816,18,0.6684491978609626,71.42857142857143,71.12500000000003,12.204176334106728,16.234945937787295,41.34558823529412,57.58053417308142,35.607142857142854,29.144385026737968,0.42857142857142855,3.6607142857142856,0.16071428571428573,0.0,0.5391804457225018,0.41620711973176694,0.009358288770053475,D
statsbomb,5,223,16,2024,286,31,795,False,64,9.68,9.555555555555555,11.979166666666668,85.31764705882352,26,11.450381679389313,23.809523809523807,71.275,11.348464619492656,13.024444167221116,22.971064814814813,35.99550898203593,161.421875,33.969465648854964,0.03125,1.21875,0.015625,0.0,0.5676190476190476,0.39984128221649284,-0.003816793893129771,D
statsbomb,5,223,16,2024,287,83,3562,True,61,2.8640776699029127,2.46,19.736842105263158,95.25,54,6.8354430379746836,40.0,71.4375,13.768755516328332,12.574850340136052,32.95748299319728,45.532333333333334,58.46666666666667,31.89873417721519,0.04918032786885246,1.9836065573770492,0.01639344262295082,0.0,0.5849753694581281,0.4252573751944607,0.030379746835443037,L
statsbomb,5,223,16,2024,287,18,779,False,50,2.151898734177215,2.088235294117647,21.52777777777778,76.62,27,1.5100671140939599,57.14285714285714,68.65000000000002,16.864608076009503,19.429029467907416,29.547348484848488,48.976377952755904,56.36,26.677852348993287,0.16,3.78,0.02,0.0,0.6046511627906976,0.4464851458858822,0.09563758389261745,W
statsbomb,5,223,16,2024,288,23,1833,False,58,2.7941176470588234,2.1,21.875,80.33050847457628,35,4.444444444444445,29.411764705882355,76.125,9.239130434782608,21.242495485126653,27.984693877551017,49.22718936267767,59.51724137931034,36.2962962962963,0.25862068965517243,1.5344827586206897,0.017241379310344827,0.0,0.5474358974358975,0.3834686265222692,0.007407407407407408,W
statsbomb,5,223,16,2024,288,36,784,True,57,2.5125,2.302325581395349,23.270440251572328,91.7560975609756,20,8.374384236453201,38.46153846153847,76.825,9.695817490494296,15.010282236911138,31.851851851851855,46.86213408876299,57.14035087719298,40.39408866995074,0.17543859649122806,1.631578947368421,0.017543859649122806,0.0,0.5461538461538461,0.35368552828636923,-0.029556650246305417,L
statsbomb,5,223,16,2024,289,85,3563,True,55,3.9076923076923076,4.088235294117647,20.56737588652482,94.81739130434782,16,10.30640668523677,25.0,67.45000000000002,11.190233977619531,22.235558074001474,24.33008658008658,46.565644654088054,47.43636363636364,34.81894150417828,0.03636363636363636,2.2181818181818183,0.01818181818181818,0.0,0.48292682926829267,0.419879201634904,0.016713091922005572,W
statsbomb,5,223,16,2024,289,11,794,False,71,2.183098591549296,1.697674418604651,27.131782945736433,66.1774193548387,24,3.018867924528302,58.333333333333336,71.775,11.13346747149564,12.45809903155265,37.696969696969695,50.155068728522345,40.94202898550725,30.0,0.2112676056338028,2.211267605633803,0.028169014084507043,0.0,0.6017543859649123,0.42382950578211376,-0.07358490566037736,L
statsbomb,5,223,16,2024,290,84,2305,False,53,3.2448979591836733,4.090909090909091,14.814814814814813,97.67289719626169,11,4.774535809018567,37.5,66.52500000000003,10.978043912175648,21.759326599326595,21.51363636363637,43.272962962962964,94.71698113207547,29.44297082228117,0.18867924528301888,2.339622641509434,0.0,0.0,0.6677248677248677,0.43320460792320725,-0.1273209549071618,L
statsbomb,5,223,16,2024,290,20,3565,True,58,1.9857142857142858,1.7619047619047619,33.05084745762712,90.18181818181819,20,7.348242811501597,54.54545454545454,73.22500000000001,9.7708082026538,28.61653688435197,24.50154320987654,53.11808009422851,61.13793103448276,36.42172523961661,0.15517241379310345,1.3275862068965518,0.034482758620689655,0.0,0.5297202797202797,0.3794872867086202,0.025559105431309903,W
statsbomb,5,223,16,2024,291,26,1839,False,41,12.172413793103448,16.7,8.737864077669903,138.55208333333334,9,16.517857142857142,20.0,73.37500000000003,11.607142857142858,20.650837418300654,22.96895424836601,43.619791666666664,65.63414634146342,33.035714285714285,0.21951219512195122,1.7804878048780488,0.024390243902439025,0.0,0.6008403361344538,0.41355483539477855,-0.03571428571428571,L
statsbomb,5,223,16,2024,291,37,798,True,42,1.4509803921568627,1.7083333333333333,25.333333333333336,96.65714285714286,4,1.174496644295302,37.5,61.5875,15.402985074626866,20.067708492692432,34.59770114942529,54.66540964211772,52.4390243902439,25.335570469798657,0.4523809523809524,4.071428571428571,0.023809523809523808,0.0,0.48151848151848153,0.44697146972773216,0.04194630872483222,W
statsbomb,5,223,16,2024,292,86,3564,False,70,6.137254901960785,5.551724137931035,16.312056737588655,61.333333333333336,20,6.515580736543909,35.294117647058826,83.0,11.21121121121121,17.138528946479674,21.505847953216374,38.64437689969605,176.0144927536232,40.226628895184135,0.07142857142857142,1.4857142857142858,0.0,0.0,0.5763888888888888,0.3696715105953785,0.0113314447592068,L
statsbomb,5,223,16,2024,292,24,783,True,58,0.8191489361702128,0.5263157894736842,36.80555555555556,70.57142857142857,21,2.4482109227871938,50.0,68.17499999999998,11.388140161725067,16.177389510722847,38.60606060606061,54.783450116783456,37.53448275862069,37.09981167608286,0.29310344827586204,1.9482758620689655,0.034482758620689655,0.0,0.6900709219858157,0.3681597185938482,0.011299435028248588,W
statsbomb,5,223,16,2024,293,87,3567,True,59,2.2888888888888888,1.9137931034482758,32.098765432098766,54.104651162790695,30,3.800475059382423,41.17647058823529,68.5625,19.106699751861044,14.401266589424907,33.47517730496454,47.876443894389446,74.29310344827586,28.741092636579573,0.1016949152542373,2.2711864406779663,0.0,0.0,0.5909604519774011,0.4366894954375604,-0.07125890736342043,L
statsbomb,5,223,16,2024,293,8,781,False,60,3.0615384615384613,2.0555555555555554,25.37313432835821,77.71028037383178,22,1.4000000000000001,66.66666666666666,60.31250000000001,11.156741957563312,19.191767426024025,28.040697674418606,47.23246510044263,45.08474576271186,23.599999999999998,0.13333333333333333,2.95,0.05,0.0,0.5383795309168443,0.46024071249129594,0.004,W
statsbomb,5,223,16,2024,294,40,769,True,60,1.2261904761904763,1.1025641025641026,26.153846153846157,74.87912087912088,16,3.53356890459364,58.333333333333336,77.5,11.620400258231117,11.601165383675465,35.825520833333336,47.4266862170088,54.94915254237288,41.342756183745585,0.21666666666666667,2.0833333333333335,0.016666666666666666,0.0,0.595,0.36074405681099275,0.09540636042402827,W
statsbomb,5,223,16,2024,294,31,795,False,43,2.272727272727273,2.380952380952381,20.618556701030926,105.42391304347827,34,8.656716417910449,9.090909090909092,72.17499999999998,12.10762331838565,13.28938507885876,29.29605263157895,42.58543771043771,74.73809523809524,35.82089552238806,0.023255813953488372,2.5813953488372094,0.023255813953488372,0.0,0.4732142857142857,0.3893573784510922,-0.01791044776119403,L
statsbomb,5,223,16,2024,295,23,1833,True,52,2.208955223880597,2.388888888888889,20.863309352517987,73.64601769911505,22,3.7735849056603774,81.81818181818183,70.925,11.953125,21.82485532637838,27.81034482758621,49.63520015396459,48.3,28.721174004192875,0.19230769230769232,2.6538461538461537,0.019230769230769232,0.0,0.5527472527472528,0.42074745552981885,-0.029350104821802937,D
statsbomb,5,223,16,2024,295,83,3562,False,42,3.4761904761904763,3.2,26.548672566371685,101.67796610169492,14,10.164835164835164,57.14285714285714,70.85,4.725274725274725,15.194482981871996,29.5718954248366,44.7663784067086,57.285714285714285,37.08791208791209,0.23809523809523808,2.619047619047619,0.023809523809523808,0.0,0.6254545454545455,0.3879803965347127,-0.13736263736263737,D
statsbomb,5,223,16,2024,296,18,779,True,34,2.2641509433962264,2.32,21.649484536082475,190.39743589743588,16,2.1021021021021022,84.61538461538461,75.57500000000002,14.769719428268926,13.950386334309005,28.897058823529417,42.84744515783842,89.66666666666667,31.53153153153153,0.08823529411764706,5.088235294117647,0.058823529411764705,0.0,0.5563218390804597,0.41120861872654546,-0.006006006006006006,W
statsbomb,5,223,16,2024,296,36,784,False,45,3.0144927536231885,2.7096774193548385,20.0,129.82022471910113,20,10.358565737051793,25.0,72.71249999999999,13.16931982633864,13.019335897955045,36.92424242424242,49.94357832219747,122.95555555555555,37.45019920318725,0.1111111111111111,1.488888888888889,0.022222222222222223,0.0,0.6585365853658537,0.36528849920375017,0.043824701195219126,L
statsbomb,5,223,16,2024,297,84,2305,True,61,5.116279069767442,7.45,18.867924528301888,77.375,5,4.336734693877551,44.44444444444444,73.2,12.04933586337761,22.34784005938479,17.503267973856207,39.851108033241,86.39344262295081,31.63265306122449,0.11475409836065574,2.1475409836065573,0.0,0.0,0.6311111111111111,0.4220087224204092,-0.07653061224489796,L
statsbomb,5,223,16,2024,297,85,3563,False,53,1.6363636363636365,1.196078431372549,37.39837398373984,84.97894736842105,17,2.293577981651376,57.14285714285714,73.6125,11.073825503355705,15.56255907801934,37.5514705882353,53.11402966625464,50.264150943396224,31.880733944954127,0.4339622641509434,2.2452830188679247,0.03773584905660377,0.0,0.6052910052910053,0.4056793401800577,-0.2018348623853211,W
statsbomb,5,223,16,2024,298,20,3565,False,65,3.34375,4.4,14.19753086419753,67.51282051282051,31,9.717868338557993,41.17647058823529,78.15,13.405797101449277,25.403134098565573,20.835585585585584,46.23871968415116,83.07692307692308,32.9153605015674,0.15384615384615385,1.3384615384615384,0.0,0.0,0.6157142857142858,0.39456350573461807,0.003134796238244514,D
statsbomb,5,223,16,2024,298,11,794,True,67,1.605263157894737,1.7837837837837838,26.984126984126984,66.41071428571429,15,4.185022026431718,83.33333333333334,64.1625,9.34283452098179,13.575251427705062,37.09042553191489,50.66567695961995,56.621212121212125,29.955947136563875,0.2537313432835821,1.8955223880597014,0.029850746268656716,0.0,0.5622222222222222,0.41338288840529125,0.01762114537444934,D
statsbomb,5,223,16,2024,299,86,3564,True,49,3.292307692307692,3.0,19.047619047619047,85.74193548387096,36,3.5416666666666665,47.82608695652174,70.1,15.935334872979215,13.216837857666913,27.368794326241133,40.58563218390805,79.38775510204081,27.500000000000004,0.061224489795918366,3.4285714285714284,0.02040816326530612,0.0,0.5242937853107345,0.4463731333865,0.05,L
statsbomb,5,223,16,2024,299,37,798,False,41,1.4105263157894736,0.9310344827586207,38.34586466165413,129.83157894736843,23,6.768558951965066,50.0,64.5,13.690952762209768,14.654930656654663,33.20967741935484,47.8646080760095,44.34146341463415,32.314410480349345,0.4146341463414634,3.5853658536585367,0.0,0.0,0.5895833333333333,0.4353156869028507,0.11572052401746726,W
statsbomb,5,223,16,2024,300,26,1839,True,40,1.6823529411764706,1.697674418604651,31.496062992125985,184.203125,27,5.305039787798409,68.42105263157895,61.349999999999994,8.385744234800839,19.756749561062655,29.630630630630627,49.38738019169328,53.02564102564103,32.62599469496021,0.2,2.7,0.025,0.0,0.521865889212828,0.40047554689989884,-0.021220159151193633,L
statsbomb,5,223,16,2024,300,24,783,False,66,2.753846153846154,3.161290322580645,15.822784810126583,68.63063063063063,36,6.534090909090909,29.411764705882355,76.075,12.751677852348994,18.16899250507364,28.462264150943398,46.63125665601704,64.21212121212122,28.40909090909091,0.18181818181818182,1.6666666666666667,0.015151515151515152,0.0,0.6320987654320988,0.42626438308818315,0.03125,W
statsbomb,5,223,16,2024,301,40,769,False,55,1.368421052631579,1.1016949152542372,35.714285714285715,78.31182795698925,16,5.56792873051225,28.57142857142857,67.32499999999999,11.566858080393766,19.114215251317916,29.688405797101446,48.80262104841936,79.21818181818182,34.96659242761693,0.16363636363636364,1.8363636363636364,0.01818181818181818,0.0,0.5321428571428571,0.39152951046212403,0.1358574610244989,D
statsbomb,5,223,16,2024,301,8,781,True,52,2.9857142857142858,2.870967741935484,16.16766467065868,81.8019801980198,29,4.921700223713646,61.904761904761905,70.5,11.702127659574469,12.164820401975355,29.24528301886793,41.410103420843285,103.51923076923077,31.767337807606268,0.057692307692307696,2.423076923076923,0.11538461538461539,0.0,0.5345238095238095,0.41806331467653324,0.1029082774049217,D
statsbomb,5,223,16,2024,302,87,3567,False,63,0.7156862745098039,0.6170212765957447,30.82706766917293,72.51724137931035,27,1.2302284710017575,50.0,74.475,12.230671736375157,10.299071529245943,41.82007575757576,52.1191472868217,34.435483870967744,40.421792618629176,0.19047619047619047,2.4126984126984126,0.0,0.0,0.6150793650793651,0.38896672348494354,0.21441124780316345,L
statsbomb,5,223,16,2024,302,31,795,True,61,6.7272727272727275,8.588235294117647,12.686567164179104,92.65765765765765,13,12.5,33.33333333333333,81.05000000000001,14.50980392156863,19.105144381669806,19.535,38.640144381669806,89.0,36.18421052631579,0.03278688524590164,1.6229508196721312,0.0,0.0,0.5333333333333333,0.3912043580650896,0.01644736842105263,W
statsbomb,3,55,16,2024,303,6,773,True,44,4.768115942028985,3.0652173913043477,32.8125,144.20481927710844,7,1.2455516014234875,68.75,64.9125,10.42566317088217,30.557672747615214,23.410852713178294,53.96852546079351,82.27272727272727,30.96085409252669,0.25,3.772727272727273,0.09090909090909091,0.0,0.6843537414965987,0.4313643106189433,0.19217081850533807,W
statsbomb,3,55,16,2024,303,53,914,False,50,4.728571428571429,4.357142857142857,26.31578947368421,66.66666666666667,22,0.7104795737122558,72.72727272727273,70.25,16.338207247298158,32.26550648642581,19.353658536585368,51.61916502301117,71.08,23.623445825932503,0.14,4.12,0.04,0.0,0.658695652173913,0.4610970891601328,0.010657193605683837,L
statsbomb,3,55,16,2024,304,16,770,True,36,3.2222222222222223,2.6666666666666665,26.72413793103448,109.05747126436782,14,2.4347826086956523,66.66666666666666,69.2,15.158777711204314,26.96778246263541,24.320075757575754,51.28785822021116,54.44444444444444,31.478260869565215,0.2222222222222222,4.833333333333333,0.08333333333333333,0.0,0.6588652482269504,0.41833549186603813,-0.10608695652173913,W
statsbomb,3,55,16,2024,304,1,776,False,38,3.616279069767442,2.9347826086956523,24.69879518072289,140.5463917525773,26,1.8947368421052633,50.0,75.875,12.830188679245284,20.415359368046285,27.330357142857142,47.74571651090343,60.36842105263158,32.21052631578947,0.2894736842105263,3.789473684210526,0.07894736842105263,0.0,0.6009803921568627,0.41546316054694177,0.14526315789473684,L
statsbomb,3,55,16,2024,305,13,768,True,73,2.5053763440860215,2.422222222222222,25.874125874125873,76.08759124087591,16,3.096330275229358,45.83333333333333,63.08749999999998,12.939231087226128,13.99820392373583,33.52127659574469,47.51948051948052,60.52054794520548,29.01376146788991,0.3287671232876712,3.5342465753424657,0.0,0.0,0.6262626262626263,0.4226486467479158,0.06077981651376147,W
statsbomb,3,55,16,2024,305,60,908,False,70,3.946236559139785,4.6976744186046515,20.812182741116754,104.87704918032787,27,5.642023346303502,40.0,74.9375,12.827586206896552,25.964870597825083,22.021929824561397,47.98680042238648,108.7,30.155642023346303,0.1,2.1,0.02857142857142857,0.0,0.5443548387096774,0.4248865753059975,0.07392996108949416,L
statsbomb,3,55,16,2024,306,82,2138,False,46,17.7027027027027,20.77777777777778,9.67741935483871,97.41333333333333,18,4.912280701754386,50.0,81.24999999999999,10.165184243964422,17.91621054552089,14.494708994708994,32.410919540229884,158.52173913043478,37.19298245614035,0.043478260869565216,1.826086956521739,0.0,0.0,0.5238095238095238,0.3923828348806586,0.06315789473684211,L
statsbomb,3,55,16,2024,306,4,772,True,48,0.37719298245614036,0.23943661971830985,52.066115702479344,97.02247191011236,25,0.35294117647058826,83.33333333333334,53.625000000000014,8.050161812297734,15.748872665558615,46.52873563218391,62.277608297742525,19.125,32.70588235294118,0.3958333333333333,4.1875,0.020833333333333332,0.0,0.5823361823361823,0.41214481717681695,0.11529411764705882,W
statsbomb,3,55,16,2024,307,19,771,True,43,2.1025641025641026,1.5,31.007751937984494,83.88524590163935,15,0.6182380216383307,40.0,71.125,10.793650793650794,34.6613590841119,22.485042735042732,57.14640181915463,49.55813953488372,35.08500772797527,0.3023255813953488,3.697674418604651,0.0,0.0,0.5198587819947044,0.39113604773569177,0.015455950540958269,W
statsbomb,3,55,16,2024,307,22,782,False,39,8.3,7.125,20.930232558139537,237.16883116883116,13,3.256704980842912,84.0,56.824999999999996,12.741046831955924,18.886242447404822,20.93421052631579,39.82045297372061,77.21052631578948,27.011494252873565,0.1794871794871795,4.384615384615385,0.02564102564102564,0.0,0.6526402640264026,0.4479148533995331,0.08045977011494253,L
statsbomb,3,55,16,2024,308,15,780,True,80,2.2586206896551726,1.4848484848484849,25.892857142857146,58.4,13,0.831353919239905,38.46153846153847,62.52499999999999,12.013536379018612,19.08298740832987,34.2790404040404,53.36202781237027,47.7875,39.548693586698334,0.325,2.1625,0.025,0.0,0.586405529953917,0.3601110198289439,0.035629453681710214,D
statsbomb,3,55,16,2024,308,80,944,False,70,5.679012345679013,4.7368421052631575,14.883720930232558,105.84892086330935,23,13.753581661891118,23.809523809523807,77.6,9.62800875273523,22.369255123694078,21.27572016460905,43.64497528830313,97.57142857142857,33.5243553008596,0.11428571428571428,1.4857142857142858,0.02857142857142857,0.0,0.5295031055900621,0.39520300544665776,-0.1346704871060172,D
statsbomb,3,55,16,2024,309,81,905,True,35,4.507692307692308,4.928571428571429,17.80821917808219,124.5,14,6.918238993710692,29.166666666666668,65.45,11.015911872705018,29.19941939448829,16.177966101694917,45.37738549618321,130.94117647058823,34.276729559748425,0.22857142857142856,2.6857142857142855,0.05714285714285714,0.0,0.5366666666666666,0.4001273785733461,0.1540880503144654,L
statsbomb,3,55,16,2024,309,27,941,False,53,3.0,2.7083333333333335,24.0,60.09183673469388,2,1.9677996422182469,66.66666666666666,54.775000000000006,17.048346055979643,24.29462719298246,28.80625,53.10087719298246,44.54716981132076,27.191413237924866,0.32075471698113206,3.4150943396226414,0.03773584905660377,0.0,0.5528756957328386,0.4500475055868849,-0.1556350626118068,W
statsbomb,3,55,16,2024,310,52,909,False,55,7.352941176470588,9.904761904761905,11.627906976744185,90.87272727272727,37,6.557377049180328,46.15384615384615,74.8375,9.198312236286919,22.49886877828053,21.442307692307693,43.941176470588225,86.92592592592592,39.812646370023415,0.14545454545454545,1.9454545454545455,0.03636363636363636,0.0,0.4797202797202797,0.3687054856915909,0.11007025761124122,W
statsbomb,3,55,16,2024,310,56,915,True,75,1.7701149425287357,1.3269230769230769,35.76642335766424,69.64028776978417,15,0.9554140127388535,75.0,75.05,13.82857142857143,13.639440221471467,41.222972972972975,54.86241319444444,52.0945945945946,32.961783439490446,0.30666666666666664,2.8933333333333335,0.06666666666666667,0.0,0.5992481203007519,0.42270783843866766,-0.12579617834394904,L
statsbomb,3,55,16,2024,311,16,770,False,66,3.5476190476190474,4.108108108108108,16.939890710382514,97.65873015873017,30,1.8320610687022902,45.45454545454545,73.375,10.350492880613363,23.485263907632334,26.412037037037035,49.89730094466937,47.81818181818182,28.854961832061072,0.4393939393939394,2.9696969696969697,0.015151515151515152,0.0,0.6076388888888888,0.42488878427625376,-0.05801526717557252,L
statsbomb,3,55,16,2024,311,4,772,True,73,2.9727272727272727,2.838709677419355,28.87700534759358,90.11926605504587,26,4.455445544554455,35.714285714285715,53.625,12.077012835472578,26.437740250872483,23.832107843137255,50.26984809400974,67.42465753424658,25.577557755775576,0.1643835616438356,2.7534246575342465,0.0136986301369863,0.0,0.5207207207207207,0.4691664832264192,0.09570957095709572,W
statsbomb,3,55,16,2024,312,13,768,True,53,3.2427184466019416,2.9056603773584904,26.02040816326531,111.31067961165049,36,2.710027100271003,26.08695652173913,81.6875,10.881078478574867,33.29390569395017,20.679166666666667,53.97307236061684,78.41509433962264,32.65582655826558,0.33962264150943394,3.6792452830188678,0.0,0.0,0.5696969696969697,0.40221897777877846,0.006775067750677507,D
statsbomb,3,55,16,2024,312,6,773,False,47,4.41747572815534,4.178571428571429,27.89473684210526,151.79761904761904,24,1.4858841010401187,60.0,72.0,13.26530612244898,22.19288519743173,26.760057471264368,48.952942668696096,102.36170212765957,30.75780089153046,0.3191489361702128,4.0,0.0,0.0,0.7048387096774194,0.41221586528807097,0.05200594353640416,D
statsbomb,5,223,16,2024,313,20,3565,False,46,3.1639344262295084,3.1333333333333333,20.51282051282051,111.51136363636364,16,5.597964376590331,58.333333333333336,70.3375,8.982584784601283,15.857880273321442,26.563131313131315,42.42101158645276,94.30434782608695,36.6412213740458,0.21739130434782608,2.4347826086956523,0.021739130434782608,0.0,0.6112412177985949,0.3848203743970193,0.10432569974554708,D
statsbomb,5,223,16,2024,313,18,779,True,45,2.1451612903225805,1.7741935483870968,29.213483146067414,119.94444444444444,8,5.985037406483791,30.0,66.8125,10.479573712255773,15.880113141862488,33.166666666666664,49.04677980852915,66.24444444444444,33.66583541147132,0.13333333333333333,2.466666666666667,0.044444444444444446,0.0,0.6094470046082949,0.41087158169780436,-0.1596009975062344,D
statsbomb,5,223,16,2024,314,23,1833,False,69,3.8448275862068964,4.923076923076923,15.753424657534246,53.976190476190474,27,8.638743455497382,8.333333333333332,76.47500000000001,11.386138613861387,21.01909437146506,25.45899470899471,46.47808908045977,43.492753623188406,34.55497382198953,0.10144927536231885,1.5942028985507246,0.014492753623188406,0.0,0.6976516634050881,0.39479860771646513,0.12303664921465969,D
statsbomb,5,223,16,2024,314,85,3563,True,70,1.88,1.7222222222222223,22.727272727272727,53.61842105263158,29,6.471816283924843,28.57142857142857,61.337500000000006,8.667736757624397,20.801866071737397,28.58695652173913,49.388822593476526,67.44285714285714,32.5678496868476,0.21428571428571427,1.8285714285714285,0.02857142857142857,0.0,0.5753846153846154,0.39036658476372,0.04592901878914405,D
statsbomb,3,55,16,2024,315,19,771,False,50,6.53125,4.846153846153846,29.411764705882355,163.37974683544303,7,0.64,52.63157894736842,64.2875,10.333333333333334,29.588159829130962,23.777322404371585,53.36548223350255,82.22,25.44,0.24,3.24,0.06,0.0,0.5582922824302134,0.43865248999645556,0.0208,D
statsbomb,3,55,16,2024,315,15,780,True,54,5.80327868852459,5.394736842105263,23.776223776223777,119.20192307692308,15,0.9708737864077669,68.18181818181817,68.0375,12.833020637898688,27.39152840623429,21.11111111111111,48.5026395173454,65.4074074074074,34.95145631067961,0.3888888888888889,4.222222222222222,0.05555555555555555,0.0,0.5881126173096975,0.3898733812178413,0.06472491909385113,D
statsbomb,3,55,16,2024,316,52,909,False,58,7.163265306122449,5.032258064516129,16.428571428571427,118.25581395348837,29,6.0606060606060606,42.857142857142854,76.325,11.140350877192983,19.22339254429111,25.77836879432624,45.00176133861735,57.44827586206897,37.878787878787875,0.22413793103448276,1.8103448275862069,0.0,0.0,0.5952380952380952,0.3831072377697564,-0.12626262626262627,L
statsbomb,3,55,16,2024,316,27,941,True,42,2.2388059701492535,1.4634146341463414,34.31372549019608,113.58666666666667,9,1.9332161687170473,58.333333333333336,65.87499999999999,14.736842105263156,29.982083972937627,24.984848484848488,54.966932457786115,69.0,33.04042179261863,0.19047619047619047,4.023809523809524,0.07142857142857142,0.0,0.6203921568627451,0.41768746442515836,-0.054481546572934976,W
statsbomb,5,223,16,2024,317,8,781,False,49,2.246153846153846,2.4642857142857144,20.967741935483872,83.35897435897436,17,4.0,70.0,64.875,11.4853195164076,19.642976767058205,24.831521739130434,44.47449850618864,144.89795918367346,26.35294117647059,0.08163265306122448,2.877551020408163,0.0,0.0,0.6822344322344323,0.4453414498613103,0.047058823529411764,D
statsbomb,5,223,16,2024,317,24,783,True,63,1.319672131147541,1.0333333333333334,22.93577981651376,58.39772727272727,49,4.25531914893617,0.0,70.08750000000002,13.451776649746192,13.313067784765906,37.67767295597484,50.99074074074075,73.82539682539682,28.723404255319153,0.07936507936507936,1.4126984126984128,0.015873015873015872,0.0,0.6666666666666666,0.4261053996971589,-0.21631205673758866,D
statsbomb,5,223,16,2024,318,40,769,True,31,1.8021978021978022,1.6923076923076923,33.56164383561644,203.17977528089887,17,7.021791767554479,38.46153846153847,69.8,13.234005258545137,22.17162162162162,21.958333333333332,44.129954954954954,88.06451612903226,31.234866828087167,0.3225806451612903,3.7096774193548385,0.0967741935483871,0.0,0.48142857142857143,0.414626083081867,0.004842615012106538,W
statsbomb,5,223,16,2024,318,37,798,False,64,1.5,1.0677966101694916,36.496350364963504,50.69879518072289,24,3.2432432432432434,62.5,79.75,12.298959318826869,17.9933489350156,30.876190476190477,48.86953941120608,60.203125,34.32432432432432,0.1875,1.40625,0.015625,0.0,0.4930232558139535,0.3910836058294014,0.04054054054054054,L
statsbomb,3,55,16,2024,319,19,771,False,37,3.5,2.510204081632653,24.418604651162788,111.60919540229885,26,2.5445292620865136,70.58823529411765,72.25000000000001,9.854014598540147,24.389514207475376,26.67948717948718,51.069001386962555,56.833333333333336,36.895674300254456,0.6216216216216216,2.7027027027027026,0.0,0.0,0.573076923076923,0.38679500381178866,-0.15521628498727735,L
statsbomb,3,55,16,2024,319,4,772,True,42,2.943661971830986,2.4782608695652173,35.199999999999996,119.27777777777777,16,1.8450184501845017,61.904761904761905,74.42499999999998,12.523839796567069,27.602032503628244,22.230496453900713,49.83252895752896,55.5609756097561,34.31734317343174,0.23809523809523808,3.642857142857143,0.0,0.0,0.6415686274509804,0.4174222283726363,0.2177121771217712,W
statsbomb,5,223,16,2024,320,23,1833,False,49,1.1009174311926606,0.8524590163934426,31.41025641025641,113.8,25,2.515723270440252,53.84615384615385,66.8375,13.383458646616543,4.63414291981676,41.47297297297297,46.10711589278973,70.48979591836735,24.947589098532493,0.12244897959183673,3.204081632653061,0.0,0.0,0.5472527472527473,0.4581428122866926,0.0020964360587002098,L
statsbomb,5,223,16,2024,320,18,779,True,41,2.2954545454545454,2.125,21.666666666666668,111.62352941176471,47,3.3596837944664033,50.0,60.525,8.701754385964913,3.2258724565192693,34.25657894736842,37.48245140388769,81.61538461538461,25.296442687747035,0.04878048780487805,3.8048780487804876,0.12195121951219512,0.0,0.645,0.4648885926357069,-0.22529644268774704,W
statsbomb,3,55,16,2024,321,13,768,False,35,3.210526315789474,2.9310344827586206,33.33333333333333,130.768115942029,8,1.288244766505636,50.0,57.875,18.47640704945992,21.94745762711865,29.929166666666664,51.87662429378531,55.17142857142857,28.824476650563607,0.2857142857142857,5.457142857142857,0.17142857142857143,0.0,0.5740890688259109,0.452372109703272,0.2689210950080515,W
statsbomb,3,55,16,2024,321,27,941,True,36,11.03448275862069,13.272727272727273,9.473684210526317,136.51785714285714,11,2.9279279279279278,61.111111111111114,58.1875,11.234177215189874,20.61275241566857,23.909523809523808,44.52227622519238,95.86111111111111,22.972972972972975,0.16666666666666666,4.444444444444445,0.027777777777777776,0.0,0.5594405594405595,0.4804759140747995,-0.20270270270270271,L
statsbomb,5,223,16,2024,322,40,769,False,44,3.038961038961039,3.0444444444444443,26.42857142857143,114.41666666666667,22,13.815789473684212,29.166666666666668,64.0,7.8431372549019605,17.763144382830152,30.305555555555554,48.068699938385706,38.166666666666664,31.57894736842105,0.13636363636363635,2.272727272727273,0.0,0.0,0.5333333333333333,0.4206923014430708,0.09210526315789473,W
statsbomb,5,223,16,2024,322,24,783,True,58,2.3559322033898304,2.3333333333333335,18.181818181818183,123.86021505376344,29,4.130434782608695,73.33333333333333,67.7,10.149488591660111,21.51099468713105,29.2172619047619,50.72825659189295,53.310344827586206,33.26086956521739,0.27586206896551724,2.2241379310344827,0.1206896551724138,0.0,0.6465753424657534,0.42134219449514343,-0.1108695652173913,L
statsbomb,3,55,16,2024,323,13,768,False,38,4.223684210526316,3.85,21.686746987951807,150.28571428571428,18,6.481481481481481,27.77777777777778,70.72500000000001,9.903121636167922,23.529274988220354,22.218553459119494,45.74782844733985,62.2972972972973,32.098765432098766,0.18421052631578946,2.6578947368421053,0.02631578947368421,0.0,0.44047619047619047,0.42838477748627946,-0.15123456790123457,L
statsbomb,3,55,16,2024,323,4,772,True,40,1.431578947368421,1.1833333333333333,34.78260869565217,113.425,31,1.854974704890388,53.84615384615385,68.25000000000001,13.799283154121863,21.310111011101114,29.133333333333333,50.44344434443445,56.0,29.34232715008432,0.3,4.15,0.025,0.0,0.5338827838827839,0.41979786373807026,0.013490725126475547,W
statsbomb,5,223,16,2024,324,23,1833,True,66,1.0467289719626167,0.9322033898305084,33.108108108108105,71.3103448275862,23,5.291005291005291,55.55555555555556,69.76250000000002,9.56175298804781,21.663669774554783,31.614942528735632,53.278612303290416,81.63636363636364,35.978835978835974,0.24242424242424243,1.4848484848484849,0.015151515151515152,0.0,0.5725490196078431,0.38205634941438626,-0.10582010582010581,D
statsbomb,5,223,16,2024,324,24,783,False,55,2.7466666666666666,2.9473684210526314,19.101123595505616,99.62162162162163,33,5.7534246575342465,43.75,72.55,8.188824662813103,19.587048954263388,22.732456140350877,42.319505094614264,64.38181818181818,37.26027397260274,0.18181818181818182,1.8,0.09090909090909091,0.0,0.6242424242424243,0.36781230009130095,0.024657534246575342,D
statsbomb,5,223,16,2024,325,40,769,False,61,2.4578313253012047,2.4358974358974357,18.633540372670808,81.175,23,4.09711684370258,50.0,72.55000000000003,15.397350993377485,18.84966157872363,29.400406504065042,48.25006808278867,61.166666666666664,27.921092564491655,0.21311475409836064,3.5901639344262297,0.01639344262295082,0.0,0.5835755813953488,0.4398449262480687,0.05614567526555387,L
statsbomb,5,223,16,2024,325,18,779,True,44,5.5,4.592592592592593,16.129032258064516,149.75213675213675,22,2.793296089385475,55.00000000000001,56.15000000000002,14.647137150466044,14.799963786639406,30.914930555555554,45.71489434219496,73.04878048780488,26.443202979515828,0.20454545454545456,4.2727272727272725,0.06818181818181818,0.0,0.5072916666666667,0.447308068471604,-0.0037243947858473,W
